task_id,date,operator_id,machine_id,site_id,task_type,environmental_condition,terrain_type,priority,status,scheduled_duration_min,actual_duration_min,overrun_min,idle_pct,seatbelt_compliance_pct,proximity_alert_count,unsafe_event_count,avg_speed_kmph,max_speed_kmph,avg_engine_temp_c,avg_vibration
TSK-00001,2026-08-24,OP-001,MC-002,SITE-C,Demolition,Dust Storm,Rocky,High,Scheduled,73.0,58.0,-15.0,6.8,100.0,0,0,7.0644067796610175,13.5,85.21525423728814,3.0013559322033903
TSK-00002,2026-08-24,OP-001,MC-009,SITE-A,Excavation,Rain,Rocky,Low,Scheduled,85.0,80.0,-5.0,1.2,100.0,1,0,7.837037037037036,15.0,84.27654320987654,2.9895061728395063
TSK-00003,2026-08-24,OP-001,MC-010,SITE-A,Trenching,Clear,Rocky,Low,Scheduled,89.0,70.0,-19.0,1.4,100.0,0,0,7.922535211267606,12.6,85.0887323943662,2.900985915492958
TSK-00004,2026-08-24,OP-002,MC-003,SITE-B,Material Loading,Rain,Soft Soil,High,Scheduled,112.0,133.0,21.0,19.4,100.0,0,0,6.199253731343284,16.4,84.35746268656716,2.9617910447761195
TSK-00005,2026-08-24,OP-002,MC-003,SITE-B,Grading,Clear,Rocky,High,Scheduled,95.0,124.0,29.0,23.2,100.0,0,0,6.1376,15.7,83.7328,2.92216
TSK-00006,2026-08-24,OP-003,MC-009,SITE-A,Grading,Dust Storm,Rocky,Medium,Scheduled,64.0,61.0,-3.0,3.2,100.0,3,0,8.596774193548388,17.8,83.63225806451612,2.92758064516129
TSK-00007,2026-08-24,OP-004,MC-006,SITE-B,Demolition,Dust Storm,Rocky,Low,Scheduled,74.0,67.0,-7.0,5.9,100.0,0,0,7.541176470588234,15.8,84.30882352941177,3.2155882352941174
TSK-00008,2026-08-24,OP-004,MC-004,SITE-D,Trenching,Clear,Hard Soil,Low,Scheduled,63.0,56.0,-7.0,3.5,100.0,1,1,8.068421052631578,16.0,83.50526315789475,3.2907017543859647
TSK-00009,2026-08-24,OP-005,MC-008,SITE-D,Material Loading,Clear,Hard Soil,High,Scheduled,86.0,50.0,-36.0,2.0,100.0,0,0,8.468627450980392,14.6,83.62941176470589,3.0294117647058822
TSK-00010,2026-08-24,OP-005,MC-007,SITE-A,Excavation,Dust Storm,Hard Soil,High,Scheduled,66.0,75.0,9.0,5.3,100.0,1,0,8.257894736842106,17.4,84.52894736842104,3.062763157894737
TSK-00011,2026-08-24,OP-006,MC-010,SITE-A,Trenching,Clear,Muddy,High,Scheduled,64.0,67.0,3.0,8.8,100.0,1,0,7.276470588235294,14.0,83.88088235294117,2.926764705882353
TSK-00012,2026-08-24,OP-007,MC-006,SITE-A,Demolition,Rain,Rocky,Low,Scheduled,138.0,163.0,25.0,22.6,100.0,0,0,6.460975609756097,14.8,84.29268292682927,2.9546951219512194
TSK-00013,2026-08-24,OP-007,MC-001,SITE-D,Grading,Clear,Rocky,High,Scheduled,114.0,169.0,55.0,22.9,100.0,0,0,6.141176470588236,14.5,85.0264705882353,2.951294117647059
TSK-00014,2026-08-24,OP-008,MC-002,SITE-C,Demolition,Rain,Hard Soil,Medium,Scheduled,128.0,95.0,-33.0,5.2,100.0,2,0,7.510416666666667,17.3,85.93958333333335,3.035833333333333
TSK-00015,2026-08-24,OP-009,MC-004,SITE-C,Trenching,Clear,Rocky,Medium,Scheduled,81.0,85.0,4.0,8.1,0.0,0,1,7.02906976744186,15.3,84.80116279069767,3.0645348837209303
TSK-00016,2026-08-24,OP-010,MC-009,SITE-B,Demolition,High Wind,Soft Soil,High,Scheduled,89.0,100.0,11.0,4.0,100.0,0,0,7.752475247524752,16.8,84.76336633663367,3.170990099009901
TSK-00017,2026-08-24,OP-011,MC-009,SITE-B,Grading,Rain,Hard Soil,Medium,Scheduled,39.0,50.0,11.0,31.4,100.0,1,0,5.3999999999999995,12.8,85.31568627450982,3.0258823529411765
TSK-00018,2026-08-24,OP-011,MC-008,SITE-B,Demolition,Rain,Hard Soil,High,Scheduled,100.0,117.0,17.0,18.6,100.0,0,0,6.470338983050848,14.7,84.51525423728813,2.941186440677966
TSK-00019,2026-08-24,OP-011,MC-005,SITE-D,Material Loading,Clear,Muddy,Low,Scheduled,89.0,101.0,12.0,28.4,100.0,0,0,5.902941176470589,16.9,86.92941176470588,2.8937254901960787
TSK-00020,2026-08-24,OP-012,MC-008,SITE-A,Material Loading,Clear,Hard Soil,High,Scheduled,60.0,61.0,1.0,3.2,100.0,1,0,7.188709677419355,12.4,84.90322580645162,3.2979032258064516
TSK-00021,2026-08-24,OP-013,MC-006,SITE-A,Excavation,Clear,Soft Soil,Medium,Scheduled,73.0,77.0,4.0,1.3,100.0,1,1,7.671794871794871,12.9,85.03589743589744,2.978076923076923
TSK-00022,2026-08-24,OP-014,MC-006,SITE-C,Trenching,Clear,Hard Soil,High,Scheduled,104.0,72.0,-32.0,4.1,100.0,0,0,7.561643835616438,13.5,83.96438356164383,2.8073972602739725
TSK-00023,2026-08-24,OP-015,MC-001,SITE-D,Trenching,Clear,Soft Soil,High,Scheduled,117.0,115.0,-2.0,3.4,100.0,0,0,7.789655172413793,14.3,84.67672413793103,2.8738793103448277
TSK-00024,2026-08-24,OP-015,MC-007,SITE-C,Trenching,Clear,Soft Soil,High,Scheduled,120.0,108.0,-12.0,8.3,100.0,1,1,7.521100917431192,15.8,83.77247706422018,2.9292660550458716
TSK-00025,2026-08-24,OP-015,MC-008,SITE-A,Trenching,Rain,Soft Soil,Low,Scheduled,94.0,93.0,-1.0,5.3,100.0,0,0,8.296808510638298,18.7,85.35957446808511,3.023191489361702
TSK-00026,2026-08-25,OP-001,MC-007,SITE-D,Grading,Clear,Rocky,Medium,Scheduled,107.0,119.0,12.0,2.5,100.0,3,1,7.802499999999999,14.2,85.625,3.0930000000000004
TSK-00027,2026-08-25,OP-002,MC-001,SITE-D,Demolition,Clear,Soft Soil,Low,Scheduled,85.0,103.0,18.0,22.1,100.0,1,1,6.250961538461539,14.9,85.71634615384616,3.033173076923077
TSK-00028,2026-08-25,OP-003,MC-002,SITE-D,Trenching,Clear,Muddy,Low,Scheduled,114.0,121.0,7.0,4.9,100.0,0,0,7.987704918032787,15.2,84.65819672131147,3.1861475409836064
TSK-00029,2026-08-25,OP-004,MC-001,SITE-A,Trenching,Clear,Muddy,Medium,Scheduled,146.0,176.0,30.0,5.1,100.0,2,0,7.8423728813559315,18.8,85.1135593220339,2.9568926553672314
TSK-00030,2026-08-25,OP-005,MC-003,SITE-B,Grading,Clear,Soft Soil,High,Scheduled,57.0,56.0,-1.0,0.0,100.0,0,0,7.559649122807017,14.7,84.15964912280702,3.088421052631579
TSK-00031,2026-08-25,OP-005,MC-002,SITE-C,Excavation,Clear,Muddy,High,Scheduled,104.0,94.0,-10.0,6.3,100.0,0,0,7.1294736842105255,13.8,85.13052631578947,3.0186315789473683
TSK-00032,2026-08-25,OP-005,MC-002,SITE-A,Demolition,Clear,Hard Soil,Low,Scheduled,62.0,71.0,9.0,6.9,100.0,0,0,7.658333333333333,15.1,86.9361111111111,3.045
TSK-00033,2026-08-25,OP-006,MC-001,SITE-D,Excavation,High Wind,Hard Soil,High,Scheduled,74.0,52.0,-22.0,5.7,100.0,0,0,8.666037735849057,15.5,84.07358490566037,2.8526415094339623
TSK-00034,2026-08-25,OP-007,MC-008,SITE-D,Demolition,Clear,Rocky,Medium,Scheduled,122.0,147.0,25.0,27.7,100.0,0,0,5.75472972972973,15.6,84.45135135135135,3.0962837837837838
TSK-00035,2026-08-25,OP-008,MC-009,SITE-B,Material Loading,Clear,Rocky,Medium,Scheduled,121.0,98.0,-23.0,9.1,100.0,1,0,7.692929292929293,16.0,84.18383838383839,3.125252525252525
TSK-00036,2026-08-25,OP-009,MC-006,SITE-A,Trenching,Rain,Soft Soil,Low,Scheduled,92.0,75.0,-17.0,5.3,100.0,0,0,7.6000000000000005,15.0,85.64078947368421,2.8925
TSK-00037,2026-08-25,OP-009,MC-010,SITE-C,Grading,High Wind,Soft Soil,Low,Scheduled,77.0,68.0,-9.0,1.4,100.0,1,0,7.2043478260869565,14.8,85.3695652173913,2.9721739130434783
TSK-00038,2026-08-25,OP-010,MC-007,SITE-B,Trenching,Dust Storm,Rocky,High,Scheduled,73.0,78.0,5.0,6.3,100.0,2,0,7.425316455696203,13.9,83.30759493670887,3.147848101265823
TSK-00039,2026-08-25,OP-010,MC-009,SITE-C,Excavation,High Wind,Hard Soil,Medium,Scheduled,113.0,123.0,10.0,4.8,100.0,0,0,7.336290322580646,15.8,84.70645161290322,2.99241935483871
TSK-00040,2026-08-25,OP-011,MC-003,SITE-B,Material Loading,Clear,Hard Soil,High,Scheduled,70.0,75.0,5.0,32.9,100.0,0,0,5.00921052631579,13.4,86.11447368421052,3.2578947368421054
TSK-00041,2026-08-25,OP-012,MC-004,SITE-C,Demolition,Clear,Soft Soil,Low,Scheduled,115.0,100.0,-15.0,2.0,100.0,1,0,7.703960396039604,15.4,87.15742574257425,3.0331683168316834
TSK-00042,2026-08-25,OP-012,MC-010,SITE-C,Excavation,Clear,Hard Soil,High,Scheduled,142.0,162.0,20.0,4.9,100.0,1,0,7.408588957055215,14.3,84.65398773006135,3.072883435582822
TSK-00043,2026-08-25,OP-013,MC-010,SITE-D,Demolition,Rain,Soft Soil,Low,Scheduled,102.0,81.0,-21.0,3.7,100.0,0,0,7.429268292682927,14.6,85.15731707317073,3.1792682926829268
TSK-00044,2026-08-25,OP-013,MC-004,SITE-B,Demolition,Clear,Rocky,High,Scheduled,82.0,78.0,-4.0,2.5,100.0,1,0,8.060759493670885,16.8,83.63291139240506,3.1222784810126583
TSK-00045,2026-08-25,OP-014,MC-006,SITE-B,Excavation,Clear,Soft Soil,Medium,Scheduled,146.0,144.0,-2.0,4.8,100.0,0,0,7.402068965517241,14.8,83.94896551724138,3.0430344827586207
TSK-00046,2026-08-25,OP-015,MC-001,SITE-A,Material Loading,Rain,Muddy,High,Scheduled,185.0,144.0,-41.0,3.4,100.0,0,0,7.748275862068965,16.2,86.34827586206896,2.9968275862068965
TSK-00047,2026-08-26,OP-001,MC-005,SITE-B,Grading,Dust Storm,Soft Soil,Low,Scheduled,92.0,60.0,-32.0,6.6,100.0,0,0,7.8786885245901646,14.4,85.00655737704918,2.8047540983606556
TSK-00048,2026-08-26,OP-002,MC-009,SITE-B,Material Loading,Clear,Soft Soil,Medium,Scheduled,85.0,131.0,46.0,25.0,100.0,0,0,6.26439393939394,15.7,85.28484848484848,3.034848484848485
TSK-00049,2026-08-26,OP-002,MC-006,SITE-D,Grading,Clear,Muddy,Medium,Scheduled,107.0,122.0,15.0,26.0,100.0,0,0,6.032520325203252,15.8,85.53495934959349,3.1320325203252035
TSK-00050,2026-08-26,OP-003,MC-007,SITE-B,Excavation,Rain,Muddy,Medium,Scheduled,56.0,46.0,-10.0,6.4,100.0,0,0,7.314893617021277,13.9,84.32127659574468,3.0991489361702125
TSK-00051,2026-08-26,OP-003,MC-008,SITE-A,Material Loading,Clear,Muddy,High,Scheduled,128.0,136.0,8.0,6.6,100.0,2,0,7.275182481751825,15.1,84.44014598540146,3.0258394160583943
TSK-00052,2026-08-26,OP-004,MC-003,SITE-A,Material Loading,Clear,Rocky,Low,Scheduled,112.0,97.0,-15.0,5.1,100.0,0,0,7.695918367346939,15.9,86.3969387755102,3.0092857142857143
TSK-00053,2026-08-26,OP-004,MC-005,SITE-D,Material Loading,Rain,Rocky,Medium,Scheduled,108.0,96.0,-12.0,1.0,100.0,0,0,8.106185567010309,15.2,86.75670103092783,3.140515463917526
TSK-00054,2026-08-26,OP-005,MC-008,SITE-B,Material Loading,Clear,Muddy,Low,Scheduled,80.0,58.0,-22.0,5.1,100.0,3,0,7.657627118644068,14.5,86.25762711864407,3.2732203389830508
TSK-00055,2026-08-26,OP-006,MC-002,SITE-D,Excavation,High Wind,Rocky,High,Scheduled,187.0,143.0,-44.0,6.2,100.0,1,0,7.390277777777778,15.6,85.36111111111111,2.9522222222222223
TSK-00056,2026-08-26,OP-007,MC-005,SITE-C,Demolition,Clear,Muddy,Medium,Scheduled,123.0,126.0,3.0,31.5,100.0,1,1,5.445669291338583,22.3,84.86771653543308,2.943070866141732
TSK-00057,2026-08-26,OP-007,MC-009,SITE-C,Demolition,Clear,Muddy,High,Scheduled,154.0,232.0,78.0,21.0,100.0,0,0,6.583690987124464,15.3,85.18197424892705,2.8618884120171675
TSK-00058,2026-08-26,OP-008,MC-004,SITE-C,Trenching,Clear,Soft Soil,Medium,Scheduled,102.0,109.0,7.0,7.3,100.0,2,0,8.201818181818183,17.8,84.84454545454545,3.0135454545454547
TSK-00059,2026-08-26,OP-008,MC-003,SITE-B,Trenching,Rain,Rocky,Medium,Scheduled,73.0,76.0,3.0,2.6,100.0,1,0,8.076623376623376,13.9,84.68051948051948,3.1155844155844155
TSK-00060,2026-08-26,OP-008,MC-009,SITE-D,Grading,Clear,Hard Soil,High,Scheduled,80.0,73.0,-7.0,8.1,100.0,1,0,6.947297297297298,15.1,84.58378378378379,2.776081081081081
TSK-00061,2026-08-26,OP-009,MC-002,SITE-C,Excavation,Dust Storm,Hard Soil,High,Scheduled,103.0,105.0,2.0,5.7,100.0,1,0,7.0783018867924525,15.8,84.51603773584907,2.994622641509434
TSK-00062,2026-08-26,OP-010,MC-004,SITE-B,Grading,Clear,Hard Soil,Medium,Scheduled,72.0,77.0,5.0,3.8,100.0,1,1,7.975641025641026,15.0,85.7551282051282,2.98948717948718
TSK-00063,2026-08-26,OP-010,MC-008,SITE-D,Trenching,Dust Storm,Hard Soil,High,Scheduled,45.0,37.0,-8.0,0.0,100.0,0,0,8.021052631578948,14.7,84.88157894736842,3.2426315789473685
TSK-00064,2026-08-26,OP-011,MC-007,SITE-D,Grading,Clear,Soft Soil,Low,Scheduled,91.0,117.0,26.0,20.3,100.0,0,0,6.8338983050847455,14.0,85.00932203389831,3.080593220338983
TSK-00065,2026-08-26,OP-011,MC-002,SITE-B,Grading,Dust Storm,Muddy,Low,Scheduled,101.0,129.0,28.0,23.8,100.0,1,1,6.5176923076923075,19.1,84.1746153846154,3.099076923076923
TSK-00066,2026-08-26,OP-011,MC-010,SITE-A,Trenching,Clear,Muddy,High,Scheduled,133.0,161.0,28.0,20.4,100.0,1,1,6.4753086419753085,28.1,83.91358024691358,2.9171604938271605
TSK-00067,2026-08-26,OP-012,MC-001,SITE-D,Demolition,Clear,Hard Soil,High,Scheduled,68.0,72.0,4.0,6.8,100.0,0,0,7.621917808219178,16.2,83.44520547945206,2.996986301369863
TSK-00068,2026-08-26,OP-012,MC-006,SITE-D,Material Loading,Rain,Rocky,High,Scheduled,80.0,85.0,5.0,9.3,100.0,0,0,7.280232558139535,16.1,84.63488372093023,3.120116279069767
TSK-00069,2026-08-26,OP-013,MC-002,SITE-C,Trenching,Clear,Rocky,Low,Scheduled,40.0,34.0,-6.0,0.0,100.0,0,0,8.182857142857141,15.9,86.79714285714286,3.328
TSK-00070,2026-08-26,OP-013,MC-009,SITE-C,Material Loading,Dust Storm,Soft Soil,Low,Scheduled,94.0,114.0,20.0,2.6,100.0,1,0,7.762608695652174,16.1,85.72086956521738,3.2844347826086953
TSK-00071,2026-08-26,OP-013,MC-004,SITE-B,Trenching,Rain,Hard Soil,Low,Scheduled,121.0,91.0,-30.0,5.4,100.0,0,0,7.854347826086957,17.4,83.9108695652174,2.733478260869565
TSK-00072,2026-08-26,OP-014,MC-008,SITE-C,Demolition,Clear,Soft Soil,Low,Scheduled,100.0,120.0,20.0,5.8,100.0,0,0,7.901652892561984,13.7,85.75537190082645,3.048512396694215
TSK-00073,2026-08-26,OP-014,MC-004,SITE-D,Demolition,High Wind,Soft Soil,High,Scheduled,147.0,116.0,-31.0,6.0,100.0,0,0,8.048717948717949,15.9,84.54615384615384,2.8652991452991454
TSK-00074,2026-08-26,OP-014,MC-002,SITE-D,Excavation,High Wind,Rocky,Medium,Scheduled,99.0,75.0,-24.0,7.9,100.0,1,0,7.34078947368421,15.8,86.84210526315789,3.0135526315789476
TSK-00075,2026-08-26,OP-015,MC-001,SITE-D,Grading,Clear,Muddy,Low,Scheduled,82.0,63.0,-19.0,3.1,100.0,2,0,7.428125,14.2,83.8375,3.08796875
TSK-00076,2026-08-26,OP-015,MC-005,SITE-C,Trenching,Rain,Muddy,Low,Scheduled,102.0,107.0,5.0,0.9,100.0,0,0,7.881481481481482,16.3,85.15370370370371,3.0275925925925926
TSK-00077,2026-08-26,OP-015,MC-001,SITE-D,Demolition,Clear,Soft Soil,Low,Scheduled,130.0,130.0,0.0,3.8,100.0,3,0,7.73969465648855,14.5,84.8206106870229,2.8131297709923664
TSK-00078,2026-08-27,OP-001,MC-001,SITE-D,Grading,Clear,Muddy,Medium,Scheduled,96.0,98.0,2.0,5.1,100.0,0,0,7.6313131313131315,14.4,85.01010101010101,2.9714141414141415
TSK-00079,2026-08-27,OP-001,MC-004,SITE-D,Material Loading,Clear,Muddy,Medium,Scheduled,30.0,29.0,-1.0,3.3,100.0,0,0,7.36,13.6,85.33999999999999,2.7700000000000005
TSK-00080,2026-08-27,OP-001,MC-003,SITE-C,Excavation,Clear,Soft Soil,Medium,Scheduled,123.0,96.0,-27.0,3.1,100.0,0,0,7.771134020618557,15.3,84.52886597938144,2.866288659793814
TSK-00081,2026-08-27,OP-002,MC-002,SITE-A,Excavation,High Wind,Hard Soil,Low,Scheduled,46.0,62.0,16.0,28.6,100.0,0,0,5.8999999999999995,14.4,85.82063492063492,2.8269841269841267
TSK-00082,2026-08-27,OP-003,MC-008,SITE-B,Trenching,Rain,Hard Soil,Medium,Scheduled,65.0,62.0,-3.0,6.3,100.0,0,0,7.601587301587301,16.5,85.94444444444444,3.0985714285714288
TSK-00083,2026-08-27,OP-004,MC-009,SITE-B,Demolition,Rain,Soft Soil,Low,Scheduled,73.0,59.0,-14.0,3.3,100.0,2,1,8.1,13.8,85.925,2.9521666666666664
TSK-00084,2026-08-27,OP-004,MC-008,SITE-A,Demolition,Clear,Rocky,High,Scheduled,115.0,102.0,-13.0,3.9,0.0,0,1,7.9155339805825236,15.6,84.22135922330096,3.186116504854369
TSK-00085,2026-08-27,OP-005,MC-010,SITE-B,Excavation,Clear,Hard Soil,Low,Scheduled,71.0,86.0,15.0,5.7,100.0,0,0,7.944827586206897,16.0,84.57126436781608,3.116551724137931
TSK-00086,2026-08-27,OP-005,MC-007,SITE-A,Demolition,Rain,Rocky,High,Scheduled,116.0,97.0,-19.0,4.1,100.0,0,0,7.5,15.8,85.52142857142857,3.068571428571429
TSK-00087,2026-08-27,OP-005,MC-007,SITE-C,Excavation,Clear,Rocky,Low,Scheduled,104.0,96.0,-8.0,5.2,100.0,1,0,7.624742268041238,15.7,86.32680412371134,3.0077319587628866
TSK-00088,2026-08-27,OP-006,MC-008,SITE-A,Trenching,High Wind,Muddy,High,Scheduled,140.0,132.0,-8.0,3.8,100.0,1,0,7.6609022556390975,16.8,84.37067669172932,3.1477443609022555
TSK-00089,2026-08-27,OP-006,MC-006,SITE-D,Grading,Rain,Rocky,High,Scheduled,116.0,141.0,25.0,4.2,100.0,0,0,7.8260563380281685,15.2,83.66408450704225,3.000774647887324
TSK-00090,2026-08-27,OP-006,MC-010,SITE-D,Trenching,Dust Storm,Rocky,Medium,Scheduled,48.0,48.0,0.0,2.0,100.0,0,0,8.577551020408164,16.2,86.36326530612246,2.8002040816326534
TSK-00091,2026-08-27,OP-007,MC-001,SITE-C,Trenching,Clear,Muddy,High,Scheduled,106.0,140.0,34.0,25.5,100.0,0,0,5.753900709219858,15.1,85.60212765957446,3.014751773049645
TSK-00092,2026-08-27,OP-008,MC-004,SITE-A,Trenching,Dust Storm,Hard Soil,Medium,Scheduled,113.0,96.0,-17.0,6.2,100.0,0,0,7.48659793814433,16.8,86.15670103092785,3.30340206185567
TSK-00093,2026-08-27,OP-008,MC-005,SITE-C,Material Loading,Clear,Rocky,High,Scheduled,94.0,83.0,-11.0,7.1,100.0,0,0,7.448809523809524,17.4,85.93928571428572,2.762380952380952
TSK-00094,2026-08-27,OP-008,MC-001,SITE-B,Excavation,Clear,Muddy,Medium,Scheduled,41.0,41.0,0.0,7.1,100.0,0,0,6.564285714285714,14.1,83.42857142857143,2.9826190476190475
TSK-00095,2026-08-27,OP-009,MC-002,SITE-D,Trenching,Rain,Soft Soil,Medium,Scheduled,91.0,80.0,-11.0,0.0,100.0,3,0,8.546913580246914,15.5,85.19135802469135,3.1698765432098766
TSK-00096,2026-08-27,OP-010,MC-003,SITE-B,Material Loading,Rain,Rocky,Medium,Scheduled,72.0,61.0,-11.0,6.5,100.0,2,0,7.364516129032259,14.1,83.05645161290323,2.9093548387096773
TSK-00097,2026-08-27,OP-011,MC-004,SITE-C,Material Loading,Rain,Rocky,Medium,Scheduled,97.0,134.0,37.0,23.7,0.0,0,1,6.154814814814815,14.8,84.89037037037038,2.921777777777778
TSK-00098,2026-08-27,OP-011,MC-004,SITE-B,Excavation,Rain,Rocky,Low,Scheduled,95.0,100.0,5.0,23.8,100.0,0,0,6.126732673267326,15.3,83.82475247524752,2.984059405940594
TSK-00099,2026-08-27,OP-012,MC-002,SITE-B,Trenching,Clear,Rocky,Low,Scheduled,100.0,87.0,-13.0,5.7,100.0,0,0,7.680681818181818,13.4,85.59545454545454,2.982159090909091
TSK-00100,2026-08-27,OP-013,MC-007,SITE-B,Material Loading,Clear,Soft Soil,High,Scheduled,69.0,75.0,6.0,6.6,100.0,1,1,7.938157894736841,15.7,84.63026315789473,3.01921052631579
TSK-00101,2026-08-27,OP-014,MC-002,SITE-A,Excavation,Clear,Hard Soil,High,Scheduled,30.0,27.0,-3.0,0.0,100.0,0,0,6.860714285714286,11.6,85.58928571428571,2.7971428571428576
TSK-00102,2026-08-27,OP-015,MC-010,SITE-A,Demolition,Clear,Muddy,Medium,Scheduled,45.0,48.0,3.0,0.0,100.0,0,0,7.8612244897959185,16.1,84.48775510204081,3.1985714285714284
TSK-00103,2026-08-27,OP-015,MC-007,SITE-B,Excavation,Clear,Muddy,Low,Scheduled,124.0,151.0,27.0,3.3,100.0,0,0,8.076973684210527,17.4,85.23815789473684,2.9044078947368424
TSK-00104,2026-08-27,OP-015,MC-006,SITE-D,Trenching,Clear,Soft Soil,Low,Scheduled,139.0,169.0,30.0,4.1,100.0,1,0,7.725882352941177,15.8,85.16764705882353,3.0589999999999997
TSK-00105,2026-08-28,OP-001,MC-002,SITE-A,Grading,Clear,Muddy,High,Scheduled,88.0,76.0,-12.0,2.6,100.0,0,0,7.585714285714286,12.7,85.40259740259741,3.1937662337662336
TSK-00106,2026-08-28,OP-002,MC-003,SITE-D,Trenching,Clear,Muddy,Medium,Scheduled,131.0,153.0,22.0,31.2,100.0,3,3,5.888311688311688,21.3,84.51948051948052,3.164025974025974
TSK-00107,2026-08-28,OP-003,MC-001,SITE-B,Grading,Clear,Soft Soil,Low,Scheduled,120.0,119.0,-1.0,5.8,100.0,0,0,7.492500000000001,15.3,85.4275,3.1114166666666665
TSK-00108,2026-08-28,OP-004,MC-005,SITE-A,Grading,Clear,Muddy,High,Scheduled,116.0,107.0,-9.0,4.6,100.0,0,0,7.847222222222222,15.5,85.03703703703704,2.8697222222222223
TSK-00109,2026-08-28,OP-005,MC-007,SITE-A,Grading,Clear,Rocky,High,Scheduled,61.0,69.0,8.0,7.1,100.0,1,0,7.877142857142857,14.8,84.66428571428571,2.911142857142857
TSK-00110,2026-08-28,OP-005,MC-004,SITE-A,Grading,High Wind,Hard Soil,Medium,Scheduled,80.0,96.0,16.0,6.2,100.0,0,0,7.447422680412371,15.5,86.26185567010309,2.9643298969072167
TSK-00111,2026-08-28,OP-005,MC-009,SITE-B,Grading,High Wind,Hard Soil,Low,Scheduled,75.0,94.0,19.0,3.2,100.0,2,1,8.093684210526316,16.7,84.30421052631579,2.9998947368421054
TSK-00112,2026-08-28,OP-006,MC-004,SITE-C,Demolition,Rain,Rocky,Medium,Scheduled,104.0,115.0,11.0,8.6,100.0,1,0,7.306034482758621,15.6,84.45344827586207,3.0781896551724137
TSK-00113,2026-08-28,OP-007,MC-009,SITE-C,Trenching,High Wind,Muddy,Medium,Scheduled,129.0,174.0,45.0,25.7,100.0,1,1,6.173142857142857,15.9,84.89885714285714,2.939771428571429
TSK-00114,2026-08-28,OP-008,MC-009,SITE-D,Material Loading,Rain,Soft Soil,Low,Scheduled,89.0,106.0,17.0,5.6,100.0,1,0,7.654205607476635,15.5,84.57196261682243,3.0122429906542054
TSK-00115,2026-08-28,OP-009,MC-010,SITE-C,Demolition,Clear,Hard Soil,Medium,Scheduled,50.0,51.0,1.0,5.8,100.0,3,1,7.917307692307692,14.9,85.30576923076923,2.9026923076923077
TSK-00116,2026-08-28,OP-010,MC-003,SITE-B,Demolition,Clear,Muddy,Low,Scheduled,66.0,63.0,-3.0,4.7,0.0,0,1,7.153125,15.7,84.6796875,3.07328125
TSK-00117,2026-08-28,OP-010,MC-010,SITE-C,Trenching,Clear,Soft Soil,Low,Scheduled,85.0,104.0,19.0,4.8,100.0,2,1,7.408571428571428,14.6,84.9047619047619,3.0945714285714288
TSK-00118,2026-08-28,OP-010,MC-006,SITE-D,Trenching,Clear,Muddy,High,Scheduled,43.0,49.0,6.0,2.0,100.0,0,0,7.1739999999999995,14.4,84.964,2.96
TSK-00119,2026-08-28,OP-011,MC-002,SITE-A,Material Loading,Clear,Soft Soil,Medium,Scheduled,173.0,206.0,33.0,22.2,100.0,0,0,6.542512077294686,16.5,85.30579710144927,2.9008212560386473
TSK-00120,2026-08-28,OP-012,MC-005,SITE-D,Excavation,Clear,Rocky,High,Scheduled,126.0,130.0,4.0,3.8,100.0,0,0,7.630534351145038,15.5,85.17175572519083,2.863740458015267
TSK-00121,2026-08-28,OP-013,MC-002,SITE-A,Grading,Clear,Hard Soil,Medium,Scheduled,30.0,22.0,-8.0,0.0,100.0,2,0,7.343478260869565,11.0,82.91304347826087,3.0243478260869567
TSK-00122,2026-08-28,OP-013,MC-009,SITE-D,Excavation,Clear,Hard Soil,High,Scheduled,97.0,78.0,-19.0,11.4,100.0,1,0,6.982278481012658,17.8,84.55949367088607,2.9050632911392404
TSK-00123,2026-08-28,OP-013,MC-009,SITE-C,Demolition,Clear,Muddy,Low,Scheduled,97.0,96.0,-1.0,5.2,100.0,2,0,7.517525773195877,15.9,84.51855670103092,3.1302061855670105
TSK-00124,2026-08-28,OP-014,MC-006,SITE-D,Excavation,Rain,Hard Soil,Medium,Scheduled,105.0,93.0,-12.0,6.4,100.0,2,0,7.030851063829787,16.2,85.22234042553191,3.145
TSK-00125,2026-08-28,OP-015,MC-001,SITE-D,Trenching,High Wind,Hard Soil,Medium,Scheduled,97.0,75.0,-22.0,6.6,100.0,1,0,7.538157894736842,13.7,86.16578947368421,3.1257894736842107
TSK-00126,2026-08-28,OP-015,MC-003,SITE-D,Grading,High Wind,Hard Soil,Low,Scheduled,79.0,100.0,21.0,5.9,100.0,1,0,7.449504950495049,15.0,85.14653465346534,3.4991089108910893
TSK-00127,2026-08-29,OP-001,MC-005,SITE-C,Demolition,Clear,Soft Soil,Medium,Scheduled,97.0,78.0,-19.0,8.9,100.0,0,0,7.974683544303797,14.5,83.90886075949368,2.828101265822785
TSK-00128,2026-08-29,OP-001,MC-006,SITE-D,Grading,Clear,Muddy,Medium,Scheduled,98.0,98.0,0.0,5.1,100.0,1,0,7.649494949494949,14.6,84.45151515151515,3.0508080808080806
TSK-00129,2026-08-29,OP-002,MC-007,SITE-D,Material Loading,Dust Storm,Hard Soil,High,Scheduled,108.0,153.0,45.0,31.2,100.0,0,0,5.211038961038961,16.9,85.2409090909091,2.998051948051948
TSK-00130,2026-08-29,OP-002,MC-009,SITE-B,Trenching,Clear,Muddy,High,Scheduled,77.0,99.0,22.0,36.0,100.0,0,0,5.305,14.7,84.241,3.0065
TSK-00131,2026-08-29,OP-003,MC-007,SITE-B,Trenching,High Wind,Hard Soil,High,Scheduled,70.0,69.0,-1.0,1.4,100.0,1,0,8.777142857142858,17.1,84.98,3.084
TSK-00132,2026-08-29,OP-003,MC-003,SITE-A,Trenching,Clear,Muddy,Low,Scheduled,83.0,75.0,-8.0,0.0,100.0,0,0,8.656578947368422,16.4,86.2921052631579,2.8330263157894735
TSK-00133,2026-08-29,OP-003,MC-009,SITE-D,Grading,Clear,Rocky,Medium,Scheduled,126.0,148.0,22.0,5.4,100.0,0,0,7.625503355704699,17.0,84.30000000000001,2.9371140939597313
TSK-00134,2026-08-29,OP-004,MC-009,SITE-C,Demolition,Clear,Rocky,High,Scheduled,97.0,112.0,15.0,5.3,0.0,0,1,7.569026548672566,17.5,84.79203539823008,3.010088495575221
TSK-00135,2026-08-29,OP-004,MC-007,SITE-A,Demolition,Clear,Rocky,Low,Scheduled,96.0,85.0,-11.0,2.3,100.0,0,0,8.073255813953487,13.7,85.88139534883722,3.040581395348837
TSK-00136,2026-08-29,OP-004,MC-005,SITE-D,Excavation,Rain,Soft Soil,Medium,Scheduled,57.0,51.0,-6.0,5.8,100.0,0,0,6.876923076923077,15.4,85.94807692307693,3.034038461538462
TSK-00137,2026-08-29,OP-005,MC-010,SITE-A,Excavation,Clear,Soft Soil,Medium,Scheduled,117.0,104.0,-13.0,2.9,100.0,0,0,7.826666666666666,15.5,84.23619047619047,3.153904761904762
TSK-00138,2026-08-29,OP-006,MC-002,SITE-D,Grading,Clear,Muddy,High,Scheduled,114.0,141.0,27.0,6.3,100.0,1,0,7.961971830985915,16.9,84.3781690140845,3.016901408450704
TSK-00139,2026-08-29,OP-006,MC-010,SITE-B,Grading,Clear,Muddy,High,Scheduled,117.0,98.0,-19.0,10.1,100.0,2,0,6.958585858585859,14.0,84.98080808080809,2.862727272727273
TSK-00140,2026-08-29,OP-007,MC-003,SITE-B,Grading,Clear,Rocky,Medium,Scheduled,103.0,132.0,29.0,16.5,100.0,0,0,6.745864661654136,14.8,85.46917293233082,2.8436842105263156
TSK-00141,2026-08-29,OP-008,MC-001,SITE-D,Material Loading,Rain,Hard Soil,Low,Scheduled,83.0,63.0,-20.0,4.7,100.0,1,0,7.80625,14.3,86.93125,3.09234375
TSK-00142,2026-08-29,OP-008,MC-009,SITE-C,Demolition,Clear,Muddy,High,Scheduled,92.0,73.0,-19.0,4.1,100.0,0,0,8.47972972972973,15.2,84.8,2.9855405405405406
TSK-00143,2026-08-29,OP-009,MC-003,SITE-C,Grading,High Wind,Muddy,Low,Scheduled,120.0,154.0,34.0,0.6,100.0,0,0,7.980645161290322,17.7,85.42064516129032,3.1108387096774193
TSK-00144,2026-08-29,OP-009,MC-003,SITE-D,Demolition,Clear,Rocky,High,Scheduled,97.0,108.0,11.0,3.7,0.0,0,1,8.323853211009174,17.4,85.46880733944954,2.8294495412844034
TSK-00145,2026-08-29,OP-010,MC-006,SITE-D,Material Loading,Clear,Soft Soil,High,Scheduled,89.0,80.0,-9.0,2.5,100.0,2,0,7.1345679012345675,14.5,84.50493827160493,2.9241975308641974
TSK-00146,2026-08-29,OP-010,MC-007,SITE-C,Grading,Rain,Rocky,Low,Scheduled,137.0,129.0,-8.0,6.9,100.0,2,0,7.64076923076923,16.8,84.78,3.1936923076923076
TSK-00147,2026-08-29,OP-011,MC-010,SITE-B,Excavation,High Wind,Soft Soil,Medium,Scheduled,74.0,84.0,10.0,27.1,100.0,0,0,6.144705882352941,16.1,84.95294117647059,2.735529411764706
TSK-00148,2026-08-29,OP-012,MC-002,SITE-C,Grading,Clear,Rocky,Medium,Scheduled,57.0,56.0,-1.0,8.8,100.0,0,0,7.050877192982456,16.6,85.69473684210527,2.797719298245614
TSK-00149,2026-08-29,OP-012,MC-001,SITE-B,Grading,Clear,Rocky,High,Scheduled,110.0,105.0,-5.0,5.7,100.0,0,0,7.702830188679245,18.1,83.92075471698114,3.1035849056603775
TSK-00150,2026-08-29,OP-012,MC-009,SITE-B,Material Loading,High Wind,Muddy,Medium,Scheduled,108.0,116.0,8.0,4.3,100.0,0,0,7.811965811965812,15.1,85.5025641025641,2.9776923076923074
TSK-00151,2026-08-29,OP-013,MC-005,SITE-D,Excavation,Clear,Hard Soil,High,Scheduled,74.0,67.0,-7.0,1.5,100.0,0,0,8.058823529411764,15.5,87.09558823529412,3.2973529411764706
TSK-00152,2026-08-29,OP-013,MC-004,SITE-C,Excavation,Rain,Soft Soil,Medium,Scheduled,78.0,69.0,-9.0,7.1,100.0,1,0,7.514285714285714,14.8,84.31714285714285,3.0014285714285713
TSK-00153,2026-08-29,OP-014,MC-005,SITE-C,Material Loading,Clear,Rocky,Low,Scheduled,54.0,57.0,3.0,3.4,100.0,0,0,8.086206896551724,15.0,86.15344827586206,2.8706896551724137
TSK-00154,2026-08-29,OP-015,MC-008,SITE-A,Demolition,Dust Storm,Rocky,High,Scheduled,71.0,87.0,16.0,2.3,100.0,0,0,7.909090909090909,15.1,84.89204545454545,2.8289772727272724
TSK-00155,2026-08-30,OP-001,MC-006,SITE-D,Material Loading,Rain,Soft Soil,Low,Scheduled,78.0,67.0,-11.0,7.4,100.0,0,0,7.986764705882353,14.1,85.46176470588235,2.7785294117647057
TSK-00156,2026-08-30,OP-002,MC-001,SITE-C,Trenching,Clear,Hard Soil,High,Scheduled,82.0,85.0,3.0,20.9,100.0,1,0,6.511627906976744,14.9,85.04302325581395,2.82453488372093
TSK-00157,2026-08-30,OP-003,MC-010,SITE-D,Material Loading,Rain,Muddy,High,Scheduled,93.0,98.0,5.0,5.1,100.0,2,0,7.86969696969697,16.4,84.110101010101,2.952323232323232
TSK-00158,2026-08-30,OP-004,MC-001,SITE-A,Trenching,Rain,Rocky,Low,Scheduled,106.0,105.0,-1.0,4.7,100.0,1,0,7.631132075471698,14.7,86.32169811320755,3.087452830188679
TSK-00159,2026-08-30,OP-005,MC-005,SITE-D,Trenching,High Wind,Rocky,Low,Scheduled,150.0,143.0,-7.0,6.2,100.0,1,0,7.420138888888889,14.8,85.23888888888888,2.973611111111111
TSK-00160,2026-08-30,OP-005,MC-006,SITE-C,Excavation,Clear,Hard Soil,Low,Scheduled,78.0,89.0,11.0,3.3,100.0,0,0,8.113333333333333,14.6,84.76777777777778,3.0423333333333336
TSK-00161,2026-08-30,OP-006,MC-008,SITE-B,Demolition,High Wind,Soft Soil,Medium,Scheduled,64.0,82.0,18.0,7.2,100.0,0,0,7.427710843373494,14.3,85.16385542168675,3.0987951807228913
TSK-00162,2026-08-30,OP-006,MC-006,SITE-B,Demolition,Clear,Hard Soil,High,Scheduled,78.0,68.0,-10.0,5.8,100.0,1,0,7.321739130434782,14.5,84.3159420289855,2.866086956521739
TSK-00163,2026-08-30,OP-006,MC-005,SITE-B,Material Loading,Rain,Soft Soil,Medium,Scheduled,69.0,69.0,0.0,7.1,100.0,0,0,7.545714285714286,15.1,84.83571428571429,2.862
TSK-00164,2026-08-30,OP-007,MC-005,SITE-C,Grading,Clear,Soft Soil,Low,Scheduled,93.0,122.0,29.0,23.6,100.0,1,1,6.489430894308944,16.5,85.17967479674797,2.9987804878048783
TSK-00165,2026-08-30,OP-008,MC-004,SITE-B,Demolition,Clear,Hard Soil,Medium,Scheduled,68.0,53.0,-15.0,5.6,100.0,0,0,7.127777777777777,17.3,84.72777777777777,3.1440740740740742
TSK-00166,2026-08-30,OP-009,MC-006,SITE-D,Demolition,Clear,Soft Soil,Medium,Scheduled,124.0,172.0,48.0,5.8,100.0,0,0,7.7739884393063585,16.0,85.15375722543352,2.9978034682080925
TSK-00167,2026-08-30,OP-010,MC-005,SITE-A,Trenching,Clear,Soft Soil,High,Scheduled,76.0,50.0,-26.0,0.0,100.0,1,0,8.584313725490196,15.0,84.18039215686274,3.142549019607843
TSK-00168,2026-08-30,OP-010,MC-004,SITE-D,Excavation,Clear,Muddy,Medium,Scheduled,123.0,146.0,23.0,6.8,100.0,2,0,7.764625850340137,15.7,84.99591836734693,2.8968027210884353
TSK-00169,2026-08-30,OP-010,MC-008,SITE-A,Trenching,Rain,Muddy,Low,Scheduled,129.0,132.0,3.0,2.3,100.0,0,0,7.397744360902255,17.5,85.40225563909775,3.025263157894737
TSK-00170,2026-08-30,OP-011,MC-002,SITE-B,Excavation,Clear,Rocky,Medium,Scheduled,124.0,180.0,56.0,22.1,0.0,1,1,6.6707182320442,24.9,84.48232044198895,2.9621546961325964
TSK-00171,2026-08-30,OP-012,MC-006,SITE-D,Excavation,Rain,Soft Soil,High,Scheduled,62.0,73.0,11.0,4.1,100.0,0,0,7.0864864864864865,13.7,84.4972972972973,3.0360810810810808
TSK-00172,2026-08-30,OP-012,MC-010,SITE-D,Trenching,Dust Storm,Muddy,Medium,Scheduled,105.0,108.0,3.0,4.6,100.0,0,0,7.845871559633028,13.7,85.52752293577981,3.0675229357798166
TSK-00173,2026-08-30,OP-013,MC-009,SITE-D,Excavation,Clear,Rocky,High,Scheduled,82.0,86.0,4.0,5.7,100.0,0,0,7.594252873563219,17.3,84.45402298850574,2.709080459770115
TSK-00174,2026-08-30,OP-013,MC-001,SITE-C,Grading,Rain,Muddy,Low,Scheduled,81.0,67.0,-14.0,10.3,100.0,0,0,7.260294117647058,14.9,85.73823529411764,2.9847058823529413
TSK-00175,2026-08-30,OP-013,MC-009,SITE-A,Excavation,Clear,Rocky,Low,Scheduled,89.0,98.0,9.0,8.1,100.0,1,0,6.811111111111111,12.7,84.57878787878788,3.1378787878787877
TSK-00176,2026-08-30,OP-014,MC-002,SITE-A,Trenching,Clear,Muddy,High,Scheduled,94.0,109.0,15.0,4.5,100.0,2,0,7.9809090909090905,15.8,85.66545454545455,2.9161818181818187
TSK-00177,2026-08-30,OP-015,MC-009,SITE-C,Material Loading,Clear,Hard Soil,Low,Scheduled,62.0,66.0,4.0,7.5,100.0,0,0,6.662686567164179,14.0,85.34776119402986,2.891044776119403
TSK-00178,2026-08-31,OP-001,MC-004,SITE-A,Material Loading,Dust Storm,Rocky,Low,Scheduled,84.0,103.0,19.0,3.8,100.0,1,0,7.729807692307692,15.3,85.21442307692307,2.6926923076923077
TSK-00179,2026-08-31,OP-001,MC-001,SITE-B,Trenching,Dust Storm,Soft Soil,High,Scheduled,68.0,75.0,7.0,2.6,100.0,2,1,7.728947368421053,14.7,86.6263157894737,2.854342105263158
TSK-00180,2026-08-31,OP-001,MC-009,SITE-A,Grading,Clear,Rocky,Medium,Scheduled,141.0,181.0,40.0,2.2,100.0,3,0,7.571978021978022,17.3,84.95879120879121,3.0123626373626373
TSK-00181,2026-08-31,OP-002,MC-005,SITE-B,Grading,Clear,Muddy,Low,Scheduled,131.0,167.0,36.0,23.8,100.0,0,0,6.17202380952381,15.8,84.9952380952381,3.140416666666667
TSK-00182,2026-08-31,OP-002,MC-003,SITE-A,Excavation,Rain,Hard Soil,Medium,Scheduled,102.0,129.0,27.0,26.9,100.0,0,0,6.162307692307692,15.4,85.03615384615385,3.0940000000000003
TSK-00183,2026-08-31,OP-003,MC-009,SITE-C,Grading,Clear,Rocky,High,Scheduled,155.0,151.0,-4.0,5.3,100.0,3,1,7.4375,14.9,86.63092105263158,3.1178289473684213
TSK-00184,2026-08-31,OP-003,MC-002,SITE-A,Grading,Clear,Soft Soil,High,Scheduled,73.0,62.0,-11.0,3.2,100.0,0,0,7.636507936507937,14.7,85.51746031746032,2.8133333333333335
TSK-00185,2026-08-31,OP-003,MC-008,SITE-C,Trenching,Rain,Muddy,High,Scheduled,87.0,98.0,11.0,5.1,100.0,0,0,7.319191919191919,15.6,84.67878787878789,2.777878787878788
TSK-00186,2026-08-31,OP-004,MC-004,SITE-C,Grading,Rain,Soft Soil,Medium,Scheduled,87.0,96.0,9.0,2.1,0.0,3,1,7.905154639175257,14.3,86.05567010309278,3.2021649484536083
TSK-00187,2026-08-31,OP-004,MC-003,SITE-A,Material Loading,Rain,Muddy,High,Scheduled,105.0,117.0,12.0,4.2,100.0,3,0,7.715254237288136,16.1,84.48389830508475,3.024406779661017
TSK-00188,2026-08-31,OP-004,MC-010,SITE-A,Grading,Clear,Soft Soil,Low,Scheduled,84.0,54.0,-30.0,3.6,100.0,0,0,7.794545454545454,17.8,85.04545454545455,2.9976363636363637
TSK-00189,2026-08-31,OP-005,MC-007,SITE-B,Grading,Rain,Rocky,Medium,Scheduled,116.0,100.0,-16.0,4.0,100.0,0,0,7.728712871287129,15.7,85.66831683168317,2.8385148514851486
TSK-00190,2026-08-31,OP-006,MC-009,SITE-D,Trenching,Clear,Muddy,High,Scheduled,48.0,40.0,-8.0,2.4,100.0,2,0,8.207317073170731,16.3,85.92439024390244,3.1241463414634145
TSK-00191,2026-08-31,OP-007,MC-004,SITE-A,Trenching,Dust Storm,Soft Soil,Medium,Scheduled,133.0,166.0,33.0,25.7,100.0,0,0,6.238922155688623,18.6,85.20239520958083,3.03311377245509
TSK-00192,2026-08-31,OP-008,MC-006,SITE-A,Material Loading,Clear,Muddy,High,Scheduled,121.0,128.0,7.0,3.9,100.0,1,0,7.344186046511628,14.9,84.69457364341086,3.0908527131782946
TSK-00193,2026-08-31,OP-009,MC-002,SITE-A,Trenching,Clear,Rocky,Low,Scheduled,81.0,91.0,10.0,6.5,100.0,0,0,7.431521739130435,14.1,83.71739130434783,2.9018478260869567
TSK-00194,2026-08-31,OP-009,MC-009,SITE-C,Excavation,Clear,Soft Soil,Low,Scheduled,43.0,49.0,6.0,6.0,100.0,2,1,7.28,14.0,84.85600000000001,3.0722000000000005
TSK-00195,2026-08-31,OP-009,MC-002,SITE-D,Demolition,Clear,Rocky,High,Scheduled,77.0,75.0,-2.0,3.9,0.0,1,1,8.446052631578947,16.6,84.54605263157895,2.9314473684210527
TSK-00196,2026-08-31,OP-010,MC-007,SITE-C,Grading,Clear,Soft Soil,High,Scheduled,82.0,82.0,0.0,6.0,100.0,0,0,7.5120481927710845,15.2,84.58795180722892,2.829036144578313
TSK-00197,2026-08-31,OP-010,MC-006,SITE-C,Material Loading,Rain,Hard Soil,Low,Scheduled,84.0,105.0,21.0,3.8,100.0,3,0,7.865094339622642,17.4,85.75283018867924,3.0316981132075473
TSK-00198,2026-08-31,OP-011,MC-002,SITE-C,Grading,Clear,Hard Soil,High,Scheduled,141.0,190.0,49.0,17.8,100.0,0,0,6.645026178010472,17.3,85.56910994764398,3.0395811518324605
TSK-00199,2026-08-31,OP-012,MC-006,SITE-D,Trenching,Rain,Muddy,High,Scheduled,113.0,143.0,30.0,6.2,100.0,0,0,7.645833333333333,17.9,85.26736111111111,2.8594444444444442
TSK-00200,2026-08-31,OP-013,MC-001,SITE-B,Trenching,Clear,Muddy,High,Scheduled,68.0,65.0,-3.0,3.0,100.0,0,0,7.953030303030303,15.0,84.08030303030303,3.26530303030303
TSK-00201,2026-08-31,OP-013,MC-004,SITE-C,Demolition,Clear,Soft Soil,Medium,Scheduled,105.0,102.0,-3.0,6.8,100.0,0,0,7.972815533980583,16.6,86.34368932038835,2.8357281553398055
TSK-00202,2026-08-31,OP-014,MC-009,SITE-A,Excavation,Clear,Rocky,Low,Scheduled,110.0,103.0,-7.0,5.8,100.0,0,0,7.877884615384615,15.3,84.30000000000001,2.931923076923077
TSK-00203,2026-08-31,OP-014,MC-002,SITE-D,Trenching,Clear,Soft Soil,Medium,Scheduled,74.0,66.0,-8.0,9.0,100.0,2,0,7.1089552238805975,15.6,83.0910447761194,2.981641791044776
TSK-00204,2026-08-31,OP-014,MC-008,SITE-C,Demolition,Clear,Hard Soil,Low,Scheduled,120.0,112.0,-8.0,5.3,100.0,2,0,7.6371681415929205,14.3,84.6283185840708,3.059734513274336
TSK-00205,2026-08-31,OP-015,MC-008,SITE-C,Excavation,Clear,Hard Soil,Low,Scheduled,82.0,73.0,-9.0,4.1,100.0,2,1,7.731081081081081,14.6,87.07972972972972,3.1304054054054054
TSK-00206,2026-08-31,OP-015,MC-009,SITE-D,Trenching,Clear,Hard Soil,Medium,Scheduled,113.0,138.0,25.0,6.5,100.0,0,0,7.024460431654676,14.6,84.41942446043164,2.9497841726618703
TSK-00207,2026-08-31,OP-015,MC-004,SITE-C,Trenching,Clear,Rocky,High,Scheduled,78.0,74.0,-4.0,4.0,100.0,1,0,7.792,15.5,85.90533333333333,2.9916
TSK-00208,2026-09-01,OP-001,MC-002,SITE-A,Material Loading,Clear,Muddy,Medium,Scheduled,70.0,73.0,3.0,4.1,100.0,0,0,7.402702702702702,15.6,85.64054054054054,2.8835135135135133
TSK-00209,2026-09-01,OP-002,MC-009,SITE-C,Excavation,Clear,Hard Soil,Medium,Scheduled,50.0,63.0,13.0,20.3,100.0,1,1,6.8546875,17.0,83.0171875,2.9315625
TSK-00210,2026-09-01,OP-002,MC-010,SITE-D,Grading,Clear,Soft Soil,Medium,Scheduled,41.0,38.0,-3.0,25.6,100.0,0,0,5.9051282051282055,13.8,86.90512820512821,3.072820512820513
TSK-00211,2026-09-01,OP-003,MC-009,SITE-B,Demolition,Clear,Muddy,High,Scheduled,95.0,99.0,4.0,5.0,100.0,0,0,7.2589999999999995,17.4,84.88799999999999,2.7127
TSK-00212,2026-09-01,OP-003,MC-006,SITE-A,Material Loading,Clear,Hard Soil,Medium,Scheduled,84.0,95.0,11.0,5.2,100.0,1,0,7.128125,15.4,85.62604166666667,2.9044791666666665
TSK-00213,2026-09-01,OP-003,MC-006,SITE-B,Grading,High Wind,Hard Soil,Low,Scheduled,106.0,108.0,2.0,8.3,100.0,0,0,7.595412844036697,16.8,83.93577981651376,2.9375229357798167
TSK-00214,2026-09-01,OP-004,MC-006,SITE-A,Material Loading,Dust Storm,Hard Soil,High,Scheduled,60.0,49.0,-11.0,0.0,100.0,2,1,7.5760000000000005,14.1,83.604,3.0398
TSK-00215,2026-09-01,OP-004,MC-004,SITE-B,Grading,Clear,Hard Soil,High,Scheduled,83.0,72.0,-11.0,5.5,0.0,3,1,7.606849315068493,16.0,87.32876712328768,3.2271232876712332
TSK-00216,2026-09-01,OP-005,MC-003,SITE-D,Material Loading,Rain,Hard Soil,Medium,Scheduled,97.0,87.0,-10.0,6.8,100.0,0,0,7.3931818181818185,16.0,84.37840909090909,3.0943181818181817
TSK-00217,2026-09-01,OP-005,MC-004,SITE-D,Grading,Clear,Rocky,Medium,Scheduled,157.0,155.0,-2.0,2.6,100.0,0,0,7.764102564102564,17.9,85.07115384615385,2.9891666666666667
TSK-00218,2026-09-01,OP-005,MC-009,SITE-C,Demolition,High Wind,Muddy,Medium,Scheduled,144.0,114.0,-30.0,3.5,100.0,0,0,7.730434782608696,14.6,84.52260869565218,2.9279130434782608
TSK-00219,2026-09-01,OP-006,MC-005,SITE-B,Grading,Dust Storm,Hard Soil,Medium,Scheduled,65.0,59.0,-6.0,1.7,100.0,1,0,7.591666666666667,15.5,85.46166666666666,3.1496666666666666
TSK-00220,2026-09-01,OP-006,MC-004,SITE-D,Material Loading,Clear,Soft Soil,High,Scheduled,68.0,60.0,-8.0,8.2,100.0,1,1,6.919672131147541,14.7,84.17868852459016,3.03655737704918
TSK-00221,2026-09-01,OP-006,MC-003,SITE-C,Excavation,Rain,Rocky,Medium,Scheduled,70.0,61.0,-9.0,9.7,100.0,0,0,7.1,12.5,85.33709677419354,2.940967741935484
TSK-00222,2026-09-01,OP-007,MC-004,SITE-A,Grading,Dust Storm,Rocky,Low,Scheduled,121.0,139.0,18.0,23.6,100.0,2,1,6.319999999999999,17.9,84.625,2.8602142857142856
TSK-00223,2026-09-01,OP-008,MC-008,SITE-D,Demolition,Clear,Muddy,Low,Scheduled,74.0,108.0,34.0,2.8,100.0,1,0,7.729357798165138,17.6,84.04587155963303,3.1177064220183484
TSK-00224,2026-09-01,OP-008,MC-002,SITE-B,Excavation,Clear,Soft Soil,High,Scheduled,104.0,93.0,-11.0,2.1,100.0,0,0,8.002127659574468,16.8,84.46170212765956,2.9441489361702127
TSK-00225,2026-09-01,OP-008,MC-009,SITE-B,Grading,Clear,Muddy,High,Scheduled,118.0,145.0,27.0,4.8,100.0,0,0,7.564383561643837,15.4,84.26917808219177,3.052123287671233
TSK-00226,2026-09-01,OP-009,MC-009,SITE-D,Demolition,Clear,Soft Soil,Low,Scheduled,82.0,96.0,14.0,6.2,100.0,0,0,8.167010309278352,15.9,83.98865979381443,3.1980412371134017
TSK-00227,2026-09-01,OP-010,MC-007,SITE-B,Demolition,High Wind,Muddy,Low,Scheduled,141.0,117.0,-24.0,4.2,100.0,1,0,7.5728813559322035,19.1,85.33305084745763,3.073135593220339
TSK-00228,2026-09-01,OP-010,MC-004,SITE-B,Material Loading,Clear,Hard Soil,Medium,Scheduled,122.0,115.0,-7.0,6.0,100.0,0,0,7.796551724137931,15.9,85.28189655172415,3.113448275862069
TSK-00229,2026-09-01,OP-011,MC-002,SITE-A,Trenching,Clear,Soft Soil,High,Scheduled,108.0,129.0,21.0,23.8,100.0,0,0,6.45,17.6,84.22153846153846,3.1281538461538463
TSK-00230,2026-09-01,OP-011,MC-009,SITE-B,Material Loading,Clear,Rocky,Low,Scheduled,57.0,81.0,24.0,23.2,100.0,3,2,6.978048780487805,24.8,85.30975609756098,3.0502439024390244
TSK-00231,2026-09-01,OP-011,MC-007,SITE-B,Excavation,Clear,Rocky,Low,Scheduled,63.0,75.0,12.0,26.3,100.0,2,1,6.178947368421053,18.3,86.13421052631578,3.0269736842105264
TSK-00232,2026-09-01,OP-012,MC-001,SITE-D,Excavation,Rain,Rocky,Medium,Scheduled,89.0,107.0,18.0,5.6,100.0,0,0,7.7935185185185185,14.5,85.58703703703704,2.8449074074074074
TSK-00233,2026-09-01,OP-013,MC-009,SITE-A,Material Loading,Clear,Soft Soil,High,Scheduled,115.0,105.0,-10.0,7.5,100.0,0,0,7.549056603773585,15.2,86.08396226415094,3.09811320754717
TSK-00234,2026-09-01,OP-014,MC-001,SITE-A,Material Loading,Clear,Hard Soil,High,Scheduled,73.0,61.0,-12.0,8.1,100.0,0,0,7.720967741935484,14.9,83.8483870967742,2.8045161290322578
TSK-00235,2026-09-01,OP-014,MC-001,SITE-D,Grading,Dust Storm,Soft Soil,High,Scheduled,119.0,124.0,5.0,4.0,100.0,0,0,7.570399999999999,14.2,83.99119999999999,3.1827199999999998
TSK-00236,2026-09-01,OP-015,MC-006,SITE-C,Grading,Clear,Hard Soil,Low,Scheduled,74.0,74.0,0.0,4.0,100.0,0,0,7.152,15.6,83.816,3.049733333333333
TSK-00237,2026-09-01,OP-015,MC-010,SITE-C,Demolition,Clear,Muddy,Medium,Scheduled,117.0,119.0,2.0,6.7,100.0,2,0,7.6883333333333335,16.5,83.85583333333334,3.0614166666666667
TSK-00238,2026-09-01,OP-015,MC-002,SITE-B,Material Loading,Clear,Soft Soil,High,Scheduled,30.0,30.0,0.0,3.2,100.0,1,0,8.54516129032258,14.0,85.65483870967742,3.1196774193548387
TSK-00239,2026-09-02,OP-001,MC-008,SITE-A,Material Loading,Clear,Muddy,High,Scheduled,98.0,78.0,-20.0,5.1,100.0,1,0,7.19493670886076,15.7,86.89620253164557,2.9834177215189874
TSK-00240,2026-09-02,OP-001,MC-004,SITE-D,Material Loading,High Wind,Muddy,High,Scheduled,72.0,51.0,-21.0,1.9,100.0,1,0,8.357692307692307,15.7,82.9346153846154,3.188653846153846
TSK-00241,2026-09-02,OP-002,MC-006,SITE-C,Excavation,Rain,Soft Soil,Medium,Scheduled,37.0,50.0,13.0,29.4,100.0,0,0,6.2215686274509805,14.5,83.84705882352941,3.11921568627451
TSK-00242,2026-09-02,OP-002,MC-003,SITE-C,Material Loading,Clear,Rocky,High,Scheduled,118.0,157.0,39.0,25.3,100.0,1,1,6.691772151898734,15.7,84.71518987341773,3.029873417721519
TSK-00243,2026-09-02,OP-002,MC-010,SITE-C,Trenching,Rain,Muddy,Low,Scheduled,102.0,106.0,4.0,22.4,100.0,0,0,6.366355140186917,13.5,84.06261682242992,3.017943925233645
TSK-00244,2026-09-02,OP-003,MC-001,SITE-D,Excavation,Rain,Rocky,High,Scheduled,83.0,95.0,12.0,4.2,100.0,0,0,7.7,15.5,86.80208333333333,3.0265625000000003
TSK-00245,2026-09-02,OP-003,MC-010,SITE-C,Excavation,Clear,Muddy,Medium,Scheduled,58.0,66.0,8.0,7.5,100.0,0,0,7.398507462686567,15.1,86.80149253731344,2.9891044776119404
TSK-00246,2026-09-02,OP-003,MC-003,SITE-A,Grading,Dust Storm,Muddy,Low,Scheduled,60.0,53.0,-7.0,5.6,100.0,0,0,8.12962962962963,13.9,86.74074074074075,3.142962962962963
TSK-00247,2026-09-02,OP-004,MC-001,SITE-B,Material Loading,Clear,Soft Soil,High,Scheduled,89.0,60.0,-29.0,4.9,100.0,1,0,7.237704918032787,14.3,85.8360655737705,2.7522950819672127
TSK-00248,2026-09-02,OP-005,MC-006,SITE-C,Material Loading,Clear,Soft Soil,High,Scheduled,98.0,98.0,0.0,4.0,100.0,1,0,7.483838383838384,14.6,84.389898989899,3.101212121212121
TSK-00249,2026-09-02,OP-006,MC-004,SITE-D,Material Loading,Rain,Hard Soil,Low,Scheduled,96.0,91.0,-5.0,4.3,100.0,2,0,7.095652173913043,14.3,84.05652173913043,2.9954347826086956
TSK-00250,2026-09-02,OP-007,MC-001,SITE-D,Demolition,Clear,Soft Soil,Medium,Scheduled,61.0,81.0,20.0,22.0,100.0,0,0,6.240243902439024,14.5,85.10365853658537,3.031219512195122
TSK-00251,2026-09-02,OP-008,MC-002,SITE-B,Demolition,Clear,Muddy,Low,Scheduled,30.0,27.0,-3.0,3.6,100.0,2,1,7.707142857142857,13.7,86.09642857142856,3.031071428571429
TSK-00252,2026-09-02,OP-008,MC-004,SITE-B,Excavation,Clear,Muddy,Low,Scheduled,30.0,27.0,-3.0,0.0,100.0,0,0,7.3,14.0,85.73571428571428,3.029285714285714
TSK-00253,2026-09-02,OP-009,MC-001,SITE-A,Demolition,Clear,Rocky,Low,Scheduled,95.0,98.0,3.0,2.0,0.0,2,1,7.1989898989898995,13.9,85.09898989898988,2.7885858585858587
TSK-00254,2026-09-02,OP-009,MC-009,SITE-C,Demolition,Clear,Hard Soil,Low,Scheduled,108.0,100.0,-8.0,5.9,100.0,0,0,7.488118811881188,21.7,85.88316831683169,3.1104950495049506
TSK-00255,2026-09-02,OP-010,MC-005,SITE-A,Material Loading,Clear,Rocky,Medium,Scheduled,129.0,129.0,0.0,2.3,100.0,0,0,7.663846153846153,16.1,84.60307692307693,2.819923076923077
TSK-00256,2026-09-02,OP-011,MC-004,SITE-A,Material Loading,Clear,Muddy,High,Scheduled,88.0,102.0,14.0,25.2,100.0,0,0,6.0320388349514555,15.2,85.94757281553399,3.107184466019418
TSK-00257,2026-09-02,OP-012,MC-005,SITE-A,Grading,High Wind,Soft Soil,Medium,Scheduled,59.0,59.0,0.0,5.0,100.0,2,1,7.416666666666667,14.9,84.65666666666667,3.0006666666666666
TSK-00258,2026-09-02,OP-012,MC-005,SITE-C,Grading,Dust Storm,Hard Soil,Low,Scheduled,53.0,61.0,8.0,3.2,100.0,0,0,7.348387096774194,14.2,84.98387096774194,3.0883870967741935
TSK-00259,2026-09-02,OP-012,MC-003,SITE-A,Excavation,Clear,Rocky,Low,Scheduled,124.0,97.0,-27.0,4.1,100.0,2,0,7.620408163265306,14.8,83.99489795918367,3.0085714285714285
TSK-00260,2026-09-02,OP-013,MC-001,SITE-B,Material Loading,High Wind,Rocky,Low,Scheduled,101.0,101.0,0.0,2.9,100.0,2,1,7.6911764705882355,15.8,84.92941176470588,2.842549019607843
TSK-00261,2026-09-02,OP-014,MC-010,SITE-C,Grading,Rain,Soft Soil,High,Scheduled,70.0,84.0,14.0,5.9,100.0,0,0,6.734117647058823,12.4,84.63058823529413,3.056352941176471
TSK-00262,2026-09-02,OP-014,MC-001,SITE-B,Grading,Rain,Rocky,High,Scheduled,128.0,90.0,-38.0,2.2,100.0,1,0,7.934065934065934,16.6,85.93516483516484,3.0063736263736263
TSK-00263,2026-09-02,OP-015,MC-007,SITE-A,Excavation,High Wind,Rocky,High,Scheduled,110.0,128.0,18.0,5.4,100.0,0,0,7.572868217054263,16.7,84.39147286821705,3.175968992248062
TSK-00264,2026-09-03,OP-001,MC-008,SITE-A,Trenching,Dust Storm,Rocky,High,Scheduled,136.0,142.0,6.0,7.7,100.0,0,0,7.485314685314686,15.3,85.26293706293707,2.979230769230769
TSK-00265,2026-09-03,OP-002,MC-001,SITE-B,Trenching,Clear,Soft Soil,High,Scheduled,118.0,141.0,23.0,19.7,100.0,0,0,6.6070422535211275,16.3,85.7056338028169,3.0135211267605633
TSK-00266,2026-09-03,OP-002,MC-008,SITE-B,Trenching,Clear,Muddy,Low,Scheduled,111.0,154.0,43.0,25.8,100.0,0,0,6.42,15.7,85.66193548387098,3.249290322580645
TSK-00267,2026-09-03,OP-003,MC-003,SITE-C,Material Loading,Rain,Rocky,Medium,Scheduled,78.0,80.0,2.0,7.4,100.0,0,0,7.285185185185186,14.7,85.4037037037037,3.185679012345679
TSK-00268,2026-09-03,OP-003,MC-001,SITE-C,Demolition,Clear,Rocky,Low,Scheduled,124.0,91.0,-33.0,2.2,100.0,0,0,7.843478260869565,15.5,83.49130434782609,3.0485869565217394
TSK-00269,2026-09-03,OP-004,MC-009,SITE-C,Trenching,Clear,Soft Soil,Low,Scheduled,72.0,61.0,-11.0,3.2,0.0,3,1,8.332258064516129,15.8,84.69193548387096,2.8777419354838707
TSK-00270,2026-09-03,OP-004,MC-003,SITE-D,Demolition,Clear,Hard Soil,Medium,Scheduled,113.0,86.0,-27.0,4.6,0.0,0,1,7.195402298850575,15.0,85.05402298850575,3.15183908045977
TSK-00271,2026-09-03,OP-004,MC-008,SITE-B,Grading,Clear,Muddy,Medium,Scheduled,73.0,61.0,-12.0,3.2,100.0,0,0,8.350000000000001,14.4,85.90967741935484,2.9679032258064515
TSK-00272,2026-09-03,OP-005,MC-006,SITE-A,Excavation,High Wind,Muddy,Low,Scheduled,72.0,65.0,-7.0,4.5,100.0,0,0,8.427272727272728,15.1,86.14848484848486,3.053030303030303
TSK-00273,2026-09-03,OP-005,MC-002,SITE-C,Excavation,Clear,Muddy,High,Scheduled,84.0,94.0,10.0,4.2,100.0,0,0,7.908421052631579,18.6,84.33684210526316,3.005578947368421
TSK-00274,2026-09-03,OP-006,MC-003,SITE-A,Excavation,Clear,Rocky,High,Scheduled,94.0,96.0,2.0,3.1,100.0,0,0,7.687628865979382,16.0,84.07731958762886,3.050618556701031
TSK-00275,2026-09-03,OP-006,MC-009,SITE-D,Material Loading,Clear,Soft Soil,High,Scheduled,36.0,30.0,-6.0,6.5,100.0,1,0,7.516129032258065,14.1,82.47741935483872,2.705806451612903
TSK-00276,2026-09-03,OP-006,MC-008,SITE-C,Demolition,Clear,Muddy,High,Scheduled,96.0,100.0,4.0,3.0,100.0,0,0,7.564356435643564,14.7,84.41485148514852,3.1366336633663368
TSK-00277,2026-09-03,OP-007,MC-005,SITE-A,Grading,High Wind,Muddy,Medium,Scheduled,78.0,94.0,16.0,25.3,100.0,0,0,5.997894736842105,12.9,85.57052631578946,3.002421052631579
TSK-00278,2026-09-03,OP-007,MC-007,SITE-C,Grading,Clear,Muddy,High,Scheduled,116.0,119.0,3.0,25.0,100.0,0,0,5.739999999999999,13.6,85.29166666666667,3.1235833333333334
TSK-00279,2026-09-03,OP-007,MC-004,SITE-A,Excavation,Clear,Rocky,Medium,Scheduled,69.0,93.0,24.0,19.1,100.0,3,3,7.6553191489361705,24.0,84.52127659574468,3.083297872340425
TSK-00280,2026-09-03,OP-008,MC-005,SITE-B,Material Loading,High Wind,Rocky,Low,Scheduled,30.0,35.0,5.0,2.8,100.0,0,0,7.280555555555556,16.5,81.28333333333333,2.6658333333333335
TSK-00281,2026-09-03,OP-008,MC-001,SITE-C,Demolition,Clear,Muddy,High,Scheduled,116.0,105.0,-11.0,3.8,100.0,0,0,8.137735849056604,15.2,85.35000000000001,3.2104716981132078
TSK-00282,2026-09-03,OP-008,MC-003,SITE-D,Excavation,Clear,Soft Soil,Medium,Scheduled,113.0,113.0,0.0,3.5,100.0,0,0,7.0587719298245615,15.4,85.51052631578948,3.051842105263158
TSK-00283,2026-09-03,OP-009,MC-009,SITE-D,Material Loading,High Wind,Hard Soil,High,Scheduled,52.0,58.0,6.0,5.1,0.0,1,1,8.25593220338983,15.6,83.92711864406779,3.136440677966102
TSK-00284,2026-09-03,OP-009,MC-006,SITE-D,Grading,Clear,Muddy,Low,Scheduled,96.0,135.0,39.0,8.1,100.0,1,1,7.677941176470589,15.4,84.9735294117647,2.9766176470588235
TSK-00285,2026-09-03,OP-010,MC-007,SITE-A,Grading,Clear,Rocky,Medium,Scheduled,124.0,155.0,31.0,4.5,100.0,0,0,7.755128205128205,13.6,85.18974358974359,2.905128205128205
TSK-00286,2026-09-03,OP-011,MC-003,SITE-B,Trenching,Clear,Muddy,High,Scheduled,102.0,114.0,12.0,24.3,100.0,0,0,6.594782608695652,15.2,84.69739130434783,2.956
TSK-00287,2026-09-03,OP-012,MC-001,SITE-B,Demolition,Clear,Muddy,High,Scheduled,63.0,61.0,-2.0,3.2,100.0,0,0,7.85,16.8,85.05000000000001,3.0074193548387096
TSK-00288,2026-09-03,OP-013,MC-005,SITE-B,Trenching,High Wind,Rocky,High,Scheduled,30.0,25.0,-5.0,3.8,100.0,1,0,7.342307692307693,12.9,86.36153846153846,2.5503846153846155
TSK-00289,2026-09-03,OP-013,MC-001,SITE-C,Demolition,Clear,Hard Soil,Medium,Scheduled,88.0,94.0,6.0,5.3,100.0,0,0,7.717894736842106,15.9,85.47263157894737,2.8518947368421053
TSK-00290,2026-09-03,OP-013,MC-009,SITE-B,Material Loading,Rain,Hard Soil,High,Scheduled,99.0,84.0,-15.0,4.7,100.0,1,0,7.712941176470588,13.7,85.20235294117647,3.1415294117647057
TSK-00291,2026-09-03,OP-014,MC-005,SITE-D,Material Loading,Clear,Rocky,Medium,Scheduled,89.0,105.0,16.0,7.5,100.0,0,0,7.5,19.4,85.76792452830189,2.7471698113207546
TSK-00292,2026-09-03,OP-014,MC-008,SITE-D,Trenching,Dust Storm,Hard Soil,Medium,Scheduled,93.0,81.0,-12.0,3.7,100.0,0,0,6.986585365853658,13.9,84.48902439024391,2.951219512195122
TSK-00293,2026-09-03,OP-014,MC-006,SITE-C,Excavation,Clear,Muddy,High,Scheduled,46.0,56.0,10.0,14.0,100.0,2,0,8.394736842105264,16.0,83.86842105263158,3.2124561403508776
TSK-00294,2026-09-03,OP-015,MC-001,SITE-B,Grading,Dust Storm,Rocky,High,Scheduled,79.0,73.0,-6.0,4.1,100.0,1,0,7.47972972972973,14.5,84.6391891891892,2.775
TSK-00295,2026-09-03,OP-015,MC-001,SITE-B,Excavation,Rain,Hard Soil,Low,Scheduled,77.0,82.0,5.0,8.4,100.0,1,0,7.597590361445784,15.2,84.89518072289157,3.100722891566265
TSK-00296,2026-09-04,OP-001,MC-007,SITE-B,Excavation,Clear,Rocky,High,Scheduled,89.0,92.0,3.0,5.4,100.0,1,0,7.903225806451613,14.7,84.5978494623656,3.037741935483871
TSK-00297,2026-09-04,OP-002,MC-001,SITE-B,Excavation,High Wind,Hard Soil,Medium,Scheduled,99.0,141.0,42.0,25.4,100.0,0,0,5.992957746478873,16.0,84.5,2.935774647887324
TSK-00298,2026-09-04,OP-002,MC-009,SITE-D,Grading,Rain,Rocky,Medium,Scheduled,95.0,95.0,0.0,27.1,100.0,1,1,5.901041666666667,15.6,85.71770833333333,3.1053125
TSK-00299,2026-09-04,OP-002,MC-007,SITE-A,Excavation,Rain,Hard Soil,High,Scheduled,79.0,86.0,7.0,18.4,100.0,0,0,6.8,15.6,84.683908045977,2.7203448275862065
TSK-00300,2026-09-04,OP-003,MC-001,SITE-D,Grading,High Wind,Soft Soil,Medium,Scheduled,76.0,74.0,-2.0,9.3,100.0,0,0,7.54,18.7,85.09866666666666,2.9134666666666664
TSK-00301,2026-09-04,OP-004,MC-008,SITE-C,Excavation,Clear,Soft Soil,Medium,Scheduled,80.0,89.0,9.0,5.6,100.0,1,1,6.86888888888889,16.4,84.85,2.9828888888888887
TSK-00302,2026-09-04,OP-004,MC-008,SITE-D,Demolition,Clear,Hard Soil,High,Scheduled,91.0,92.0,1.0,7.5,100.0,0,0,7.852688172043011,19.3,85.2279569892473,3.0333333333333337
TSK-00303,2026-09-04,OP-004,MC-007,SITE-C,Grading,Dust Storm,Rocky,Low,Scheduled,94.0,75.0,-19.0,1.3,100.0,0,0,7.593421052631579,15.0,86.1828947368421,2.9265789473684207
TSK-00304,2026-09-04,OP-005,MC-005,SITE-B,Excavation,Rain,Rocky,High,Scheduled,59.0,55.0,-4.0,0.0,100.0,0,0,7.998214285714285,14.1,85.34642857142856,3.0035714285714286
TSK-00305,2026-09-04,OP-005,MC-007,SITE-B,Demolition,Dust Storm,Muddy,Medium,Scheduled,69.0,66.0,-3.0,4.5,100.0,2,0,6.847761194029851,13.5,84.72985074626865,2.9320895522388057
TSK-00306,2026-09-04,OP-005,MC-007,SITE-A,Trenching,Rain,Hard Soil,Low,Scheduled,43.0,35.0,-8.0,5.6,100.0,0,0,7.719444444444444,12.9,84.93333333333334,3.004722222222222
TSK-00307,2026-09-04,OP-006,MC-001,SITE-B,Excavation,Clear,Hard Soil,Medium,Scheduled,47.0,39.0,-8.0,2.5,100.0,2,0,7.955,14.6,85.5325,3.4252499999999997
TSK-00308,2026-09-04,OP-006,MC-010,SITE-C,Material Loading,Clear,Soft Soil,Medium,Scheduled,106.0,106.0,0.0,3.7,100.0,1,0,7.817757009345795,16.8,84.56542056074767,2.9577570093457948
TSK-00309,2026-09-04,OP-006,MC-002,SITE-B,Excavation,Rain,Muddy,Medium,Scheduled,116.0,110.0,-6.0,6.3,100.0,3,0,7.745945945945945,15.6,85.13063063063063,3.0706306306306304
TSK-00310,2026-09-04,OP-007,MC-010,SITE-C,Excavation,Rain,Rocky,Medium,Scheduled,92.0,114.0,22.0,19.1,100.0,2,2,6.610434782608696,20.8,86.50608695652174,2.783391304347826
TSK-00311,2026-09-04,OP-008,MC-010,SITE-B,Trenching,Clear,Rocky,Medium,Scheduled,72.0,81.0,9.0,4.9,100.0,1,0,7.386585365853659,16.8,85.80121951219512,3.067073170731707
TSK-00312,2026-09-04,OP-009,MC-008,SITE-B,Demolition,Dust Storm,Soft Soil,High,Scheduled,106.0,129.0,23.0,3.1,0.0,0,1,7.9253846153846155,15.3,85.09,3.1186153846153846
TSK-00313,2026-09-04,OP-009,MC-007,SITE-C,Excavation,High Wind,Soft Soil,Low,Scheduled,157.0,157.0,0.0,3.8,100.0,0,0,7.658227848101266,15.1,84.71835443037975,2.904240506329114
TSK-00314,2026-09-04,OP-009,MC-002,SITE-B,Grading,Clear,Muddy,Low,Scheduled,56.0,48.0,-8.0,4.1,100.0,1,0,7.6020408163265305,15.6,83.80816326530613,3.076734693877551
TSK-00315,2026-09-04,OP-010,MC-009,SITE-A,Demolition,Clear,Soft Soil,Medium,Scheduled,86.0,65.0,-21.0,1.5,100.0,0,0,8.157575757575756,14.8,85.23333333333333,2.9116666666666666
TSK-00316,2026-09-04,OP-011,MC-001,SITE-D,Demolition,Clear,Muddy,High,Scheduled,155.0,175.0,20.0,23.9,100.0,0,0,6.288636363636363,16.3,85.34886363636363,2.992840909090909
TSK-00317,2026-09-04,OP-012,MC-005,SITE-D,Material Loading,Dust Storm,Hard Soil,High,Scheduled,84.0,82.0,-2.0,7.2,100.0,2,1,7.371084337349397,14.1,85.86385542168675,2.8504819277108435
TSK-00318,2026-09-04,OP-012,MC-009,SITE-A,Trenching,Clear,Soft Soil,High,Scheduled,84.0,85.0,1.0,1.2,100.0,1,0,7.601162790697675,13.6,85.2,3.048604651162791
TSK-00319,2026-09-04,OP-013,MC-004,SITE-D,Excavation,Clear,Hard Soil,Low,Scheduled,99.0,77.0,-22.0,6.4,100.0,0,0,6.811538461538461,15.0,84.83461538461539,2.877179487179487
TSK-00320,2026-09-04,OP-014,MC-003,SITE-D,Trenching,Dust Storm,Muddy,Medium,Scheduled,98.0,77.0,-21.0,5.1,100.0,0,0,7.301282051282051,14.9,85.7448717948718,3.2453846153846153
TSK-00321,2026-09-04,OP-014,MC-006,SITE-B,Material Loading,Clear,Muddy,High,Scheduled,98.0,120.0,22.0,2.5,100.0,0,0,7.8999999999999995,16.0,85.5892561983471,2.8095867768595038
TSK-00322,2026-09-04,OP-014,MC-002,SITE-B,Excavation,Rain,Rocky,Medium,Scheduled,95.0,93.0,-2.0,2.1,100.0,1,0,7.921276595744681,17.7,84.94255319148937,2.8827659574468085
TSK-00323,2026-09-04,OP-015,MC-004,SITE-B,Grading,Clear,Hard Soil,Medium,Scheduled,119.0,106.0,-13.0,7.5,100.0,2,0,7.676635514018692,15.3,85.08411214953271,2.960841121495327
TSK-00324,2026-09-04,OP-015,MC-002,SITE-A,Excavation,Dust Storm,Muddy,High,Scheduled,110.0,96.0,-14.0,2.1,100.0,2,0,8.272164948453607,16.5,85.70721649484537,3.2350515463917526
TSK-00325,2026-09-04,OP-015,MC-008,SITE-B,Grading,Clear,Soft Soil,Medium,Scheduled,102.0,98.0,-4.0,5.1,100.0,2,0,7.541414141414141,15.8,84.50707070707071,2.9633333333333334
TSK-00326,2026-09-05,OP-001,MC-008,SITE-A,Trenching,Clear,Hard Soil,Low,Scheduled,39.0,33.0,-6.0,5.9,100.0,1,0,8.120588235294118,14.9,83.17058823529412,2.8838235294117647
TSK-00327,2026-09-05,OP-002,MC-003,SITE-B,Demolition,Clear,Rocky,Low,Scheduled,63.0,73.0,10.0,27.0,100.0,0,0,5.891891891891892,16.7,86.08783783783784,3.0575675675675673
TSK-00328,2026-09-05,OP-003,MC-005,SITE-B,Trenching,Clear,Soft Soil,High,Scheduled,129.0,130.0,1.0,3.1,100.0,1,0,7.5473282442748095,14.5,85.02748091603054,3.2741984732824427
TSK-00329,2026-09-05,OP-003,MC-004,SITE-D,Demolition,Clear,Rocky,High,Scheduled,112.0,66.0,-46.0,10.4,100.0,2,0,7.110447761194029,12.8,82.83134328358209,2.9840298507462686
TSK-00330,2026-09-05,OP-004,MC-010,SITE-D,Trenching,Clear,Muddy,Low,Scheduled,84.0,54.0,-30.0,5.5,0.0,1,1,8.44909090909091,15.8,86.03999999999999,3.3196363636363637
TSK-00331,2026-09-05,OP-004,MC-007,SITE-B,Grading,Clear,Hard Soil,Medium,Scheduled,45.0,37.0,-8.0,5.3,100.0,0,0,7.718421052631579,14.8,86.33421052631579,3.1126315789473686
TSK-00332,2026-09-05,OP-004,MC-001,SITE-D,Trenching,Clear,Hard Soil,Medium,Scheduled,98.0,74.0,-24.0,4.0,0.0,3,1,7.342666666666667,14.6,83.82133333333334,2.7442666666666664
TSK-00333,2026-09-05,OP-005,MC-004,SITE-B,Material Loading,Rain,Muddy,Medium,Scheduled,97.0,94.0,-3.0,7.4,100.0,0,0,7.373684210526315,12.8,85.07578947368421,2.894526315789474
TSK-00334,2026-09-05,OP-006,MC-006,SITE-A,Material Loading,Clear,Soft Soil,Low,Scheduled,96.0,114.0,18.0,3.5,100.0,1,0,7.622608695652174,15.3,84.89217391304348,2.938521739130435
TSK-00335,2026-09-05,OP-007,MC-005,SITE-D,Grading,Dust Storm,Rocky,Medium,Scheduled,30.0,37.0,7.0,13.2,0.0,0,1,6.25,12.8,86.1236842105263,3.2242105263157894
TSK-00336,2026-09-05,OP-008,MC-009,SITE-B,Excavation,Rain,Muddy,Low,Scheduled,90.0,105.0,15.0,2.8,100.0,0,0,7.607547169811321,13.8,84.37358490566038,3.1735849056603773
TSK-00337,2026-09-05,OP-009,MC-005,SITE-B,Demolition,Clear,Rocky,Medium,Scheduled,102.0,81.0,-21.0,2.4,0.0,0,1,7.804878048780488,16.6,86.14878048780487,2.937682926829268
TSK-00338,2026-09-05,OP-010,MC-006,SITE-C,Material Loading,Clear,Muddy,Medium,Scheduled,97.0,94.0,-3.0,7.4,100.0,1,0,7.489473684210527,14.5,85.10526315789474,3.008
TSK-00339,2026-09-05,OP-010,MC-006,SITE-D,Material Loading,High Wind,Rocky,Medium,Scheduled,117.0,119.0,2.0,6.7,100.0,0,0,7.600833333333333,15.3,85.5775,2.9118333333333335
TSK-00340,2026-09-05,OP-010,MC-003,SITE-A,Demolition,Dust Storm,Hard Soil,Low,Scheduled,109.0,93.0,-16.0,3.2,100.0,0,0,7.525531914893617,13.7,85.17553191489361,2.8662765957446807
TSK-00341,2026-09-05,OP-011,MC-004,SITE-C,Grading,Clear,Hard Soil,Medium,Scheduled,105.0,129.0,24.0,22.3,100.0,1,1,6.532307692307692,18.2,83.55999999999999,3.113846153846154
TSK-00342,2026-09-05,OP-011,MC-002,SITE-D,Demolition,Rain,Rocky,Medium,Scheduled,99.0,127.0,28.0,23.4,100.0,3,1,6.4703125,24.6,84.85703125,3.08375
TSK-00343,2026-09-05,OP-012,MC-006,SITE-D,Grading,Rain,Rocky,Low,Scheduled,79.0,70.0,-9.0,8.5,100.0,0,0,7.267605633802817,13.4,84.81267605633802,2.8830985915492957
TSK-00344,2026-09-05,OP-012,MC-002,SITE-D,Grading,High Wind,Soft Soil,High,Scheduled,44.0,41.0,-3.0,4.8,100.0,1,0,7.059523809523809,14.0,84.97857142857143,3.0180952380952384
TSK-00345,2026-09-05,OP-012,MC-008,SITE-A,Excavation,Rain,Muddy,Low,Scheduled,97.0,102.0,5.0,7.8,100.0,0,0,7.306796116504855,14.3,83.63980582524272,2.8425242718446606
TSK-00346,2026-09-05,OP-013,MC-003,SITE-B,Excavation,Clear,Muddy,Medium,Scheduled,90.0,107.0,17.0,4.6,100.0,0,0,7.782407407407407,14.8,85.75462962962963,3.0794444444444444
TSK-00347,2026-09-05,OP-014,MC-005,SITE-D,Excavation,Clear,Muddy,Low,Scheduled,109.0,110.0,1.0,6.3,100.0,0,0,7.490990990990991,17.1,85.84504504504504,2.998738738738739
TSK-00348,2026-09-05,OP-015,MC-004,SITE-C,Excavation,Clear,Muddy,Low,Scheduled,125.0,131.0,6.0,8.3,100.0,1,0,7.003787878787879,16.5,84.62575757575758,3.2380303030303033
TSK-00349,2026-09-06,OP-001,MC-002,SITE-B,Grading,Clear,Rocky,Medium,Scheduled,79.0,73.0,-6.0,5.4,100.0,2,1,7.468918918918919,15.5,85.02972972972972,3.057837837837838
TSK-00350,2026-09-06,OP-002,MC-002,SITE-A,Material Loading,High Wind,Muddy,High,Scheduled,116.0,174.0,58.0,24.0,100.0,0,0,6.418857142857143,16.5,84.88514285714285,2.858057142857143
TSK-00351,2026-09-06,OP-002,MC-007,SITE-B,Material Loading,Rain,Soft Soil,High,Scheduled,113.0,144.0,31.0,22.1,100.0,1,1,6.241379310344827,17.3,85.43034482758621,3.1580689655172414
TSK-00352,2026-09-06,OP-003,MC-004,SITE-D,Trenching,Clear,Muddy,Low,Scheduled,73.0,79.0,6.0,6.2,100.0,0,0,7.54125,15.5,85.6275,3.18
TSK-00353,2026-09-06,OP-004,MC-002,SITE-A,Trenching,Dust Storm,Rocky,High,Scheduled,115.0,111.0,-4.0,3.6,100.0,0,0,7.751785714285715,15.1,83.81428571428572,2.858214285714286
TSK-00354,2026-09-06,OP-005,MC-009,SITE-B,Grading,High Wind,Muddy,Medium,Scheduled,83.0,67.0,-16.0,1.5,100.0,0,0,7.873529411764705,16.1,84.53823529411765,3.064117647058824
TSK-00355,2026-09-06,OP-006,MC-001,SITE-C,Demolition,Clear,Soft Soil,Low,Scheduled,63.0,87.0,24.0,5.7,100.0,0,0,8.031818181818181,15.9,85.67727272727274,2.937840909090909
TSK-00356,2026-09-06,OP-007,MC-005,SITE-B,Demolition,Clear,Muddy,Low,Scheduled,85.0,107.0,22.0,23.1,100.0,0,0,6.15,13.9,84.52314814814815,2.908796296296296
TSK-00357,2026-09-06,OP-007,MC-001,SITE-B,Demolition,Clear,Muddy,High,Scheduled,41.0,41.0,0.0,21.4,100.0,2,2,7.4,21.6,86.02857142857142,3.1035714285714286
TSK-00358,2026-09-06,OP-008,MC-002,SITE-B,Excavation,Clear,Rocky,Low,Scheduled,109.0,93.0,-16.0,3.2,100.0,2,0,8.068085106382979,14.7,84.5095744680851,2.9824468085106384
TSK-00359,2026-09-06,OP-008,MC-006,SITE-D,Grading,Dust Storm,Rocky,High,Scheduled,52.0,35.0,-17.0,2.8,100.0,1,0,7.8500000000000005,15.1,88.00277777777778,2.8675
TSK-00360,2026-09-06,OP-009,MC-010,SITE-A,Material Loading,Rain,Muddy,Medium,Scheduled,102.0,83.0,-19.0,6.0,100.0,2,0,7.716666666666667,14.5,84.45357142857144,2.872976190476191
TSK-00361,2026-09-06,OP-009,MC-010,SITE-C,Demolition,High Wind,Muddy,Low,Scheduled,156.0,173.0,17.0,7.5,0.0,0,1,7.13448275862069,15.7,84.39195402298851,2.8770689655172417
TSK-00362,2026-09-06,OP-009,MC-003,SITE-A,Demolition,Clear,Hard Soil,High,Scheduled,71.0,52.0,-19.0,3.8,0.0,0,1,7.6169811320754715,15.6,85.20377358490566,3.0324528301886793
TSK-00363,2026-09-06,OP-010,MC-003,SITE-C,Grading,Clear,Hard Soil,High,Scheduled,90.0,77.0,-13.0,9.0,100.0,3,0,6.71025641025641,13.6,85.47051282051282,3.062179487179487
TSK-00364,2026-09-06,OP-011,MC-005,SITE-C,Excavation,Clear,Rocky,Medium,Scheduled,115.0,137.0,22.0,25.4,100.0,0,0,6.08840579710145,17.7,84.63623188405796,3.014927536231884
TSK-00365,2026-09-06,OP-011,MC-005,SITE-C,Excavation,Clear,Hard Soil,Medium,Scheduled,94.0,136.0,42.0,24.1,100.0,3,2,6.84963503649635,21.4,84.46204379562043,3.037883211678832
TSK-00366,2026-09-06,OP-011,MC-005,SITE-D,Excavation,Clear,Rocky,High,Scheduled,118.0,121.0,3.0,29.5,100.0,2,1,5.866393442622951,17.1,84.93606557377049,2.8590983606557376
TSK-00367,2026-09-06,OP-012,MC-005,SITE-D,Excavation,Clear,Muddy,Low,Scheduled,127.0,142.0,15.0,6.3,100.0,0,0,7.340559440559441,16.3,85.3972027972028,2.7816783216783216
TSK-00368,2026-09-06,OP-013,MC-006,SITE-D,Grading,Clear,Rocky,Medium,Scheduled,102.0,82.0,-20.0,3.6,100.0,0,0,7.50843373493976,13.6,83.3012048192771,2.8996385542168674
TSK-00369,2026-09-06,OP-014,MC-005,SITE-A,Grading,Clear,Muddy,Medium,Scheduled,86.0,98.0,12.0,3.0,100.0,1,0,7.757575757575758,15.0,84.20707070707071,3.0985858585858583
TSK-00370,2026-09-06,OP-014,MC-001,SITE-A,Material Loading,Clear,Hard Soil,High,Scheduled,108.0,117.0,9.0,5.1,100.0,1,0,8.058474576271186,17.2,84.80508474576271,3.049576271186441
TSK-00371,2026-09-06,OP-014,MC-002,SITE-B,Trenching,Clear,Rocky,Low,Scheduled,55.0,57.0,2.0,1.7,100.0,2,0,7.427586206896552,13.8,85.07413793103449,3.1598275862068967
TSK-00372,2026-09-06,OP-015,MC-001,SITE-D,Material Loading,Clear,Muddy,High,Scheduled,94.0,98.0,4.0,4.0,100.0,2,1,7.636363636363637,16.6,84.86060606060607,2.845757575757576
TSK-00373,2026-09-06,OP-015,MC-002,SITE-C,Material Loading,Rain,Hard Soil,Medium,Scheduled,79.0,76.0,-3.0,10.4,100.0,2,0,7.409090909090909,16.5,83.07142857142857,2.8396103896103897
TSK-00374,2026-09-06,OP-015,MC-007,SITE-B,Trenching,High Wind,Rocky,High,Scheduled,57.0,53.0,-4.0,3.7,100.0,1,0,7.67962962962963,16.5,85.04074074074073,3.2661111111111114
TSK-00375,2026-09-07,OP-001,MC-003,SITE-C,Trenching,Clear,Muddy,Medium,Scheduled,113.0,129.0,16.0,3.8,100.0,0,0,8.268461538461539,17.2,83.85923076923078,2.9899999999999998
TSK-00376,2026-09-07,OP-001,MC-005,SITE-B,Demolition,High Wind,Hard Soil,High,Scheduled,132.0,116.0,-16.0,3.4,100.0,2,0,7.401709401709402,16.1,85.98205128205127,2.7732478632478634
TSK-00377,2026-09-07,OP-001,MC-005,SITE-D,Grading,Clear,Rocky,High,Scheduled,73.0,67.0,-6.0,1.5,100.0,1,0,8.576470588235296,14.9,82.53676470588235,3.3397058823529413
TSK-00378,2026-09-07,OP-002,MC-008,SITE-D,Grading,Rain,Hard Soil,Medium,Scheduled,30.0,45.0,15.0,28.3,100.0,2,1,6.5456521739130435,15.1,86.35652173913044,2.7354347826086958
TSK-00379,2026-09-07,OP-003,MC-006,SITE-D,Excavation,Clear,Muddy,High,Scheduled,97.0,76.0,-21.0,3.9,100.0,0,0,7.471428571428571,15.6,84.43896103896104,3.2253246753246754
TSK-00380,2026-09-07,OP-004,MC-002,SITE-A,Material Loading,Rain,Soft Soil,Low,Scheduled,67.0,49.0,-18.0,6.0,100.0,0,0,7.263999999999999,13.9,84.898,3.1296
TSK-00381,2026-09-07,OP-004,MC-006,SITE-C,Grading,Rain,Soft Soil,High,Scheduled,66.0,61.0,-5.0,0.0,0.0,2,1,8.27741935483871,14.7,84.45806451612903,2.894516129032258
TSK-00382,2026-09-07,OP-004,MC-005,SITE-C,Trenching,Clear,Soft Soil,Medium,Scheduled,128.0,89.0,-39.0,10.0,100.0,0,0,7.2588888888888885,14.6,83.47777777777777,2.957777777777778
TSK-00383,2026-09-07,OP-005,MC-002,SITE-D,Material Loading,Clear,Hard Soil,Medium,Scheduled,106.0,76.0,-30.0,6.5,100.0,0,0,7.257142857142856,15.6,85.44415584415584,2.7653246753246754
TSK-00384,2026-09-07,OP-006,MC-002,SITE-A,Material Loading,Clear,Soft Soil,Low,Scheduled,123.0,106.0,-17.0,4.7,100.0,0,0,7.782242990654206,14.0,84.9766355140187,3.1477570093457943
TSK-00385,2026-09-07,OP-007,MC-009,SITE-C,Material Loading,Clear,Hard Soil,High,Scheduled,123.0,118.0,-5.0,24.4,100.0,1,1,6.751260504201681,21.1,85.62605042016807,3.0649579831932776
TSK-00386,2026-09-07,OP-008,MC-008,SITE-D,Excavation,Clear,Muddy,Medium,Scheduled,109.0,108.0,-1.0,1.8,100.0,1,1,7.7605504587155965,14.5,84.53211009174312,3.028807339449541
TSK-00387,2026-09-07,OP-008,MC-007,SITE-C,Excavation,Dust Storm,Soft Soil,Low,Scheduled,95.0,90.0,-5.0,4.4,100.0,1,0,8.164835164835164,16.3,84.75054945054946,3.0373626373626372
TSK-00388,2026-09-07,OP-008,MC-009,SITE-A,Grading,High Wind,Hard Soil,High,Scheduled,67.0,74.0,7.0,6.7,100.0,0,0,6.614666666666667,13.5,83.62400000000001,2.9232
TSK-00389,2026-09-07,OP-009,MC-006,SITE-C,Demolition,Clear,Muddy,Low,Scheduled,99.0,102.0,3.0,5.8,100.0,1,0,7.340776699029126,14.8,84.44174757281553,2.9446601941747574
TSK-00390,2026-09-07,OP-010,MC-001,SITE-B,Trenching,Clear,Hard Soil,Medium,Scheduled,106.0,126.0,20.0,3.1,100.0,2,0,7.771653543307087,16.6,85.24015748031496,3.010472440944882
TSK-00391,2026-09-07,OP-010,MC-009,SITE-D,Excavation,Rain,Hard Soil,Medium,Scheduled,112.0,110.0,-2.0,3.6,100.0,1,0,7.695495495495495,14.9,84.34414414414415,3.066756756756757
TSK-00392,2026-09-07,OP-010,MC-002,SITE-A,Demolition,Clear,Rocky,Low,Scheduled,96.0,98.0,2.0,3.0,100.0,1,0,7.857575757575757,15.4,84.04545454545455,3.0914141414141416
TSK-00393,2026-09-07,OP-011,MC-003,SITE-C,Trenching,Clear,Rocky,High,Scheduled,53.0,52.0,-1.0,17.0,100.0,0,0,7.024528301886793,18.0,85.34905660377359,2.5584905660377357
TSK-00394,2026-09-07,OP-011,MC-001,SITE-D,Demolition,Clear,Rocky,Medium,Scheduled,76.0,112.0,36.0,21.2,100.0,2,2,7.528318584070797,19.4,85.22831858407079,3.028938053097345
TSK-00395,2026-09-07,OP-011,MC-009,SITE-C,Demolition,Clear,Hard Soil,Medium,Scheduled,88.0,96.0,8.0,16.5,100.0,0,0,7.088659793814434,14.6,85.44432989690722,2.9299999999999997
TSK-00396,2026-09-07,OP-012,MC-010,SITE-C,Excavation,Clear,Hard Soil,High,Scheduled,87.0,75.0,-12.0,0.0,100.0,0,0,8.021052631578948,15.0,85.89868421052631,2.9725
TSK-00397,2026-09-07,OP-013,MC-008,SITE-B,Demolition,Clear,Hard Soil,Medium,Scheduled,69.0,63.0,-6.0,6.2,100.0,1,0,8.0109375,15.5,85.678125,3.01125
TSK-00398,2026-09-07,OP-013,MC-003,SITE-B,Trenching,Clear,Hard Soil,Medium,Scheduled,90.0,96.0,6.0,7.2,100.0,0,0,7.681443298969072,15.0,85.0360824742268,2.9476288659793815
TSK-00399,2026-09-07,OP-013,MC-008,SITE-A,Material Loading,High Wind,Muddy,Low,Scheduled,61.0,49.0,-12.0,4.0,100.0,1,0,6.946000000000001,13.0,83.348,3.2474000000000003
TSK-00400,2026-09-07,OP-014,MC-010,SITE-D,Trenching,Rain,Muddy,High,Scheduled,63.0,52.0,-11.0,1.9,0.0,0,1,7.820754716981132,12.8,82.6566037735849,2.818490566037736
TSK-00401,2026-09-07,OP-015,MC-001,SITE-B,Excavation,Clear,Hard Soil,Medium,Scheduled,50.0,55.0,5.0,1.8,100.0,1,0,7.671428571428572,15.2,83.675,3.17875
TSK-00402,2026-09-07,OP-015,MC-006,SITE-C,Grading,Clear,Hard Soil,Medium,Scheduled,30.0,25.0,-5.0,0.0,100.0,0,0,8.53076923076923,13.7,84.83076923076922,2.628076923076923
TSK-00403,2026-09-07,OP-015,MC-006,SITE-A,Demolition,Clear,Rocky,High,Scheduled,95.0,101.0,6.0,5.9,100.0,0,0,7.2441176470588236,14.2,83.7578431372549,3.043921568627451
TSK-00404,2026-09-08,OP-001,MC-009,SITE-B,Trenching,Clear,Hard Soil,Medium,Scheduled,118.0,142.0,24.0,4.9,100.0,1,0,7.606293706293707,16.1,83.97342657342658,3.1006293706293704
TSK-00405,2026-09-08,OP-002,MC-006,SITE-C,Material Loading,Dust Storm,Soft Soil,Medium,Scheduled,30.0,40.0,10.0,19.5,100.0,0,0,6.4975609756097565,14.3,85.97560975609755,3.035609756097561
TSK-00406,2026-09-08,OP-003,MC-001,SITE-B,Demolition,Rain,Muddy,Low,Scheduled,110.0,119.0,9.0,5.0,100.0,0,0,8.3225,18.4,85.62416666666667,2.8609999999999998
TSK-00407,2026-09-08,OP-004,MC-003,SITE-B,Excavation,Clear,Rocky,High,Scheduled,55.0,49.0,-6.0,6.0,0.0,0,1,7.444,14.6,84.28200000000001,2.8618
TSK-00408,2026-09-08,OP-005,MC-007,SITE-C,Material Loading,Clear,Soft Soil,Low,Scheduled,133.0,138.0,5.0,2.9,100.0,1,0,8.028057553956835,16.1,85.24244604316547,3.0227338129496406
TSK-00409,2026-09-08,OP-006,MC-010,SITE-C,Grading,Rain,Hard Soil,Low,Scheduled,38.0,50.0,12.0,3.9,100.0,0,0,7.394117647058824,13.7,84.96274509803922,2.8984313725490196
TSK-00410,2026-09-08,OP-006,MC-007,SITE-C,Grading,Rain,Muddy,Medium,Scheduled,95.0,79.0,-16.0,3.8,100.0,3,1,8.334999999999999,15.7,84.63250000000001,3.0151250000000003
TSK-00411,2026-09-08,OP-006,MC-002,SITE-C,Trenching,Clear,Soft Soil,High,Scheduled,58.0,48.0,-10.0,8.2,100.0,2,1,8.344897959183672,15.6,86.44081632653062,2.900612244897959
TSK-00412,2026-09-08,OP-007,MC-005,SITE-C,Material Loading,Clear,Muddy,Medium,Scheduled,109.0,143.0,34.0,29.9,100.0,1,1,5.9319444444444445,17.5,84.69166666666666,3.0838888888888887
TSK-00413,2026-09-08,OP-008,MC-004,SITE-D,Material Loading,Dust Storm,Muddy,Low,Scheduled,102.0,117.0,15.0,6.8,100.0,0,0,7.61864406779661,15.4,84.7677966101695,2.874406779661017
TSK-00414,2026-09-08,OP-009,MC-002,SITE-D,Material Loading,Clear,Rocky,Medium,Scheduled,89.0,78.0,-11.0,1.3,100.0,1,0,7.9962025316455705,14.7,83.88607594936708,3.260506329113924
TSK-00415,2026-09-08,OP-009,MC-005,SITE-D,Material Loading,Dust Storm,Soft Soil,Low,Scheduled,110.0,104.0,-6.0,5.7,100.0,3,1,7.931428571428571,16.0,85.8742857142857,3.0945714285714288
TSK-00416,2026-09-08,OP-009,MC-004,SITE-D,Excavation,Clear,Hard Soil,Medium,Scheduled,91.0,91.0,0.0,3.3,100.0,0,0,8.04782608695652,16.6,85.075,2.8831521739130435
TSK-00417,2026-09-08,OP-010,MC-002,SITE-D,Grading,High Wind,Hard Soil,High,Scheduled,177.0,173.0,-4.0,4.0,100.0,0,0,7.585057471264368,14.3,85.03275862068966,3.1294827586206897
TSK-00418,2026-09-08,OP-010,MC-002,SITE-B,Material Loading,Clear,Rocky,Medium,Scheduled,56.0,53.0,-3.0,9.3,100.0,1,0,6.975925925925925,12.4,85.02962962962964,2.9596296296296294
TSK-00419,2026-09-08,OP-010,MC-004,SITE-C,Grading,Clear,Rocky,High,Scheduled,59.0,52.0,-7.0,9.4,100.0,0,0,7.343396226415094,16.3,85.33396226415094,3.062075471698113
TSK-00420,2026-09-08,OP-011,MC-010,SITE-A,Excavation,Clear,Muddy,Low,Scheduled,59.0,63.0,4.0,29.7,100.0,1,1,5.996875,21.6,86.8640625,2.87015625
TSK-00421,2026-09-08,OP-012,MC-003,SITE-D,Excavation,Clear,Rocky,Low,Scheduled,49.0,38.0,-11.0,0.0,100.0,0,0,8.828205128205129,14.7,86.03846153846153,3.0646153846153843
TSK-00422,2026-09-08,OP-013,MC-004,SITE-D,Excavation,Clear,Soft Soil,High,Scheduled,85.0,97.0,12.0,7.1,100.0,0,0,6.802040816326531,13.2,85.55816326530613,2.983061224489796
TSK-00423,2026-09-08,OP-013,MC-008,SITE-A,Material Loading,Clear,Rocky,Low,Scheduled,73.0,79.0,6.0,5.0,100.0,0,0,7.3625,16.6,84.91125,2.882625
TSK-00424,2026-09-08,OP-013,MC-009,SITE-B,Grading,Clear,Soft Soil,High,Scheduled,50.0,55.0,5.0,5.4,100.0,1,0,7.317857142857143,13.1,83.3625,3.262857142857143
TSK-00425,2026-09-08,OP-014,MC-007,SITE-C,Grading,Rain,Hard Soil,Medium,Scheduled,92.0,85.0,-7.0,4.7,100.0,0,0,7.4976744186046504,15.9,83.4267441860465,3.129302325581395
TSK-00426,2026-09-08,OP-015,MC-007,SITE-A,Excavation,Clear,Soft Soil,High,Scheduled,37.0,41.0,4.0,4.8,100.0,0,0,7.8047619047619055,13.6,84.86190476190475,3.214761904761905
TSK-00427,2026-09-08,OP-015,MC-004,SITE-C,Trenching,Clear,Hard Soil,Low,Scheduled,86.0,92.0,6.0,5.4,100.0,1,0,7.759139784946237,13.9,85.1989247311828,2.8890322580645162
TSK-00428,2026-09-08,OP-015,MC-002,SITE-A,Grading,Clear,Rocky,High,Scheduled,151.0,209.0,58.0,2.4,100.0,0,0,7.919047619047619,16.9,85.97714285714287,2.994285714285714
TSK-00429,2026-09-09,OP-001,MC-008,SITE-B,Demolition,Rain,Hard Soil,High,Scheduled,113.0,100.0,-13.0,5.9,100.0,0,0,7.75940594059406,15.0,84.9049504950495,3.1164356435643565
TSK-00430,2026-09-09,OP-002,MC-010,SITE-A,Grading,Clear,Soft Soil,Low,Scheduled,106.0,141.0,35.0,26.8,100.0,1,1,6.394366197183099,20.5,85.69225352112676,2.899718309859155
TSK-00431,2026-09-09,OP-002,MC-007,SITE-A,Demolition,Dust Storm,Soft Soil,Medium,Scheduled,100.0,108.0,8.0,27.5,0.0,1,1,5.743119266055046,19.3,86.44587155963303,2.9594495412844037
TSK-00432,2026-09-09,OP-002,MC-006,SITE-B,Trenching,Dust Storm,Muddy,Medium,Scheduled,112.0,165.0,53.0,27.7,100.0,1,0,6.316867469879518,14.4,85.19939759036144,3.0907831325301207
TSK-00433,2026-09-09,OP-003,MC-005,SITE-A,Excavation,Clear,Soft Soil,Medium,Scheduled,133.0,140.0,7.0,5.0,100.0,0,0,7.3546099290780145,14.8,84.67588652482269,3.288723404255319
TSK-00434,2026-09-09,OP-004,MC-002,SITE-A,Trenching,Clear,Muddy,Medium,Scheduled,97.0,88.0,-9.0,5.6,0.0,0,1,6.898876404494382,15.4,84.28988764044944,2.898876404494382
TSK-00435,2026-09-09,OP-005,MC-006,SITE-B,Material Loading,Clear,Soft Soil,High,Scheduled,44.0,36.0,-8.0,10.8,100.0,1,1,7.678378378378379,13.9,84.28108108108108,3.09054054054054
TSK-00436,2026-09-09,OP-005,MC-008,SITE-B,Demolition,Clear,Soft Soil,Medium,Scheduled,60.0,70.0,10.0,5.6,100.0,0,0,8.066197183098593,17.5,86.13098591549296,2.992112676056338
TSK-00437,2026-09-09,OP-005,MC-008,SITE-B,Excavation,Clear,Muddy,Low,Scheduled,33.0,27.0,-6.0,14.3,100.0,0,0,6.482142857142857,13.1,84.08571428571429,3.0982142857142856
TSK-00438,2026-09-09,OP-006,MC-006,SITE-C,Grading,Clear,Hard Soil,High,Scheduled,119.0,136.0,17.0,5.1,100.0,0,0,7.605109489051095,15.6,84.52846715328467,2.9996350364963504
TSK-00439,2026-09-09,OP-006,MC-004,SITE-B,Trenching,High Wind,Rocky,Low,Scheduled,67.0,58.0,-9.0,3.4,100.0,1,0,7.823728813559322,14.1,85.62203389830508,2.7467796610169493
TSK-00440,2026-09-09,OP-006,MC-008,SITE-B,Material Loading,Rain,Soft Soil,Low,Scheduled,99.0,87.0,-12.0,9.1,100.0,3,0,7.331818181818182,12.9,85.57386363636364,3.0231818181818184
TSK-00441,2026-09-09,OP-007,MC-010,SITE-C,Demolition,Clear,Soft Soil,Medium,Scheduled,116.0,128.0,12.0,24.8,100.0,0,0,6.006976744186046,14.1,85.17751937984495,3.0130232558139536
TSK-00442,2026-09-09,OP-007,MC-008,SITE-C,Excavation,Clear,Hard Soil,Medium,Scheduled,40.0,50.0,10.0,21.6,100.0,2,2,6.101960784313725,20.9,85.7392156862745,2.978627450980392
TSK-00443,2026-09-09,OP-008,MC-010,SITE-A,Demolition,Rain,Soft Soil,Low,Scheduled,138.0,169.0,31.0,4.1,100.0,0,0,7.561176470588236,14.5,84.60823529411765,2.9071176470588234
TSK-00444,2026-09-09,OP-009,MC-003,SITE-A,Grading,Clear,Rocky,Medium,Scheduled,114.0,125.0,11.0,4.8,100.0,1,0,7.364285714285714,16.9,84.86587301587302,2.8590476190476193
TSK-00445,2026-09-09,OP-010,MC-006,SITE-A,Demolition,Dust Storm,Muddy,Low,Scheduled,106.0,122.0,16.0,3.3,100.0,0,0,7.6918699186991875,17.8,84.88861788617885,2.9860162601626015
TSK-00446,2026-09-09,OP-011,MC-006,SITE-D,Material Loading,Clear,Soft Soil,High,Scheduled,106.0,136.0,30.0,29.2,100.0,2,0,5.757664233576642,16.2,84.73065693430657,3.0606569343065693
TSK-00447,2026-09-09,OP-011,MC-008,SITE-A,Demolition,Rain,Soft Soil,Low,Scheduled,82.0,122.0,40.0,29.3,100.0,0,0,6.011382113821138,15.3,86.48861788617886,3.0097560975609756
TSK-00448,2026-09-09,OP-012,MC-002,SITE-D,Excavation,Dust Storm,Rocky,Medium,Scheduled,101.0,97.0,-4.0,5.1,100.0,3,1,7.6846938775510205,15.6,86.33673469387755,3.146938775510204
TSK-00449,2026-09-09,OP-013,MC-009,SITE-D,Excavation,Clear,Rocky,High,Scheduled,80.0,84.0,4.0,5.9,100.0,1,0,7.190588235294118,13.4,86.65529411764706,2.982470588235294
TSK-00450,2026-09-09,OP-013,MC-009,SITE-B,Trenching,Clear,Muddy,Low,Scheduled,92.0,102.0,10.0,1.0,100.0,1,0,7.774757281553398,14.5,84.27281553398059,2.7864077669902914
TSK-00451,2026-09-09,OP-014,MC-005,SITE-A,Trenching,Clear,Rocky,High,Scheduled,123.0,87.0,-36.0,4.5,100.0,0,0,6.917045454545455,13.8,85.59772727272728,2.814318181818182
TSK-00452,2026-09-09,OP-015,MC-005,SITE-A,Trenching,Dust Storm,Rocky,Low,Scheduled,69.0,57.0,-12.0,1.7,100.0,2,1,7.968965517241379,14.3,84.03103448275863,3.0679310344827586
TSK-00453,2026-09-10,OP-001,MC-002,SITE-D,Trenching,High Wind,Hard Soil,High,Scheduled,59.0,66.0,7.0,4.5,100.0,0,0,7.63134328358209,17.6,85.7134328358209,3.106716417910448
TSK-00454,2026-09-10,OP-002,MC-007,SITE-A,Grading,Dust Storm,Muddy,High,Scheduled,90.0,109.0,19.0,31.8,100.0,0,0,5.359090909090909,17.2,86.57909090909092,3.0797272727272724
TSK-00455,2026-09-10,OP-002,MC-007,SITE-D,Excavation,Clear,Hard Soil,High,Scheduled,51.0,54.0,3.0,32.7,100.0,3,1,5.7309090909090905,17.6,85.0490909090909,3.0825454545454543
TSK-00456,2026-09-10,OP-003,MC-004,SITE-A,Trenching,Rain,Hard Soil,Low,Scheduled,91.0,106.0,15.0,3.7,100.0,2,0,7.4196261682242985,16.6,84.30747663551402,3.0149532710280376
TSK-00457,2026-09-10,OP-003,MC-002,SITE-C,Material Loading,High Wind,Muddy,High,Scheduled,46.0,59.0,13.0,1.7,100.0,3,0,8.555,14.9,83.66000000000001,3.0751666666666666
TSK-00458,2026-09-10,OP-003,MC-008,SITE-C,Trenching,Clear,Soft Soil,Low,Scheduled,83.0,88.0,5.0,6.7,100.0,0,0,7.507865168539326,15.4,84.29438202247191,3.017078651685393
TSK-00459,2026-09-10,OP-004,MC-007,SITE-B,Excavation,Clear,Muddy,Medium,Scheduled,138.0,117.0,-21.0,2.5,0.0,1,1,7.559322033898305,15.7,84.38983050847457,3.121271186440678
TSK-00460,2026-09-10,OP-005,MC-004,SITE-C,Grading,Clear,Muddy,Medium,Scheduled,127.0,144.0,17.0,6.2,100.0,0,0,7.78896551724138,17.2,86.11655172413793,2.973793103448276
TSK-00461,2026-09-10,OP-005,MC-005,SITE-A,Grading,Dust Storm,Rocky,High,Scheduled,76.0,47.0,-29.0,8.3,100.0,0,0,7.141666666666667,12.7,84.07916666666667,2.9141666666666666
TSK-00462,2026-09-10,OP-005,MC-009,SITE-B,Material Loading,Clear,Hard Soil,Medium,Scheduled,67.0,63.0,-4.0,9.4,0.0,0,1,7.36875,15.1,82.73125,3.1915625
TSK-00463,2026-09-10,OP-006,MC-001,SITE-C,Material Loading,Dust Storm,Hard Soil,Low,Scheduled,87.0,88.0,1.0,7.9,100.0,0,0,7.786516853932584,13.7,84.53483146067416,3.130898876404494
TSK-00464,2026-09-10,OP-006,MC-006,SITE-D,Demolition,Rain,Hard Soil,Low,Scheduled,131.0,119.0,-12.0,5.8,100.0,2,1,7.079166666666667,14.8,85.20833333333333,2.7646666666666664
TSK-00465,2026-09-10,OP-006,MC-002,SITE-A,Grading,Clear,Soft Soil,Low,Scheduled,102.0,108.0,6.0,2.8,100.0,0,0,7.180733944954129,17.7,84.73761467889908,2.801559633027523
TSK-00466,2026-09-10,OP-007,MC-003,SITE-D,Material Loading,Rain,Soft Soil,High,Scheduled,106.0,146.0,40.0,20.4,100.0,0,0,6.482312925170068,15.0,84.2312925170068,2.9880272108843537
TSK-00467,2026-09-10,OP-008,MC-003,SITE-A,Excavation,Clear,Muddy,Low,Scheduled,133.0,134.0,1.0,3.7,100.0,1,0,7.4799999999999995,16.7,85.72666666666667,2.965851851851852
TSK-00468,2026-09-10,OP-008,MC-010,SITE-C,Excavation,Clear,Muddy,Low,Scheduled,101.0,74.0,-27.0,1.3,100.0,0,0,8.049333333333333,14.9,85.08,2.8318666666666665
TSK-00469,2026-09-10,OP-009,MC-010,SITE-D,Trenching,Clear,Muddy,Low,Scheduled,109.0,98.0,-11.0,2.0,100.0,1,0,7.968686868686868,15.4,84.20808080808081,3.025858585858586
TSK-00470,2026-09-10,OP-010,MC-004,SITE-B,Material Loading,Clear,Hard Soil,Low,Scheduled,128.0,109.0,-19.0,7.3,100.0,1,0,7.618181818181818,16.3,85.69181818181819,3.0942727272727275
TSK-00471,2026-09-10,OP-010,MC-001,SITE-C,Trenching,Clear,Muddy,Low,Scheduled,93.0,85.0,-8.0,2.3,100.0,0,0,8.301162790697674,16.8,85.71162790697674,3.0740697674418604
TSK-00472,2026-09-10,OP-011,MC-003,SITE-D,Grading,Clear,Hard Soil,High,Scheduled,84.0,120.0,36.0,24.8,100.0,0,0,6.364462809917356,16.9,84.88181818181819,2.9242148760330577
TSK-00473,2026-09-10,OP-012,MC-001,SITE-C,Trenching,Clear,Muddy,Medium,Scheduled,45.0,42.0,-3.0,7.0,100.0,1,0,7.006976744186047,14.9,85.37674418604651,3.1665116279069765
TSK-00474,2026-09-10,OP-013,MC-004,SITE-C,Grading,Clear,Hard Soil,Low,Scheduled,97.0,88.0,-9.0,5.6,100.0,0,0,7.819101123595505,14.5,85.39213483146067,2.9117977528089884
TSK-00475,2026-09-10,OP-013,MC-002,SITE-A,Trenching,Clear,Hard Soil,Low,Scheduled,78.0,84.0,6.0,4.7,100.0,2,1,7.828235294117647,16.5,84.8435294117647,3.1925882352941177
TSK-00476,2026-09-10,OP-014,MC-002,SITE-B,Material Loading,Clear,Soft Soil,Low,Scheduled,88.0,80.0,-8.0,1.2,100.0,2,1,7.867901234567901,15.2,84.88024691358025,2.9944444444444445
TSK-00477,2026-09-10,OP-015,MC-001,SITE-B,Grading,Clear,Rocky,High,Scheduled,85.0,76.0,-9.0,3.9,100.0,1,1,7.754545454545455,13.7,85.63116883116884,2.9750649350649354
TSK-00478,2026-09-10,OP-015,MC-010,SITE-A,Material Loading,High Wind,Hard Soil,High,Scheduled,37.0,36.0,-1.0,2.7,100.0,0,0,7.237837837837838,13.6,85.5054054054054,2.9694594594594594
TSK-00479,2026-09-10,OP-015,MC-001,SITE-D,Demolition,Clear,Muddy,Low,Scheduled,44.0,43.0,-1.0,2.3,100.0,1,0,7.890909090909091,15.3,85.61136363636363,2.8804545454545454
TSK-00480,2026-09-11,OP-001,MC-005,SITE-B,Demolition,Clear,Muddy,Low,Scheduled,108.0,119.0,11.0,4.2,100.0,2,1,7.995,16.2,85.34166666666667,2.9886666666666666
TSK-00481,2026-09-11,OP-002,MC-005,SITE-B,Material Loading,Rain,Rocky,Low,Scheduled,116.0,111.0,-5.0,31.2,100.0,0,0,6.258035714285714,15.5,84.95178571428572,2.9950892857142857
TSK-00482,2026-09-11,OP-002,MC-004,SITE-B,Demolition,Rain,Hard Soil,Low,Scheduled,138.0,149.0,11.0,28.7,100.0,2,2,6.204666666666667,20.4,85.13,2.9676
TSK-00483,2026-09-11,OP-003,MC-005,SITE-C,Trenching,Clear,Rocky,Medium,Scheduled,100.0,101.0,1.0,5.9,100.0,0,0,7.837254901960784,15.8,84.31666666666666,2.8892156862745098
TSK-00484,2026-09-11,OP-003,MC-007,SITE-B,Grading,Rain,Muddy,High,Scheduled,91.0,82.0,-9.0,2.4,100.0,1,0,7.672289156626506,15.2,85.70602409638555,3.0544578313253012
TSK-00485,2026-09-11,OP-004,MC-007,SITE-B,Demolition,Rain,Rocky,Low,Scheduled,106.0,62.0,-44.0,3.2,0.0,1,1,8.006349206349206,18.6,85.2873015873016,3.135873015873016
TSK-00486,2026-09-11,OP-004,MC-001,SITE-D,Material Loading,Rain,Rocky,Low,Scheduled,96.0,125.0,29.0,5.6,100.0,1,0,7.38968253968254,14.9,83.83492063492064,3.2284126984126984
TSK-00487,2026-09-11,OP-004,MC-004,SITE-A,Demolition,Clear,Soft Soil,Low,Scheduled,112.0,120.0,8.0,5.0,100.0,0,0,7.483471074380165,15.4,86.2793388429752,2.8070247933884294
TSK-00488,2026-09-11,OP-005,MC-006,SITE-A,Trenching,Clear,Soft Soil,Low,Scheduled,88.0,83.0,-5.0,8.3,100.0,3,0,7.594047619047619,18.0,86.87261904761905,2.8516666666666666
TSK-00489,2026-09-11,OP-005,MC-003,SITE-C,Grading,Rain,Soft Soil,High,Scheduled,103.0,86.0,-17.0,1.1,100.0,3,1,7.3356321839080465,14.9,86.28850574712644,2.947356321839081
TSK-00490,2026-09-11,OP-006,MC-001,SITE-A,Material Loading,Clear,Soft Soil,Medium,Scheduled,69.0,46.0,-23.0,4.3,100.0,0,0,7.9,14.0,85.28510638297873,2.954468085106383
TSK-00491,2026-09-11,OP-006,MC-010,SITE-A,Excavation,Clear,Muddy,High,Scheduled,88.0,87.0,-1.0,4.5,0.0,0,1,7.098863636363637,12.6,84.33181818181818,2.783977272727273
TSK-00492,2026-09-11,OP-007,MC-006,SITE-D,Trenching,Dust Storm,Rocky,High,Scheduled,47.0,74.0,27.0,20.0,100.0,2,1,5.988,20.9,85.576,3.0104
TSK-00493,2026-09-11,OP-007,MC-003,SITE-A,Trenching,Rain,Hard Soil,Low,Scheduled,51.0,60.0,9.0,24.6,100.0,0,0,6.385245901639344,14.5,85.11475409836065,2.9314754098360654
TSK-00494,2026-09-11,OP-007,MC-001,SITE-A,Excavation,Clear,Rocky,Medium,Scheduled,87.0,116.0,29.0,23.1,100.0,2,1,6.37008547008547,24.3,84.27094017094018,3.0943589743589746
TSK-00495,2026-09-11,OP-008,MC-007,SITE-C,Grading,Dust Storm,Hard Soil,High,Scheduled,53.0,58.0,5.0,0.0,100.0,1,0,8.272881355932205,14.5,86.66440677966101,2.940338983050847
TSK-00496,2026-09-11,OP-009,MC-004,SITE-C,Demolition,High Wind,Muddy,High,Scheduled,54.0,51.0,-3.0,1.9,100.0,1,0,8.25576923076923,17.2,83.32499999999999,3.1876923076923074
TSK-00497,2026-09-11,OP-010,MC-005,SITE-B,Demolition,Dust Storm,Hard Soil,Low,Scheduled,30.0,17.0,-13.0,0.0,100.0,1,0,7.661111111111111,11.0,86.26666666666667,3.264444444444445
TSK-00498,2026-09-11,OP-011,MC-008,SITE-B,Grading,Clear,Rocky,High,Scheduled,141.0,148.0,7.0,28.9,100.0,1,0,5.905369127516779,15.1,85.33355704697988,3.1478523489932884
TSK-00499,2026-09-11,OP-012,MC-010,SITE-B,Excavation,Clear,Muddy,Low,Scheduled,87.0,90.0,3.0,5.5,100.0,0,0,7.448351648351648,16.1,85.01208791208792,3.0915384615384616
TSK-00500,2026-09-11,OP-012,MC-002,SITE-C,Excavation,Clear,Rocky,High,Scheduled,97.0,101.0,4.0,2.0,100.0,0,0,7.522549019607843,15.6,84.80392156862744,3.0219607843137255
TSK-00501,2026-09-11,OP-013,MC-010,SITE-A,Excavation,Clear,Rocky,Low,Scheduled,52.0,56.0,4.0,3.5,100.0,1,0,7.01578947368421,14.8,84.17894736842105,3.002105263157895
TSK-00502,2026-09-11,OP-013,MC-002,SITE-A,Material Loading,Rain,Muddy,Medium,Scheduled,115.0,89.0,-26.0,4.4,100.0,0,0,7.7011111111111115,17.3,84.17777777777778,3.0644444444444447
TSK-00503,2026-09-11,OP-013,MC-009,SITE-A,Demolition,Clear,Rocky,Medium,Scheduled,84.0,66.0,-18.0,6.0,100.0,0,0,7.688059701492538,14.4,83.68059701492538,2.749253731343283
TSK-00504,2026-09-11,OP-014,MC-007,SITE-D,Excavation,Clear,Muddy,Medium,Scheduled,79.0,80.0,1.0,3.7,100.0,2,0,7.567901234567901,14.4,84.8962962962963,3.0430864197530867
TSK-00505,2026-09-11,OP-014,MC-007,SITE-C,Demolition,Clear,Soft Soil,Low,Scheduled,106.0,86.0,-20.0,6.9,100.0,0,0,7.250574712643678,14.3,85.5896551724138,2.7509195402298854
TSK-00506,2026-09-11,OP-015,MC-010,SITE-B,Demolition,Clear,Muddy,High,Scheduled,61.0,58.0,-3.0,1.7,100.0,0,0,7.5,13.4,83.31186440677965,2.890847457627119
TSK-00507,2026-09-11,OP-015,MC-006,SITE-D,Demolition,Dust Storm,Muddy,Medium,Scheduled,69.0,67.0,-2.0,5.9,100.0,1,0,7.864705882352941,15.9,86.61029411764706,2.9051470588235295
TSK-00508,2026-09-12,OP-001,MC-003,SITE-A,Demolition,Clear,Hard Soil,Low,Scheduled,83.0,76.0,-7.0,5.2,100.0,2,0,7.976623376623377,17.3,85.28961038961039,3.0594805194805197
TSK-00509,2026-09-12,OP-002,MC-002,SITE-B,Grading,Dust Storm,Hard Soil,Low,Scheduled,145.0,186.0,41.0,23.5,100.0,0,0,6.342780748663101,17.1,84.3668449197861,3.041711229946524
TSK-00510,2026-09-12,OP-002,MC-003,SITE-A,Trenching,Clear,Hard Soil,High,Scheduled,66.0,63.0,-3.0,14.1,100.0,0,0,6.4453125,15.3,85.7578125,3.083125
TSK-00511,2026-09-12,OP-002,MC-005,SITE-C,Excavation,Clear,Muddy,High,Scheduled,110.0,141.0,31.0,26.1,100.0,0,0,6.097887323943662,15.7,85.51830985915493,3.0493661971830983
TSK-00512,2026-09-12,OP-003,MC-006,SITE-D,Excavation,Rain,Muddy,Low,Scheduled,96.0,77.0,-19.0,7.7,100.0,0,0,7.221794871794871,16.2,84.60000000000001,2.9007692307692308
TSK-00513,2026-09-12,OP-003,MC-004,SITE-B,Grading,Clear,Soft Soil,Low,Scheduled,96.0,115.0,19.0,6.0,100.0,0,0,7.682758620689656,14.4,85.98017241379311,3.0437931034482757
TSK-00514,2026-09-12,OP-004,MC-002,SITE-C,Trenching,Clear,Muddy,High,Scheduled,92.0,86.0,-6.0,4.6,0.0,0,1,7.345977011494253,15.6,85.78850574712644,2.9877011494252876
TSK-00515,2026-09-12,OP-005,MC-006,SITE-B,Material Loading,Clear,Muddy,Low,Scheduled,97.0,71.0,-26.0,6.9,100.0,1,0,7.540277777777778,15.4,85.6875,2.983888888888889
TSK-00516,2026-09-12,OP-005,MC-001,SITE-C,Grading,Clear,Muddy,Medium,Scheduled,82.0,92.0,10.0,4.3,100.0,1,0,7.574193548387097,14.7,84.28387096774193,3.0195698924731182
TSK-00517,2026-09-12,OP-005,MC-008,SITE-A,Material Loading,Dust Storm,Rocky,Medium,Scheduled,109.0,101.0,-8.0,3.9,100.0,1,0,7.985294117647059,15.9,85.30588235294118,2.992941176470588
TSK-00518,2026-09-12,OP-006,MC-007,SITE-A,Grading,Clear,Muddy,Medium,Scheduled,48.0,53.0,5.0,3.7,100.0,0,0,7.787037037037037,13.8,85.46481481481482,3.1753703703703704
TSK-00519,2026-09-12,OP-006,MC-010,SITE-D,Demolition,Rain,Hard Soil,Medium,Scheduled,83.0,89.0,6.0,1.1,100.0,0,0,8.035555555555556,16.3,84.88555555555556,2.9823333333333335
TSK-00520,2026-09-12,OP-007,MC-010,SITE-D,Demolition,Dust Storm,Soft Soil,High,Scheduled,61.0,77.0,16.0,19.2,100.0,1,0,6.014102564102564,14.1,85.88333333333333,2.8596153846153847
TSK-00521,2026-09-12,OP-008,MC-001,SITE-C,Demolition,Clear,Soft Soil,Low,Scheduled,142.0,133.0,-9.0,3.0,100.0,2,0,7.601492537313433,14.7,84.93358208955225,3.066417910447761
TSK-00522,2026-09-12,OP-009,MC-004,SITE-A,Grading,Clear,Soft Soil,Medium,Scheduled,96.0,91.0,-5.0,4.3,100.0,0,0,7.840217391304347,15.2,84.67934782608695,2.978478260869565
TSK-00523,2026-09-12,OP-010,MC-009,SITE-C,Trenching,Clear,Soft Soil,High,Scheduled,97.0,75.0,-22.0,3.9,100.0,0,0,8.405263157894737,14.4,85.39078947368421,3.1013157894736842
TSK-00524,2026-09-12,OP-011,MC-004,SITE-C,Trenching,Clear,Hard Soil,Medium,Scheduled,127.0,170.0,43.0,29.2,100.0,0,0,5.874269005847953,14.7,85.50526315789473,2.9330994152046785
TSK-00525,2026-09-12,OP-012,MC-001,SITE-B,Material Loading,Rain,Soft Soil,Medium,Scheduled,64.0,66.0,2.0,7.5,100.0,1,0,7.414925373134328,15.0,84.7179104477612,2.979701492537313
TSK-00526,2026-09-12,OP-012,MC-006,SITE-D,Excavation,Clear,Hard Soil,Low,Scheduled,56.0,48.0,-8.0,6.1,100.0,1,0,7.16734693877551,13.9,85.0,2.847755102040816
TSK-00527,2026-09-12,OP-013,MC-007,SITE-C,Trenching,Clear,Soft Soil,Medium,Scheduled,162.0,151.0,-11.0,5.3,100.0,0,0,7.632236842105263,16.7,84.15723684210526,2.9905921052631577
TSK-00528,2026-09-12,OP-014,MC-001,SITE-A,Grading,Clear,Rocky,High,Scheduled,110.0,121.0,11.0,4.1,100.0,0,0,7.262295081967213,13.1,85.56147540983606,2.87
TSK-00529,2026-09-12,OP-015,MC-001,SITE-D,Material Loading,Clear,Hard Soil,Medium,Scheduled,113.0,88.0,-25.0,3.4,100.0,0,0,7.4707865168539325,15.2,84.61348314606742,3.1838202247191014
TSK-00530,2026-09-12,OP-015,MC-002,SITE-D,Demolition,Clear,Rocky,High,Scheduled,102.0,106.0,4.0,3.7,100.0,0,0,7.946728971962616,14.6,86.51495327102803,3.12196261682243
TSK-00531,2026-09-13,OP-001,MC-009,SITE-A,Trenching,Clear,Rocky,High,Scheduled,66.0,79.0,13.0,6.2,100.0,2,0,7.816249999999999,16.2,84.09875,3.291875
TSK-00532,2026-09-13,OP-001,MC-003,SITE-C,Material Loading,Rain,Rocky,Low,Scheduled,127.0,88.0,-39.0,4.5,100.0,2,0,7.432584269662922,15.5,84.51123595505618,3.0599999999999996
TSK-00533,2026-09-13,OP-002,MC-004,SITE-A,Demolition,Clear,Rocky,High,Scheduled,88.0,96.0,8.0,30.9,100.0,0,0,5.338144329896907,14.8,85.0701030927835,3.0259793814432987
TSK-00534,2026-09-13,OP-003,MC-004,SITE-D,Material Loading,Clear,Muddy,Medium,Scheduled,89.0,107.0,18.0,4.6,100.0,0,0,7.8314814814814815,15.9,83.85925925925925,2.968148148148148
TSK-00535,2026-09-13,OP-004,MC-005,SITE-B,Material Loading,Rain,Hard Soil,High,Scheduled,74.0,48.0,-26.0,6.1,100.0,0,0,7.587755102040816,17.1,83.16938775510205,3.0604081632653064
TSK-00536,2026-09-13,OP-004,MC-002,SITE-C,Demolition,Clear,Hard Soil,High,Scheduled,111.0,76.0,-35.0,9.1,100.0,1,0,7.305194805194805,16.6,83.37532467532468,2.8512987012987017
TSK-00537,2026-09-13,OP-004,MC-006,SITE-C,Excavation,Clear,Rocky,High,Scheduled,30.0,36.0,6.0,0.0,100.0,0,0,8.164864864864866,14.7,86.03243243243243,2.8316216216216215
TSK-00538,2026-09-13,OP-005,MC-009,SITE-A,Grading,Clear,Rocky,Medium,Scheduled,85.0,67.0,-18.0,1.5,100.0,0,0,8.279411764705882,15.3,84.79117647058824,2.8813235294117647
TSK-00539,2026-09-13,OP-006,MC-005,SITE-C,Demolition,Clear,Soft Soil,Medium,Scheduled,69.0,60.0,-9.0,8.2,100.0,0,0,7.077049180327869,15.2,84.74590163934427,2.9280327868852463
TSK-00540,2026-09-13,OP-006,MC-004,SITE-A,Trenching,Dust Storm,Soft Soil,High,Scheduled,96.0,94.0,-2.0,3.2,100.0,0,0,7.801052631578948,14.8,84.48,2.9692631578947366
TSK-00541,2026-09-13,OP-007,MC-004,SITE-D,Excavation,Dust Storm,Hard Soil,Low,Scheduled,110.0,107.0,-3.0,29.6,100.0,1,0,6.160185185185185,16.8,84.00833333333333,2.9059259259259256
TSK-00542,2026-09-13,OP-007,MC-001,SITE-C,Trenching,High Wind,Muddy,Low,Scheduled,83.0,93.0,10.0,23.4,100.0,1,1,6.532978723404256,15.6,86.30425531914894,3.1369148936170212
TSK-00543,2026-09-13,OP-007,MC-005,SITE-B,Excavation,Clear,Hard Soil,Medium,Scheduled,124.0,135.0,11.0,22.8,100.0,0,0,6.517647058823529,15.1,85.05514705882354,2.860735294117647
TSK-00544,2026-09-13,OP-008,MC-005,SITE-D,Material Loading,Clear,Hard Soil,High,Scheduled,58.0,60.0,2.0,4.9,100.0,1,0,7.7655737704918035,15.5,84.55901639344263,3.1640983606557374
TSK-00545,2026-09-13,OP-009,MC-007,SITE-A,Grading,Rain,Muddy,Medium,Scheduled,125.0,125.0,0.0,11.1,0.0,2,1,7.257142857142857,14.9,85.02698412698412,3.0823015873015875
TSK-00546,2026-09-13,OP-010,MC-004,SITE-D,Excavation,Clear,Hard Soil,High,Scheduled,84.0,103.0,19.0,5.8,100.0,0,0,7.509615384615385,13.6,85.33076923076922,3.0320192307692304
TSK-00547,2026-09-13,OP-010,MC-005,SITE-A,Material Loading,Rain,Hard Soil,Low,Scheduled,49.0,55.0,6.0,5.4,100.0,0,0,7.8,14.8,84.3125,3.2208928571428572
TSK-00548,2026-09-13,OP-010,MC-003,SITE-B,Grading,Rain,Rocky,Medium,Scheduled,37.0,42.0,5.0,9.3,0.0,2,1,7.476744186046512,17.3,85.85813953488372,2.7323255813953486
TSK-00549,2026-09-13,OP-011,MC-003,SITE-D,Demolition,Clear,Hard Soil,Low,Scheduled,149.0,194.0,45.0,25.6,100.0,2,1,6.02051282051282,21.2,85.54102564102564,3.1590256410256408
TSK-00550,2026-09-13,OP-012,MC-005,SITE-C,Trenching,Rain,Rocky,Medium,Scheduled,104.0,77.0,-27.0,7.7,100.0,0,0,7.892307692307693,17.1,84.5025641025641,2.9623076923076925
TSK-00551,2026-09-13,OP-013,MC-004,SITE-D,Material Loading,Rain,Hard Soil,Medium,Scheduled,79.0,74.0,-5.0,10.7,100.0,3,0,6.849333333333334,14.4,85.45733333333334,2.984
TSK-00552,2026-09-13,OP-014,MC-009,SITE-B,Grading,Clear,Soft Soil,High,Scheduled,91.0,104.0,13.0,4.8,100.0,1,0,7.601904761904763,15.6,84.86285714285715,2.9258095238095234
TSK-00553,2026-09-13,OP-015,MC-003,SITE-C,Excavation,Clear,Rocky,High,Scheduled,103.0,101.0,-2.0,7.8,100.0,0,0,7.349019607843138,16.5,86.56764705882352,2.974901960784314
TSK-00554,2026-09-14,OP-001,MC-003,SITE-A,Excavation,Clear,Soft Soil,Medium,Scheduled,46.0,48.0,2.0,8.2,100.0,0,0,7.5632653061224495,15.1,84.23469387755102,2.8293877551020405
TSK-00555,2026-09-14,OP-002,MC-002,SITE-A,Demolition,Clear,Hard Soil,Low,Scheduled,115.0,146.0,31.0,29.9,100.0,2,2,5.878231292517007,25.5,84.99115646258504,2.9106802721088436
TSK-00556,2026-09-14,OP-002,MC-006,SITE-C,Trenching,Rain,Rocky,High,Scheduled,92.0,111.0,19.0,29.5,100.0,1,1,6.386607142857143,22.3,84.91607142857143,3.1347321428571426
TSK-00557,2026-09-14,OP-002,MC-008,SITE-D,Excavation,Clear,Soft Soil,Medium,Scheduled,115.0,143.0,28.0,25.0,100.0,0,0,6.137499999999999,14.3,83.92361111111111,3.0605555555555557
TSK-00558,2026-09-14,OP-003,MC-001,SITE-D,Grading,Rain,Rocky,High,Scheduled,80.0,89.0,9.0,6.7,100.0,0,0,7.352222222222223,16.6,83.84888888888888,2.9868888888888887
TSK-00559,2026-09-14,OP-004,MC-002,SITE-D,Material Loading,Clear,Muddy,Low,Scheduled,108.0,107.0,-1.0,6.5,100.0,2,0,7.118518518518518,15.0,85.28518518518518,3.082777777777778
TSK-00560,2026-09-14,OP-005,MC-007,SITE-B,Excavation,Clear,Soft Soil,Low,Scheduled,64.0,69.0,5.0,7.1,100.0,0,0,7.818571428571428,14.9,84.41142857142857,2.705
TSK-00561,2026-09-14,OP-005,MC-006,SITE-B,Excavation,Rain,Soft Soil,High,Scheduled,92.0,107.0,15.0,7.4,100.0,0,0,7.439814814814815,15.1,84.61666666666667,3.0589814814814815
TSK-00562,2026-09-14,OP-005,MC-004,SITE-C,Grading,Clear,Rocky,Medium,Scheduled,50.0,43.0,-7.0,0.0,0.0,0,1,7.415909090909091,11.5,86.15454545454544,3.059090909090909
TSK-00563,2026-09-14,OP-006,MC-007,SITE-A,Grading,Dust Storm,Rocky,Medium,Scheduled,142.0,130.0,-12.0,6.1,100.0,1,0,7.200763358778626,17.0,84.68931297709923,3.1691603053435116
TSK-00564,2026-09-14,OP-006,MC-008,SITE-D,Excavation,Clear,Soft Soil,Low,Scheduled,61.0,59.0,-2.0,5.0,100.0,3,0,7.418333333333334,13.1,85.10166666666667,2.9628333333333337
TSK-00565,2026-09-14,OP-006,MC-005,SITE-B,Material Loading,Clear,Muddy,High,Scheduled,69.0,80.0,11.0,2.5,100.0,1,0,7.28641975308642,14.7,85.58765432098765,3.091851851851852
TSK-00566,2026-09-14,OP-007,MC-001,SITE-C,Material Loading,Clear,Muddy,Medium,Scheduled,110.0,112.0,2.0,29.2,100.0,1,0,6.186725663716814,16.2,84.94513274336282,2.9216814159292035
TSK-00567,2026-09-14,OP-007,MC-003,SITE-C,Trenching,Rain,Muddy,Medium,Scheduled,88.0,122.0,34.0,26.8,100.0,1,0,6.2073170731707314,17.9,84.76585365853659,3.0469918699186995
TSK-00568,2026-09-14,OP-008,MC-005,SITE-B,Excavation,High Wind,Hard Soil,Low,Scheduled,113.0,123.0,10.0,11.3,100.0,1,0,7.392741935483872,18.2,84.8233870967742,2.9194354838709677
TSK-00569,2026-09-14,OP-009,MC-003,SITE-D,Grading,Rain,Rocky,High,Scheduled,88.0,90.0,2.0,4.4,100.0,1,0,7.8,15.3,84.42747252747252,3.0507692307692307
TSK-00570,2026-09-14,OP-009,MC-005,SITE-B,Trenching,High Wind,Soft Soil,Medium,Scheduled,125.0,124.0,-1.0,4.0,0.0,0,1,7.4384,15.3,85.1136,2.89128
TSK-00571,2026-09-14,OP-009,MC-001,SITE-A,Excavation,Clear,Rocky,Low,Scheduled,105.0,98.0,-7.0,6.1,100.0,0,0,7.646464646464646,14.3,84.04848484848485,3.1107070707070705
TSK-00572,2026-09-14,OP-010,MC-001,SITE-A,Trenching,Rain,Hard Soil,Medium,Scheduled,116.0,143.0,27.0,4.9,100.0,3,0,7.286111111111111,15.9,84.92430555555556,3.1785416666666664
TSK-00573,2026-09-14,OP-011,MC-007,SITE-B,Demolition,Dust Storm,Soft Soil,Low,Scheduled,111.0,145.0,34.0,27.4,100.0,0,0,6.134931506849315,16.5,85.29109589041096,3.0726027397260274
TSK-00574,2026-09-14,OP-011,MC-009,SITE-D,Trenching,Dust Storm,Soft Soil,Medium,Scheduled,85.0,89.0,4.0,20.0,100.0,3,1,6.953333333333333,24.1,84.48333333333333,2.995333333333333
TSK-00575,2026-09-14,OP-012,MC-009,SITE-C,Material Loading,Clear,Hard Soil,High,Scheduled,58.0,68.0,10.0,5.8,100.0,1,1,7.327536231884057,13.3,84.50144927536232,3.161304347826087
TSK-00576,2026-09-14,OP-012,MC-005,SITE-D,Grading,Clear,Muddy,High,Scheduled,136.0,138.0,2.0,6.5,100.0,0,0,7.299280575539568,14.2,85.05467625899281,2.932589928057554
TSK-00577,2026-09-14,OP-013,MC-006,SITE-D,Trenching,Clear,Muddy,High,Scheduled,70.0,54.0,-16.0,5.5,100.0,1,0,7.512727272727273,14.1,85.83090909090909,3.1941818181818182
TSK-00578,2026-09-14,OP-013,MC-002,SITE-A,Trenching,Clear,Soft Soil,Low,Scheduled,92.0,77.0,-15.0,2.6,100.0,3,0,7.885897435897436,16.2,85.27051282051282,3.0033333333333334
TSK-00579,2026-09-14,OP-013,MC-009,SITE-B,Trenching,High Wind,Rocky,Low,Scheduled,64.0,68.0,4.0,5.8,100.0,1,0,7.395652173913044,16.2,84.4608695652174,2.8691304347826088
TSK-00580,2026-09-14,OP-014,MC-010,SITE-C,Demolition,Rain,Muddy,High,Scheduled,31.0,28.0,-3.0,3.4,100.0,1,0,8.048275862068966,14.9,86.72413793103448,3.2413793103448274
TSK-00581,2026-09-14,OP-015,MC-003,SITE-A,Excavation,Rain,Hard Soil,Low,Scheduled,78.0,88.0,10.0,3.4,100.0,1,0,7.275280898876405,13.7,84.4494382022472,3.262134831460674
TSK-00582,2026-09-14,OP-015,MC-007,SITE-C,Material Loading,Clear,Rocky,High,Scheduled,105.0,108.0,3.0,8.3,100.0,2,0,7.455963302752294,14.8,84.48073394495412,2.9962385321100915
TSK-00583,2026-09-15,OP-001,MC-008,SITE-B,Trenching,Clear,Muddy,Low,Scheduled,100.0,84.0,-16.0,7.1,100.0,1,0,7.363529411764706,14.4,84.98941176470589,3.1883529411764706
TSK-00584,2026-09-15,OP-002,MC-007,SITE-B,Excavation,High Wind,Muddy,Low,Scheduled,98.0,105.0,7.0,35.8,100.0,1,0,4.986792452830189,14.6,84.94811320754717,2.9828301886792454
TSK-00585,2026-09-15,OP-002,MC-006,SITE-B,Material Loading,Clear,Muddy,Low,Scheduled,44.0,57.0,13.0,19.0,100.0,0,0,6.191379310344828,13.5,84.35689655172413,3.0056896551724135
TSK-00586,2026-09-15,OP-003,MC-002,SITE-D,Demolition,High Wind,Hard Soil,Medium,Scheduled,109.0,105.0,-4.0,3.8,100.0,1,0,7.733018867924529,16.7,85.11603773584905,3.1612264150943394
TSK-00587,2026-09-15,OP-004,MC-007,SITE-D,Demolition,Clear,Hard Soil,High,Scheduled,51.0,43.0,-8.0,9.1,100.0,0,0,7.068181818181818,13.8,84.89772727272727,3.319545454545455
TSK-00588,2026-09-15,OP-005,MC-006,SITE-A,Trenching,Rain,Rocky,High,Scheduled,107.0,105.0,-2.0,1.9,100.0,0,0,7.782075471698113,15.5,83.8933962264151,3.0431132075471696
TSK-00589,2026-09-15,OP-006,MC-002,SITE-B,Material Loading,Clear,Rocky,Medium,Scheduled,62.0,60.0,-2.0,11.5,100.0,0,0,6.8999999999999995,15.7,85.20819672131147,3.0585245901639344
TSK-00590,2026-09-15,OP-006,MC-002,SITE-B,Grading,Clear,Rocky,High,Scheduled,30.0,30.0,0.0,6.5,100.0,1,0,7.512903225806451,14.2,86.69032258064516,3.0438709677419356
TSK-00591,2026-09-15,OP-006,MC-010,SITE-B,Grading,Clear,Rocky,High,Scheduled,54.0,49.0,-5.0,2.0,100.0,0,0,7.247999999999999,12.6,84.294,2.9354
TSK-00592,2026-09-15,OP-007,MC-007,SITE-B,Demolition,Clear,Rocky,High,Scheduled,89.0,100.0,11.0,27.7,100.0,0,0,6.015841584158416,13.8,84.45445544554455,2.923168316831683
TSK-00593,2026-09-15,OP-007,MC-007,SITE-C,Demolition,Clear,Muddy,High,Scheduled,68.0,85.0,17.0,39.5,100.0,2,2,4.888372093023255,15.0,84.14651162790697,3.0636046511627906
TSK-00594,2026-09-15,OP-008,MC-010,SITE-A,Demolition,Clear,Muddy,Low,Scheduled,81.0,78.0,-3.0,11.4,0.0,2,1,7.359493670886076,14.5,84.00126582278482,3.161518987341772
TSK-00595,2026-09-15,OP-008,MC-006,SITE-A,Grading,Clear,Hard Soil,Medium,Scheduled,79.0,76.0,-3.0,3.9,100.0,0,0,7.963636363636364,14.6,84.86363636363636,2.9955844155844153
TSK-00596,2026-09-15,OP-009,MC-007,SITE-A,Material Loading,Clear,Soft Soil,Medium,Scheduled,154.0,135.0,-19.0,6.6,100.0,0,0,7.366911764705883,14.2,85.60882352941177,3.023823529411765
TSK-00597,2026-09-15,OP-009,MC-007,SITE-A,Demolition,Dust Storm,Hard Soil,High,Scheduled,125.0,114.0,-11.0,3.5,0.0,1,1,7.942608695652174,14.1,84.51478260869565,2.8513913043478265
TSK-00598,2026-09-15,OP-010,MC-010,SITE-C,Excavation,High Wind,Muddy,Medium,Scheduled,131.0,163.0,32.0,4.9,100.0,0,0,7.896341463414634,17.1,85.47865853658537,3.0908536585365853
TSK-00599,2026-09-15,OP-010,MC-008,SITE-A,Excavation,Rain,Hard Soil,High,Scheduled,43.0,48.0,5.0,4.1,100.0,1,0,7.236734693877551,13.1,83.50816326530612,3.2559183673469385
TSK-00600,2026-09-15,OP-010,MC-006,SITE-B,Material Loading,Rain,Hard Soil,High,Scheduled,103.0,89.0,-14.0,7.8,100.0,1,0,7.184444444444445,15.4,86.64666666666666,2.8729999999999998
TSK-00601,2026-09-15,OP-011,MC-007,SITE-D,Grading,High Wind,Soft Soil,Low,Scheduled,30.0,40.0,10.0,19.5,0.0,1,1,7.3219512195121945,14.5,85.80000000000001,3.312682926829268
TSK-00602,2026-09-15,OP-012,MC-008,SITE-D,Excavation,Clear,Rocky,Low,Scheduled,125.0,109.0,-16.0,6.4,100.0,0,0,7.168181818181818,15.0,85.15636363636364,2.993272727272727
TSK-00603,2026-09-15,OP-013,MC-001,SITE-A,Material Loading,Clear,Hard Soil,Low,Scheduled,41.0,34.0,-7.0,8.6,100.0,0,0,7.3914285714285715,12.7,82.02,3.3097142857142856
TSK-00604,2026-09-15,OP-014,MC-010,SITE-A,Demolition,Dust Storm,Rocky,Medium,Scheduled,99.0,105.0,6.0,4.7,100.0,0,0,7.590566037735849,16.5,83.90283018867925,3.014622641509434
TSK-00605,2026-09-15,OP-015,MC-010,SITE-C,Demolition,Clear,Hard Soil,High,Scheduled,126.0,143.0,17.0,6.2,100.0,1,0,7.60486111111111,16.1,87.37222222222222,3.015763888888889
TSK-00606,2026-09-15,OP-015,MC-002,SITE-B,Trenching,Clear,Muddy,Low,Scheduled,77.0,70.0,-7.0,5.6,100.0,0,0,7.814084507042253,17.9,85.36901408450704,2.88056338028169
TSK-00607,2026-09-16,OP-001,MC-001,SITE-B,Material Loading,Clear,Rocky,Low,Scheduled,89.0,103.0,14.0,7.7,100.0,2,0,7.0875,16.7,83.66442307692309,2.9484615384615385
TSK-00608,2026-09-16,OP-001,MC-004,SITE-A,Excavation,Rain,Muddy,Low,Scheduled,40.0,26.0,-14.0,7.4,100.0,0,0,7.222222222222222,12.7,86.88148148148149,3.072592592592593
TSK-00609,2026-09-16,OP-002,MC-010,SITE-C,Trenching,High Wind,Soft Soil,Medium,Scheduled,132.0,195.0,63.0,29.1,100.0,0,0,5.565816326530613,15.3,85.06377551020408,3.126887755102041
TSK-00610,2026-09-16,OP-003,MC-006,SITE-A,Demolition,Dust Storm,Rocky,High,Scheduled,108.0,94.0,-14.0,7.4,100.0,0,0,7.513684210526315,15.8,84.65473684210527,3.190315789473684
TSK-00611,2026-09-16,OP-003,MC-007,SITE-D,Excavation,Clear,Hard Soil,Medium,Scheduled,105.0,76.0,-29.0,5.2,100.0,1,0,7.611688311688312,15.2,83.75064935064935,3.001038961038961
TSK-00612,2026-09-16,OP-004,MC-003,SITE-B,Demolition,Clear,Soft Soil,Low,Scheduled,91.0,67.0,-24.0,1.5,100.0,0,0,8.197058823529412,17.3,84.06617647058823,3.0179411764705883
TSK-00613,2026-09-16,OP-005,MC-010,SITE-A,Grading,Clear,Muddy,High,Scheduled,58.0,63.0,5.0,6.2,100.0,0,0,7.4578125,14.1,85.1734375,2.9121875
TSK-00614,2026-09-16,OP-006,MC-006,SITE-A,Trenching,Rain,Soft Soil,Low,Scheduled,93.0,99.0,6.0,4.0,100.0,1,0,7.523,13.5,86.911,2.7620999999999998
TSK-00615,2026-09-16,OP-007,MC-004,SITE-B,Material Loading,Clear,Hard Soil,Medium,Scheduled,105.0,159.0,54.0,30.6,0.0,2,1,5.915625,23.7,85.463125,2.9947500000000002
TSK-00616,2026-09-16,OP-008,MC-001,SITE-D,Trenching,Clear,Soft Soil,Medium,Scheduled,84.0,95.0,11.0,7.3,100.0,2,0,7.23125,15.9,85.046875,3.0381250000000004
TSK-00617,2026-09-16,OP-008,MC-001,SITE-A,Demolition,Clear,Soft Soil,High,Scheduled,79.0,94.0,15.0,6.3,100.0,2,1,7.873684210526315,13.9,86.54105263157895,3.03378947368421
TSK-00618,2026-09-16,OP-008,MC-004,SITE-C,Demolition,Clear,Rocky,High,Scheduled,71.0,74.0,3.0,2.7,100.0,0,0,8.045333333333334,15.8,85.86133333333333,2.9590666666666667
TSK-00619,2026-09-16,OP-009,MC-006,SITE-D,Trenching,Clear,Soft Soil,Medium,Scheduled,114.0,126.0,12.0,6.3,100.0,3,1,7.536220472440945,17.2,85.20629921259844,2.928267716535433
TSK-00620,2026-09-16,OP-010,MC-001,SITE-B,Trenching,Rain,Rocky,High,Scheduled,61.0,50.0,-11.0,2.0,100.0,0,0,8.086274509803921,16.7,86.3,3.2149019607843137
TSK-00621,2026-09-16,OP-011,MC-010,SITE-C,Excavation,Clear,Hard Soil,Low,Scheduled,138.0,169.0,31.0,22.9,100.0,1,0,6.6505882352941175,16.0,85.17470588235294,2.969764705882353
TSK-00622,2026-09-16,OP-012,MC-010,SITE-D,Demolition,Clear,Soft Soil,Medium,Scheduled,124.0,121.0,-3.0,4.1,100.0,2,0,7.640983606557377,15.5,85.03688524590164,2.952704918032787
TSK-00623,2026-09-16,OP-013,MC-010,SITE-B,Trenching,High Wind,Hard Soil,Low,Scheduled,38.0,24.0,-14.0,4.0,100.0,0,0,7.612,14.3,83.24799999999999,2.7983999999999996
TSK-00624,2026-09-16,OP-014,MC-005,SITE-C,Grading,Clear,Soft Soil,High,Scheduled,108.0,79.0,-29.0,6.2,100.0,0,0,8.1325,14.2,84.79375,2.735125
TSK-00625,2026-09-16,OP-015,MC-004,SITE-C,Excavation,Clear,Hard Soil,High,Scheduled,143.0,158.0,15.0,4.4,100.0,1,0,7.954088050314466,16.0,85.4119496855346,3.1327672955974846
TSK-00626,2026-09-16,OP-015,MC-003,SITE-C,Material Loading,Clear,Hard Soil,Low,Scheduled,34.0,37.0,3.0,5.3,100.0,0,0,7.778947368421053,15.3,83.94736842105263,3.106315789473684
TSK-00627,2026-09-16,OP-015,MC-008,SITE-A,Grading,Clear,Muddy,Medium,Scheduled,89.0,105.0,16.0,6.6,100.0,2,0,7.714150943396227,13.4,85.31037735849057,3.067452830188679
TSK-00628,2026-09-17,OP-001,MC-007,SITE-C,Material Loading,High Wind,Hard Soil,Low,Scheduled,118.0,115.0,-3.0,5.2,100.0,0,0,7.717241379310345,17.7,84.91293103448275,3.056551724137931
TSK-00629,2026-09-17,OP-001,MC-008,SITE-B,Grading,Rain,Muddy,Medium,Scheduled,91.0,102.0,11.0,10.7,100.0,0,0,7.251456310679611,15.6,85.18543689320389,2.9324271844660195
TSK-00630,2026-09-17,OP-002,MC-005,SITE-C,Trenching,Clear,Rocky,Medium,Scheduled,72.0,83.0,11.0,34.5,100.0,0,0,5.133333333333333,15.4,85.09880952380952,2.913333333333333
TSK-00631,2026-09-17,OP-002,MC-003,SITE-A,Grading,Rain,Soft Soil,Medium,Scheduled,66.0,75.0,9.0,21.1,100.0,1,1,6.3052631578947365,23.6,83.90263157894738,2.7111842105263158
TSK-00632,2026-09-17,OP-003,MC-009,SITE-C,Excavation,Rain,Soft Soil,High,Scheduled,69.0,54.0,-15.0,5.5,100.0,1,1,7.050909090909091,13.3,84.15818181818182,2.921090909090909
TSK-00633,2026-09-17,OP-004,MC-003,SITE-B,Excavation,Clear,Muddy,High,Scheduled,62.0,70.0,8.0,4.2,100.0,0,0,7.185915492957746,18.0,85.26197183098591,2.8419718309859157
TSK-00634,2026-09-17,OP-005,MC-002,SITE-D,Grading,Dust Storm,Rocky,Low,Scheduled,121.0,111.0,-10.0,6.2,100.0,2,0,7.35625,15.2,85.59196428571428,2.9105357142857144
TSK-00635,2026-09-17,OP-006,MC-009,SITE-D,Material Loading,Clear,Hard Soil,High,Scheduled,106.0,97.0,-9.0,3.1,100.0,2,0,7.491836734693878,14.2,86.45,2.8173469387755103
TSK-00636,2026-09-17,OP-006,MC-007,SITE-B,Trenching,Clear,Hard Soil,High,Scheduled,90.0,98.0,8.0,3.0,100.0,0,0,7.973737373737373,16.3,84.71212121212122,3.024343434343434
TSK-00637,2026-09-17,OP-006,MC-009,SITE-C,Excavation,Clear,Muddy,Low,Scheduled,124.0,150.0,26.0,7.3,100.0,0,0,7.525165562913907,15.3,84.60993377483445,3.008344370860927
TSK-00638,2026-09-17,OP-007,MC-008,SITE-C,Grading,Clear,Hard Soil,High,Scheduled,84.0,115.0,31.0,25.0,100.0,1,1,6.727586206896552,26.0,84.12241379310345,2.8640517241379313
TSK-00639,2026-09-17,OP-008,MC-003,SITE-D,Trenching,Dust Storm,Soft Soil,High,Scheduled,84.0,75.0,-9.0,1.3,100.0,1,0,8.219736842105263,15.0,84.64342105263158,3.0292105263157896
TSK-00640,2026-09-17,OP-008,MC-001,SITE-A,Demolition,Rain,Rocky,High,Scheduled,121.0,115.0,-6.0,4.3,100.0,0,0,7.723275862068966,16.2,85.90344827586206,3.1139655172413794
TSK-00641,2026-09-17,OP-009,MC-002,SITE-D,Trenching,Clear,Soft Soil,High,Scheduled,47.0,39.0,-8.0,10.0,100.0,1,0,7.4825,13.9,86.53999999999999,2.8805
TSK-00642,2026-09-17,OP-009,MC-008,SITE-D,Grading,Clear,Rocky,Medium,Scheduled,75.0,80.0,5.0,2.5,0.0,2,1,7.5592592592592585,15.2,85.58888888888889,3.087530864197531
TSK-00643,2026-09-17,OP-010,MC-005,SITE-A,Demolition,Dust Storm,Muddy,Low,Scheduled,84.0,59.0,-25.0,3.3,100.0,2,0,7.681666666666667,14.4,83.83833333333334,3.3088333333333333
TSK-00644,2026-09-17,OP-010,MC-008,SITE-A,Demolition,Rain,Hard Soil,Low,Scheduled,78.0,84.0,6.0,3.5,100.0,0,0,7.84470588235294,13.8,85.40588235294118,3.2049411764705886
TSK-00645,2026-09-17,OP-010,MC-010,SITE-B,Material Loading,Rain,Soft Soil,High,Scheduled,85.0,71.0,-14.0,5.6,100.0,0,0,8.087499999999999,14.9,84.59583333333333,2.9743055555555555
TSK-00646,2026-09-17,OP-011,MC-001,SITE-C,Excavation,Clear,Muddy,Medium,Scheduled,118.0,160.0,42.0,28.0,100.0,0,0,6.015527950310559,17.1,85.41987577639752,2.9571428571428573
TSK-00647,2026-09-17,OP-012,MC-002,SITE-D,Excavation,Clear,Hard Soil,High,Scheduled,68.0,69.0,1.0,10.0,100.0,0,0,7.947142857142857,15.2,83.59571428571428,3.001857142857143
TSK-00648,2026-09-17,OP-013,MC-005,SITE-A,Demolition,Clear,Hard Soil,Medium,Scheduled,56.0,43.0,-13.0,0.0,100.0,0,0,8.006818181818183,15.5,83.88181818181819,2.9065909090909092
TSK-00649,2026-09-17,OP-014,MC-007,SITE-A,Material Loading,High Wind,Hard Soil,Medium,Scheduled,78.0,77.0,-1.0,6.4,100.0,1,0,7.973076923076923,14.3,84.95769230769231,2.7712820512820513
TSK-00650,2026-09-17,OP-015,MC-007,SITE-B,Grading,Dust Storm,Hard Soil,High,Scheduled,104.0,104.0,0.0,8.6,100.0,0,0,7.154285714285715,16.0,84.38380952380952,3.0567619047619043
TSK-00651,2026-09-17,OP-015,MC-010,SITE-C,Grading,Rain,Rocky,Medium,Scheduled,118.0,127.0,9.0,3.9,100.0,0,0,7.8609375,13.9,84.86640625,2.94328125
TSK-00652,2026-09-17,OP-015,MC-008,SITE-B,Trenching,Clear,Soft Soil,Low,Scheduled,91.0,93.0,2.0,6.4,100.0,0,0,7.658510638297872,17.7,86.06489361702128,2.763085106382979
TSK-00653,2026-09-18,OP-001,MC-008,SITE-B,Demolition,Clear,Muddy,High,Scheduled,100.0,105.0,5.0,6.6,100.0,0,0,7.189622641509434,13.7,82.9245283018868,3.0727358490566035
TSK-00654,2026-09-18,OP-002,MC-004,SITE-A,Trenching,Rain,Soft Soil,High,Scheduled,96.0,130.0,34.0,22.1,100.0,2,2,6.857251908396946,19.2,85.22595419847329,3.1225954198473285
TSK-00655,2026-09-18,OP-003,MC-009,SITE-C,Excavation,Rain,Muddy,Low,Scheduled,73.0,62.0,-11.0,7.9,100.0,0,0,7.842857142857143,16.1,83.46666666666665,3.2412698412698413
TSK-00656,2026-09-18,OP-003,MC-005,SITE-D,Material Loading,Clear,Soft Soil,Medium,Scheduled,64.0,68.0,4.0,4.3,100.0,2,1,7.621739130434782,13.4,84.72463768115942,3.0234782608695654
TSK-00657,2026-09-18,OP-003,MC-002,SITE-C,Trenching,Rain,Soft Soil,Medium,Scheduled,122.0,110.0,-12.0,1.8,100.0,0,0,7.614414414414415,15.2,86.02432432432433,3.042342342342342
TSK-00658,2026-09-18,OP-004,MC-007,SITE-B,Excavation,Rain,Soft Soil,High,Scheduled,106.0,122.0,16.0,7.3,100.0,0,0,7.432520325203252,16.8,84.52357723577235,2.8991056910569104
TSK-00659,2026-09-18,OP-004,MC-003,SITE-A,Trenching,Rain,Rocky,Medium,Scheduled,111.0,96.0,-15.0,8.2,100.0,0,0,7.447422680412371,15.7,85.23917525773197,3.1820618556701032
TSK-00660,2026-09-18,OP-004,MC-010,SITE-A,Grading,Clear,Rocky,Medium,Scheduled,113.0,105.0,-8.0,2.8,100.0,0,0,7.791509433962264,16.6,84.60094339622643,3.0641509433962266
TSK-00661,2026-09-18,OP-005,MC-009,SITE-C,Trenching,Rain,Muddy,High,Scheduled,47.0,41.0,-6.0,14.3,100.0,0,0,7.254761904761905,16.8,84.41666666666667,2.940952380952381
TSK-00662,2026-09-18,OP-005,MC-009,SITE-B,Material Loading,Clear,Muddy,Medium,Scheduled,98.0,103.0,5.0,6.7,100.0,3,0,7.657692307692307,17.9,85.92307692307692,3.0847115384615384
TSK-00663,2026-09-18,OP-005,MC-003,SITE-C,Trenching,Rain,Soft Soil,High,Scheduled,89.0,82.0,-7.0,6.0,100.0,3,1,7.568674698795181,17.7,82.5277108433735,2.9425301204819276
TSK-00664,2026-09-18,OP-006,MC-010,SITE-B,Excavation,Clear,Muddy,Medium,Scheduled,99.0,111.0,12.0,5.4,100.0,1,0,7.653571428571429,14.4,85.8,3.1341964285714288
TSK-00665,2026-09-18,OP-007,MC-007,SITE-D,Excavation,Dust Storm,Hard Soil,Medium,Scheduled,86.0,95.0,9.0,22.9,100.0,0,0,6.328125,15.0,84.27291666666666,2.9971875000000003
TSK-00666,2026-09-18,OP-008,MC-009,SITE-A,Material Loading,Clear,Soft Soil,High,Scheduled,101.0,96.0,-5.0,2.1,100.0,2,1,8.11340206185567,18.3,85.01546391752578,3.055773195876289
TSK-00667,2026-09-18,OP-008,MC-004,SITE-D,Trenching,Rain,Rocky,High,Scheduled,88.0,98.0,10.0,5.1,100.0,0,0,7.495959595959596,14.4,85.98989898989899,3.041717171717172
TSK-00668,2026-09-18,OP-008,MC-002,SITE-B,Trenching,Clear,Hard Soil,High,Scheduled,87.0,78.0,-9.0,6.3,100.0,0,0,7.678481012658228,17.1,83.96329113924051,3.1340506329113924
TSK-00669,2026-09-18,OP-009,MC-001,SITE-A,Demolition,Clear,Hard Soil,High,Scheduled,51.0,48.0,-3.0,6.1,0.0,0,1,7.316326530612245,15.8,83.93673469387754,3.0267346938775512
TSK-00670,2026-09-18,OP-009,MC-008,SITE-A,Material Loading,Clear,Soft Soil,Low,Scheduled,70.0,62.0,-8.0,4.8,0.0,1,1,8.222222222222221,13.4,85.06190476190476,3.1944444444444446
TSK-00671,2026-09-18,OP-010,MC-007,SITE-D,Material Loading,Rain,Muddy,High,Scheduled,63.0,63.0,0.0,10.9,100.0,2,0,7.29375,14.6,85.8046875,3.0821875
TSK-00672,2026-09-18,OP-011,MC-003,SITE-A,Excavation,Clear,Rocky,Medium,Scheduled,82.0,102.0,20.0,25.2,100.0,0,0,6.151456310679612,13.7,85.25436893203884,2.880388349514563
TSK-00673,2026-09-18,OP-012,MC-007,SITE-B,Trenching,High Wind,Soft Soil,Medium,Scheduled,61.0,61.0,0.0,3.2,100.0,0,0,7.982258064516128,14.8,84.50645161290322,2.888225806451613
TSK-00674,2026-09-18,OP-012,MC-002,SITE-D,Demolition,Clear,Soft Soil,High,Scheduled,128.0,115.0,-13.0,4.3,100.0,0,0,7.797413793103448,16.6,84.42155172413793,2.855258620689655
TSK-00675,2026-09-18,OP-013,MC-008,SITE-A,Demolition,High Wind,Rocky,High,Scheduled,90.0,93.0,3.0,6.4,100.0,0,0,7.572340425531914,17.7,83.63723404255319,3.2697872340425533
TSK-00676,2026-09-18,OP-013,MC-006,SITE-D,Demolition,Clear,Hard Soil,Medium,Scheduled,146.0,118.0,-28.0,5.9,100.0,0,0,7.794117647058823,14.7,84.16890756302521,2.885546218487395
TSK-00677,2026-09-18,OP-014,MC-003,SITE-A,Trenching,Clear,Soft Soil,Medium,Scheduled,110.0,130.0,20.0,4.6,100.0,0,0,7.752671755725191,15.7,85.33893129770992,2.863969465648855
TSK-00678,2026-09-18,OP-014,MC-005,SITE-B,Material Loading,Clear,Rocky,High,Scheduled,122.0,124.0,2.0,2.4,100.0,3,2,7.864,16.6,86.2256,2.87376
TSK-00679,2026-09-18,OP-014,MC-005,SITE-C,Grading,Clear,Muddy,High,Scheduled,76.0,73.0,-3.0,2.7,0.0,0,1,7.775675675675675,15.6,86.5445945945946,3.4804054054054054
TSK-00680,2026-09-18,OP-015,MC-008,SITE-B,Trenching,Clear,Hard Soil,High,Scheduled,48.0,43.0,-5.0,4.5,100.0,0,0,7.745454545454546,12.4,85.825,3.3474999999999997
TSK-00681,2026-09-18,OP-015,MC-002,SITE-B,Grading,Clear,Hard Soil,Low,Scheduled,107.0,122.0,15.0,8.9,100.0,1,0,7.011382113821138,17.4,86.35934959349593,3.0178048780487803
TSK-00682,2026-09-19,OP-001,MC-010,SITE-B,Grading,Clear,Hard Soil,High,Scheduled,146.0,152.0,6.0,5.2,100.0,0,0,7.330718954248366,16.8,84.81437908496733,3.1195424836601306
TSK-00683,2026-09-19,OP-002,MC-003,SITE-A,Excavation,High Wind,Muddy,High,Scheduled,138.0,172.0,34.0,20.2,100.0,1,0,6.4791907514450875,15.2,86.1815028901734,3.0282080924855492
TSK-00684,2026-09-19,OP-002,MC-003,SITE-A,Trenching,Clear,Rocky,Medium,Scheduled,170.0,225.0,55.0,26.1,100.0,2,2,6.158407079646017,20.7,85.7566371681416,2.869601769911504
TSK-00685,2026-09-19,OP-003,MC-008,SITE-B,Demolition,Clear,Hard Soil,High,Scheduled,91.0,94.0,3.0,7.4,100.0,0,0,7.867368421052631,14.6,86.5578947368421,2.844315789473684
TSK-00686,2026-09-19,OP-003,MC-006,SITE-A,Demolition,Rain,Muddy,High,Scheduled,135.0,153.0,18.0,4.5,100.0,0,0,7.940909090909091,17.9,84.11818181818182,2.8524025974025973
TSK-00687,2026-09-19,OP-004,MC-004,SITE-D,Grading,Clear,Soft Soil,High,Scheduled,101.0,105.0,4.0,7.5,100.0,0,0,7.397169811320755,13.5,84.91415094339622,3.0599056603773587
TSK-00688,2026-09-19,OP-005,MC-003,SITE-A,Excavation,Rain,Muddy,High,Scheduled,73.0,67.0,-6.0,7.4,100.0,0,0,7.210294117647059,14.0,85.03823529411765,2.9250000000000003
TSK-00689,2026-09-19,OP-005,MC-009,SITE-C,Material Loading,Rain,Rocky,Low,Scheduled,86.0,70.0,-16.0,8.5,100.0,3,0,7.246478873239437,14.1,85.47323943661972,3.0147887323943663
TSK-00690,2026-09-19,OP-005,MC-009,SITE-B,Material Loading,Clear,Rocky,Medium,Scheduled,87.0,57.0,-30.0,1.7,100.0,0,0,8.055172413793104,15.3,85.04827586206896,3.095689655172414
TSK-00691,2026-09-19,OP-006,MC-003,SITE-D,Grading,Clear,Rocky,Medium,Scheduled,106.0,111.0,5.0,6.2,100.0,0,0,7.828571428571428,15.7,85.23125,2.9658928571428573
TSK-00692,2026-09-19,OP-007,MC-010,SITE-D,Grading,Clear,Hard Soil,Low,Scheduled,102.0,121.0,19.0,23.8,100.0,1,1,6.527868852459016,22.0,84.84508196721312,2.908934426229508
TSK-00693,2026-09-19,OP-007,MC-001,SITE-B,Demolition,Clear,Muddy,Low,Scheduled,70.0,96.0,26.0,27.8,100.0,3,1,5.750515463917525,20.0,84.28762886597937,3.004123711340206
TSK-00694,2026-09-19,OP-007,MC-001,SITE-B,Trenching,Dust Storm,Hard Soil,Medium,Scheduled,59.0,71.0,12.0,22.2,100.0,0,0,6.227777777777778,13.1,86.00416666666666,3.061527777777778
TSK-00695,2026-09-19,OP-008,MC-002,SITE-C,Trenching,Clear,Soft Soil,Medium,Scheduled,72.0,82.0,10.0,2.4,100.0,1,0,7.797590361445784,16.2,85.98072289156626,2.808433734939759
TSK-00696,2026-09-19,OP-008,MC-008,SITE-B,Excavation,Clear,Rocky,Medium,Scheduled,72.0,59.0,-13.0,5.0,100.0,1,0,7.941666666666666,17.2,85.63333333333334,3.0936666666666666
TSK-00697,2026-09-19,OP-008,MC-009,SITE-D,Material Loading,Clear,Rocky,High,Scheduled,71.0,66.0,-5.0,1.5,100.0,0,0,8.114925373134328,15.9,86.10298507462686,2.946865671641791
TSK-00698,2026-09-19,OP-009,MC-001,SITE-A,Trenching,Clear,Hard Soil,High,Scheduled,78.0,100.0,22.0,1.0,100.0,0,0,8.20990099009901,14.9,83.5980198019802,2.8776237623762375
TSK-00699,2026-09-19,OP-009,MC-006,SITE-C,Material Loading,Clear,Muddy,High,Scheduled,68.0,65.0,-3.0,3.0,100.0,1,0,7.642424242424242,15.1,85.6909090909091,2.999242424242424
TSK-00700,2026-09-19,OP-010,MC-008,SITE-D,Demolition,Clear,Hard Soil,Low,Scheduled,105.0,87.0,-18.0,4.5,100.0,0,0,8.104545454545455,15.3,84.64431818181818,2.8478409090909094
TSK-00701,2026-09-19,OP-010,MC-005,SITE-D,Demolition,Clear,Soft Soil,Low,Scheduled,133.0,140.0,7.0,4.3,100.0,0,0,7.800709219858157,15.2,84.977304964539,2.969290780141844
TSK-00702,2026-09-19,OP-010,MC-003,SITE-C,Grading,Clear,Rocky,High,Scheduled,147.0,159.0,12.0,6.9,100.0,0,0,7.571875,14.4,85.384375,3.10425
TSK-00703,2026-09-19,OP-011,MC-003,SITE-C,Trenching,Rain,Rocky,High,Scheduled,66.0,64.0,-2.0,23.1,100.0,1,1,6.1,18.2,84.83692307692307,3.0464615384615388
TSK-00704,2026-09-19,OP-011,MC-005,SITE-D,Grading,Clear,Soft Soil,Low,Scheduled,89.0,73.0,-16.0,28.4,0.0,0,1,5.678378378378378,16.0,85.25405405405405,3.1229729729729727
TSK-00705,2026-09-19,OP-012,MC-005,SITE-A,Grading,Clear,Soft Soil,Low,Scheduled,73.0,77.0,4.0,5.1,100.0,1,0,7.455128205128205,15.0,82.83205128205128,2.917820512820513
TSK-00706,2026-09-19,OP-013,MC-009,SITE-A,Excavation,Rain,Soft Soil,Low,Scheduled,30.0,27.0,-3.0,14.3,100.0,0,0,7.339285714285714,14.9,84.97500000000001,2.9035714285714285
TSK-00707,2026-09-19,OP-014,MC-005,SITE-A,Trenching,Clear,Hard Soil,High,Scheduled,71.0,76.0,5.0,6.5,100.0,2,0,7.961038961038961,14.4,84.86623376623376,3.093246753246753
TSK-00708,2026-09-19,OP-014,MC-008,SITE-D,Grading,Clear,Hard Soil,Low,Scheduled,125.0,131.0,6.0,6.1,100.0,2,0,7.73560606060606,16.9,84.49242424242425,3.1918939393939394
TSK-00709,2026-09-19,OP-015,MC-006,SITE-C,Trenching,Clear,Rocky,High,Scheduled,83.0,85.0,2.0,5.8,100.0,0,0,7.098837209302325,14.9,86.4046511627907,3.2384883720930233
TSK-00710,2026-09-20,OP-001,MC-003,SITE-B,Demolition,Clear,Muddy,High,Scheduled,137.0,140.0,3.0,9.2,100.0,0,0,6.997163120567376,15.8,85.67659574468085,3.0562411347517733
TSK-00711,2026-09-20,OP-001,MC-010,SITE-C,Trenching,Clear,Soft Soil,Medium,Scheduled,114.0,125.0,11.0,3.2,100.0,0,0,7.86984126984127,15.5,84.41111111111111,3.149523809523809
TSK-00712,2026-09-20,OP-001,MC-003,SITE-C,Trenching,Clear,Rocky,Low,Scheduled,52.0,45.0,-7.0,8.7,100.0,0,0,7.078260869565218,14.8,85.16956521739131,3.2908695652173914
TSK-00713,2026-09-20,OP-002,MC-008,SITE-C,Material Loading,Clear,Soft Soil,High,Scheduled,95.0,133.0,38.0,26.9,100.0,0,0,6.197014925373134,14.6,84.72014925373135,3.0014925373134327
TSK-00714,2026-09-20,OP-003,MC-007,SITE-C,Excavation,Rain,Rocky,High,Scheduled,122.0,129.0,7.0,7.7,100.0,0,0,7.179230769230769,13.8,84.4,2.9382307692307696
TSK-00715,2026-09-20,OP-003,MC-002,SITE-A,Demolition,Clear,Muddy,High,Scheduled,80.0,75.0,-5.0,5.3,100.0,1,0,7.493421052631579,12.9,82.52631578947368,3.0759210526315792
TSK-00716,2026-09-20,OP-003,MC-007,SITE-D,Grading,Clear,Muddy,Medium,Scheduled,95.0,112.0,17.0,6.2,100.0,0,0,7.939823008849558,15.9,85.66902654867258,3.017433628318584
TSK-00717,2026-09-20,OP-004,MC-008,SITE-A,Trenching,Rain,Rocky,Medium,Scheduled,98.0,78.0,-20.0,3.8,100.0,0,0,8.460759493670885,15.5,85.69113924050633,3.0158227848101267
TSK-00718,2026-09-20,OP-005,MC-002,SITE-B,Excavation,Clear,Rocky,Low,Scheduled,78.0,71.0,-7.0,1.4,100.0,0,0,8.051388888888889,16.4,84.14166666666667,2.9627777777777777
TSK-00719,2026-09-20,OP-005,MC-003,SITE-D,Material Loading,Rain,Muddy,Low,Scheduled,80.0,65.0,-15.0,4.5,100.0,0,0,7.45,13.6,85.12575757575758,3.033939393939394
TSK-00720,2026-09-20,OP-006,MC-007,SITE-B,Excavation,High Wind,Soft Soil,Low,Scheduled,71.0,71.0,0.0,6.9,100.0,2,0,7.058333333333334,14.2,85.0638888888889,2.990972222222222
TSK-00721,2026-09-20,OP-006,MC-003,SITE-C,Material Loading,Clear,Muddy,High,Scheduled,30.0,30.0,0.0,3.2,100.0,0,0,7.141935483870968,14.7,85.87741935483871,3.200967741935484
TSK-00722,2026-09-20,OP-007,MC-004,SITE-A,Grading,Clear,Hard Soil,Medium,Scheduled,59.0,75.0,16.0,27.6,100.0,1,1,5.8197368421052635,23.2,84.94473684210527,3.2518421052631576
TSK-00723,2026-09-20,OP-008,MC-007,SITE-D,Material Loading,Clear,Soft Soil,Medium,Scheduled,38.0,39.0,1.0,5.0,100.0,0,0,7.8,13.0,84.965,3.0865
TSK-00724,2026-09-20,OP-008,MC-008,SITE-B,Excavation,Clear,Muddy,Low,Scheduled,138.0,109.0,-29.0,0.9,100.0,2,0,7.849090909090909,15.5,85.77272727272727,3.002
TSK-00725,2026-09-20,OP-008,MC-009,SITE-B,Grading,Dust Storm,Rocky,Medium,Scheduled,78.0,59.0,-19.0,5.0,100.0,0,0,7.418333333333334,15.4,85.49333333333334,2.819
TSK-00726,2026-09-20,OP-009,MC-004,SITE-B,Trenching,Rain,Muddy,Low,Scheduled,109.0,129.0,20.0,5.4,100.0,0,0,7.666153846153846,16.6,84.32076923076923,3.0945384615384617
TSK-00727,2026-09-20,OP-010,MC-004,SITE-D,Excavation,Clear,Hard Soil,Medium,Scheduled,41.0,43.0,2.0,9.1,100.0,1,0,7.145454545454545,13.9,85.38863636363637,3.2363636363636363
TSK-00728,2026-09-20,OP-011,MC-006,SITE-C,Grading,Rain,Soft Soil,High,Scheduled,85.0,98.0,13.0,30.3,100.0,0,0,5.504040404040404,15.4,84.22626262626262,2.845656565656566
TSK-00729,2026-09-20,OP-011,MC-009,SITE-C,Trenching,Rain,Hard Soil,Medium,Scheduled,99.0,102.0,3.0,24.3,100.0,1,1,6.183495145631068,21.4,84.49514563106796,3.0467961165048543
TSK-00730,2026-09-20,OP-011,MC-006,SITE-B,Excavation,Clear,Muddy,Medium,Scheduled,64.0,81.0,17.0,31.7,100.0,0,0,5.884146341463414,13.8,86.24878048780488,3.1795121951219514
TSK-00731,2026-09-20,OP-012,MC-010,SITE-C,Demolition,Clear,Hard Soil,Low,Scheduled,40.0,36.0,-4.0,2.7,100.0,1,0,8.167567567567568,14.1,84.95675675675676,3.1002702702702702
TSK-00732,2026-09-20,OP-013,MC-002,SITE-B,Material Loading,Rain,Hard Soil,Low,Scheduled,75.0,49.0,-26.0,2.0,100.0,3,0,7.957999999999999,14.0,84.538,2.9256
TSK-00733,2026-09-20,OP-014,MC-008,SITE-C,Excavation,Clear,Hard Soil,High,Scheduled,61.0,58.0,-3.0,1.7,100.0,1,0,8.013559322033899,15.7,85.98135593220339,3.0572881355932204
TSK-00734,2026-09-20,OP-014,MC-009,SITE-B,Trenching,Clear,Rocky,Medium,Scheduled,93.0,99.0,6.0,6.0,100.0,0,0,7.497999999999999,13.6,84.449,2.8659
TSK-00735,2026-09-20,OP-014,MC-003,SITE-A,Trenching,Clear,Hard Soil,Medium,Scheduled,101.0,119.0,18.0,4.2,100.0,0,0,8.02,16.6,84.88916666666667,3.1477500000000003
TSK-00736,2026-09-20,OP-015,MC-005,SITE-D,Demolition,Clear,Muddy,Low,Scheduled,101.0,75.0,-26.0,1.3,100.0,2,0,7.944736842105263,15.6,83.83947368421053,2.867763157894737
TSK-00737,2026-09-21,OP-001,MC-007,SITE-C,Trenching,Clear,Hard Soil,Low,Scheduled,97.0,108.0,11.0,7.3,100.0,0,0,8.255045871559632,15.8,85.8743119266055,3.164862385321101
TSK-00738,2026-09-21,OP-002,MC-003,SITE-C,Material Loading,Clear,Muddy,Low,Scheduled,40.0,45.0,5.0,30.4,100.0,3,1,6.232608695652174,20.7,84.77173913043478,3.0017391304347827
TSK-00739,2026-09-21,OP-003,MC-007,SITE-A,Demolition,Dust Storm,Hard Soil,Medium,Scheduled,108.0,81.0,-27.0,6.1,100.0,0,0,8.020731707317074,14.6,84.5548780487805,3.015487804878049
TSK-00740,2026-09-21,OP-003,MC-004,SITE-D,Grading,Clear,Muddy,High,Scheduled,85.0,112.0,27.0,3.5,100.0,2,1,7.292035398230088,16.6,86.85575221238939,2.9812389380530973
TSK-00741,2026-09-21,OP-003,MC-009,SITE-C,Material Loading,Clear,Rocky,Low,Scheduled,102.0,92.0,-10.0,8.6,100.0,0,0,7.332258064516129,15.8,85.8752688172043,3.2169892473118282
TSK-00742,2026-09-21,OP-004,MC-009,SITE-A,Grading,Clear,Soft Soil,Low,Scheduled,90.0,73.0,-17.0,5.4,0.0,2,1,7.168918918918919,13.9,82.9,2.8144594594594596
TSK-00743,2026-09-21,OP-005,MC-010,SITE-B,Excavation,Clear,Muddy,High,Scheduled,77.0,61.0,-16.0,6.5,100.0,0,0,6.590322580645162,15.3,82.7741935483871,2.978548387096774
TSK-00744,2026-09-21,OP-006,MC-006,SITE-A,Material Loading,Clear,Soft Soil,Low,Scheduled,74.0,98.0,24.0,5.1,100.0,0,0,7.468686868686868,13.6,85.5090909090909,2.8998989898989898
TSK-00745,2026-09-21,OP-006,MC-006,SITE-D,Excavation,Clear,Soft Soil,Medium,Scheduled,81.0,83.0,2.0,3.6,100.0,0,0,7.8619047619047615,16.8,84.52142857142857,2.7464285714285714
TSK-00746,2026-09-21,OP-006,MC-005,SITE-C,Excavation,Dust Storm,Rocky,High,Scheduled,133.0,174.0,41.0,4.6,100.0,0,0,8.046285714285714,16.5,84.39828571428572,3.0182857142857147
TSK-00747,2026-09-21,OP-007,MC-002,SITE-C,Excavation,High Wind,Soft Soil,Low,Scheduled,87.0,105.0,18.0,25.5,100.0,0,0,5.972641509433963,15.5,84.96415094339623,3.2526415094339627
TSK-00748,2026-09-21,OP-008,MC-005,SITE-B,Grading,Clear,Hard Soil,High,Scheduled,96.0,96.0,0.0,8.2,100.0,0,0,6.9628865979381445,14.6,84.4639175257732,2.9250515463917526
TSK-00749,2026-09-21,OP-009,MC-003,SITE-A,Demolition,Clear,Muddy,High,Scheduled,57.0,60.0,3.0,8.2,0.0,0,1,6.911475409836066,14.7,85.25081967213114,2.95672131147541
TSK-00750,2026-09-21,OP-010,MC-005,SITE-B,Grading,Clear,Rocky,High,Scheduled,112.0,103.0,-9.0,2.9,100.0,0,0,7.8701923076923075,15.9,85.10673076923078,3.0333653846153843
TSK-00751,2026-09-21,OP-010,MC-005,SITE-D,Material Loading,High Wind,Rocky,Medium,Scheduled,81.0,68.0,-13.0,7.2,100.0,0,0,7.663768115942029,15.2,82.95797101449276,2.9807246376811594
TSK-00752,2026-09-21,OP-010,MC-002,SITE-D,Material Loading,Rain,Hard Soil,Medium,Scheduled,92.0,78.0,-14.0,2.5,100.0,1,0,7.818987341772153,13.9,86.38354430379746,3.0025316455696203
TSK-00753,2026-09-21,OP-011,MC-005,SITE-D,Trenching,High Wind,Soft Soil,High,Scheduled,137.0,125.0,-12.0,23.0,100.0,0,0,6.342063492063493,15.7,84.62936507936507,2.937777777777778
TSK-00754,2026-09-21,OP-011,MC-003,SITE-C,Demolition,Clear,Hard Soil,Medium,Scheduled,68.0,74.0,6.0,21.3,100.0,0,0,6.191999999999999,13.2,84.15599999999999,3.0633333333333335
TSK-00755,2026-09-21,OP-012,MC-001,SITE-B,Grading,Dust Storm,Soft Soil,High,Scheduled,44.0,44.0,0.0,0.0,100.0,0,0,7.946666666666667,15.9,83.48,2.7266666666666666
TSK-00756,2026-09-21,OP-013,MC-007,SITE-A,Excavation,Clear,Hard Soil,Low,Scheduled,60.0,40.0,-20.0,2.4,100.0,1,0,7.997560975609756,15.8,85.87317073170732,3.1960975609756095
TSK-00757,2026-09-21,OP-013,MC-007,SITE-C,Demolition,Clear,Rocky,Medium,Scheduled,118.0,123.0,5.0,3.2,100.0,0,0,7.982258064516128,17.1,84.66370967741935,2.924193548387097
TSK-00758,2026-09-21,OP-014,MC-002,SITE-B,Excavation,Rain,Muddy,Low,Scheduled,84.0,99.0,15.0,4.0,100.0,2,0,8.234,15.9,84.39299999999999,2.9726
TSK-00759,2026-09-21,OP-015,MC-006,SITE-C,Excavation,Rain,Muddy,Low,Scheduled,76.0,66.0,-10.0,4.5,100.0,0,0,7.42089552238806,14.2,84.94925373134329,3.136417910447761
TSK-00760,2026-09-21,OP-015,MC-010,SITE-C,Material Loading,Dust Storm,Muddy,Medium,Scheduled,38.0,32.0,-6.0,3.0,100.0,0,0,8.533333333333333,15.3,87.3030303030303,2.8457575757575757
TSK-00761,2026-09-21,OP-015,MC-001,SITE-B,Demolition,High Wind,Muddy,Low,Scheduled,62.0,52.0,-10.0,5.7,100.0,1,0,7.598113207547169,14.4,84.28490566037736,2.8937735849056603
TSK-00762,2026-09-22,OP-001,MC-002,SITE-C,Demolition,Clear,Rocky,High,Scheduled,112.0,118.0,6.0,7.6,100.0,2,1,6.73781512605042,14.7,85.32857142857144,2.929915966386555
TSK-00763,2026-09-22,OP-001,MC-004,SITE-B,Excavation,Rain,Muddy,Medium,Scheduled,95.0,56.0,-39.0,3.5,100.0,1,0,7.664912280701754,16.3,86.8157894736842,2.858947368421053
TSK-00764,2026-09-22,OP-002,MC-001,SITE-D,Material Loading,Rain,Hard Soil,Low,Scheduled,88.0,109.0,21.0,28.2,100.0,0,0,5.709090909090909,13.9,84.46181818181817,2.9752727272727277
TSK-00765,2026-09-22,OP-003,MC-005,SITE-D,Demolition,Rain,Muddy,Medium,Scheduled,76.0,74.0,-2.0,4.0,100.0,3,1,7.722666666666667,15.2,84.82666666666667,2.922266666666667
TSK-00766,2026-09-22,OP-003,MC-004,SITE-D,Demolition,Clear,Hard Soil,Low,Scheduled,96.0,106.0,10.0,3.7,100.0,0,0,7.828971962616823,14.0,84.60280373831776,2.9790654205607474
TSK-00767,2026-09-22,OP-004,MC-010,SITE-D,Trenching,Rain,Hard Soil,High,Scheduled,80.0,85.0,5.0,4.7,100.0,0,0,7.55,15.6,83.60697674418604,3.072674418604651
TSK-00768,2026-09-22,OP-004,MC-003,SITE-B,Excavation,Clear,Muddy,Medium,Scheduled,89.0,100.0,11.0,3.0,100.0,2,0,7.914851485148515,17.6,85.84752475247525,3.039207920792079
TSK-00769,2026-09-22,OP-004,MC-008,SITE-A,Trenching,Clear,Rocky,Low,Scheduled,123.0,115.0,-8.0,6.9,0.0,0,1,7.756896551724138,15.4,85.30172413793103,2.9563793103448277
TSK-00770,2026-09-22,OP-005,MC-002,SITE-A,Material Loading,Clear,Rocky,High,Scheduled,119.0,103.0,-16.0,6.7,100.0,1,1,7.318269230769231,13.8,84.63076923076923,2.926442307692308
TSK-00771,2026-09-22,OP-005,MC-004,SITE-B,Trenching,Clear,Hard Soil,Low,Scheduled,44.0,37.0,-7.0,0.0,100.0,0,0,8.486842105263158,13.3,85.08421052631579,3.0178947368421056
TSK-00772,2026-09-22,OP-006,MC-006,SITE-A,Excavation,Rain,Hard Soil,High,Scheduled,48.0,50.0,2.0,7.8,100.0,0,0,7.501960784313726,14.5,85.88039215686274,2.963921568627451
TSK-00773,2026-09-22,OP-006,MC-006,SITE-C,Excavation,Clear,Soft Soil,Medium,Scheduled,126.0,113.0,-13.0,3.5,100.0,1,0,7.800877192982456,17.9,83.93771929824561,2.7907894736842103
TSK-00774,2026-09-22,OP-007,MC-009,SITE-A,Material Loading,Clear,Hard Soil,Low,Scheduled,129.0,175.0,46.0,26.1,100.0,0,0,5.6982954545454545,14.1,84.65227272727272,3.1514772727272726
TSK-00775,2026-09-22,OP-007,MC-005,SITE-D,Demolition,Rain,Hard Soil,High,Scheduled,129.0,158.0,29.0,24.5,100.0,0,0,6.059119496855346,15.4,85.36540880503145,2.989496855345912
TSK-00776,2026-09-22,OP-007,MC-009,SITE-D,Demolition,High Wind,Soft Soil,Medium,Scheduled,86.0,102.0,16.0,28.2,100.0,0,0,6.1854368932038835,14.5,86.26796116504855,2.9676699029126214
TSK-00777,2026-09-22,OP-008,MC-007,SITE-C,Grading,Rain,Rocky,Low,Scheduled,124.0,91.0,-33.0,1.1,100.0,0,0,7.9010869565217385,15.6,85.3108695652174,3.0156521739130433
TSK-00778,2026-09-22,OP-009,MC-007,SITE-A,Trenching,Rain,Rocky,Low,Scheduled,58.0,60.0,2.0,3.3,100.0,2,0,6.88688524590164,13.3,84.14098360655738,3.0203278688524593
TSK-00779,2026-09-22,OP-009,MC-002,SITE-C,Trenching,Clear,Muddy,High,Scheduled,123.0,116.0,-7.0,6.0,100.0,0,0,7.71965811965812,15.6,84.97606837606838,2.87991452991453
TSK-00780,2026-09-22,OP-009,MC-006,SITE-C,Trenching,Dust Storm,Soft Soil,Low,Scheduled,73.0,75.0,2.0,1.3,0.0,1,1,8.410526315789474,16.1,84.15789473684211,2.780657894736842
TSK-00781,2026-09-22,OP-010,MC-007,SITE-A,Excavation,Clear,Rocky,Medium,Scheduled,110.0,83.0,-27.0,4.8,100.0,1,0,7.067857142857143,14.0,86.21190476190476,3.1066666666666665
TSK-00782,2026-09-22,OP-011,MC-003,SITE-B,Excavation,Clear,Rocky,Medium,Scheduled,142.0,192.0,50.0,25.4,100.0,2,1,5.845077720207254,25.0,85.07668393782383,3.0267357512953366
TSK-00783,2026-09-22,OP-011,MC-003,SITE-B,Demolition,Clear,Soft Soil,High,Scheduled,113.0,137.0,24.0,22.5,100.0,3,3,6.532608695652174,22.8,85.77971014492753,2.9572463768115944
TSK-00784,2026-09-22,OP-011,MC-003,SITE-D,Excavation,High Wind,Rocky,Low,Scheduled,73.0,86.0,13.0,29.9,100.0,1,1,5.67816091954023,13.5,84.20919540229885,2.9982758620689656
TSK-00785,2026-09-22,OP-012,MC-006,SITE-D,Grading,Clear,Muddy,High,Scheduled,119.0,119.0,0.0,5.0,100.0,2,0,7.683333333333334,16.5,84.44666666666667,2.9271666666666665
TSK-00786,2026-09-22,OP-013,MC-009,SITE-B,Demolition,Clear,Rocky,High,Scheduled,57.0,66.0,9.0,1.5,100.0,3,0,7.6089552238805975,13.9,85.12388059701493,2.965223880597015
TSK-00787,2026-09-22,OP-014,MC-008,SITE-B,Grading,Rain,Hard Soil,Low,Scheduled,122.0,121.0,-1.0,4.9,100.0,0,0,7.300819672131148,15.3,85.51393442622951,2.9996721311475407
TSK-00788,2026-09-22,OP-014,MC-001,SITE-B,Trenching,High Wind,Hard Soil,High,Scheduled,122.0,124.0,2.0,4.8,100.0,2,0,7.4272,16.0,85.3312,3.0092800000000004
TSK-00789,2026-09-22,OP-015,MC-002,SITE-A,Demolition,Clear,Soft Soil,Low,Scheduled,106.0,91.0,-15.0,3.3,100.0,1,0,7.692391304347827,14.8,84.16956521739131,3.191304347826087
