task_id,date,operator_id,machine_id,site_id,task_type,environmental_condition,terrain_type,ambient_temp_c,visibility_pct,site_traffic_density,priority,status,scheduled_duration_min,actual_duration_min,overrun_min,idle_pct,seatbelt_compliance_pct,proximity_alert_count,unsafe_event_count,avg_speed_kmph,max_speed_kmph,avg_engine_temp_c,avg_vibration,min_distance_to_hazard_m,experience_years,certification_level,machine_type,machine_age_years,machine_health_score,total_engine_hours_lifetime
TSK-00001,2026-08-24,OP-001,MC-008,SITE-C,Grading,Dust Storm,Soft Soil,26.2,23.5,Medium,High,Scheduled,87.0,94.0,7.0,1.1,100.0,0,0,7.92,15.1,83.54315789473685,2.837578947368421,8.3,7,Intermediate,Excavator,10,35.0,11262.0
TSK-00002,2026-08-24,OP-002,MC-010,SITE-B,Trenching,Rain,Muddy,23.6,49.8,Low,Low,Scheduled,144.0,196.0,52.0,21.3,100.0,0,0,6.338578680203046,16.4,85.94314720812183,3.1375126903553303,10.9,5,Intermediate,Bulldozer,9,35.0,10882.0
TSK-00003,2026-08-24,OP-002,MC-001,SITE-C,Demolition,Rain,Muddy,13.3,52.5,Low,Low,Scheduled,192.0,247.0,55.0,23.4,100.0,0,0,6.364112903225807,15.7,84.64717741935483,3.0914516129032257,5.0,5,Intermediate,Wheel Loader,3,60.2,3118.0
TSK-00004,2026-08-24,OP-003,MC-003,SITE-A,Grading,Rain,Soft Soil,21.6,54.8,High,High,Scheduled,82.0,79.0,-3.0,3.8,100.0,0,0,6.90875,13.4,85.62125,2.766375,5.0,8,Advanced,Backhoe,5,44.1,5383.0
TSK-00005,2026-08-24,OP-003,MC-002,SITE-D,Excavation,Clear,Soft Soil,23.3,71.5,Medium,Medium,Scheduled,90.0,78.0,-12.0,1.3,100.0,0,0,7.40886075949367,14.3,84.93544303797468,3.012151898734177,11.2,8,Advanced,Bulldozer,4,70.8,5138.0
TSK-00006,2026-08-24,OP-003,MC-007,SITE-D,Material Loading,Clear,Soft Soil,27.0,79.3,High,High,Scheduled,42.0,42.0,0.0,0.0,100.0,1,0,7.716279069767442,14.5,85.20697674418605,2.9546511627906975,3.4,8,Advanced,Backhoe,10,37.7,9166.0
TSK-00007,2026-08-24,OP-004,MC-002,SITE-B,Demolition,Clear,Hard Soil,29.8,88.1,High,High,Scheduled,129.0,105.0,-24.0,3.8,100.0,0,0,7.468867924528302,17.3,86.16037735849056,3.0371698113207546,6.4,12,Advanced,Bulldozer,4,70.8,5138.0
TSK-00008,2026-08-24,OP-004,MC-008,SITE-C,Material Loading,Clear,Soft Soil,23.2,92.9,Medium,Low,Scheduled,48.0,38.0,-10.0,7.7,100.0,0,0,7.402564102564102,14.4,84.44358974358975,2.5384615384615383,14.6,12,Advanced,Excavator,10,35.0,11262.0
TSK-00009,2026-08-24,OP-005,MC-002,SITE-B,Excavation,Dust Storm,Soft Soil,15.6,19.9,Medium,Low,Scheduled,106.0,114.0,8.0,3.5,100.0,2,1,7.677391304347826,16.8,84.43652173913044,3.200086956521739,3.9,5,Intermediate,Bulldozer,4,70.8,5138.0
TSK-00010,2026-08-24,OP-006,MC-009,SITE-D,Material Loading,High Wind,Hard Soil,20.2,70.9,Medium,Low,Scheduled,58.0,63.0,5.0,7.8,100.0,1,0,7.5109375,15.3,86.9609375,3.0271875,2.0,5,Intermediate,Wheel Loader,6,36.1,6061.0
TSK-00011,2026-08-24,OP-007,MC-002,SITE-C,Trenching,Clear,Rocky,29.8,76.9,Medium,Medium,Scheduled,123.0,139.0,16.0,27.1,100.0,3,3,6.4314285714285715,24.7,84.66571428571429,3.0464285714285713,2.4,12,Advanced,Bulldozer,4,70.8,5138.0
TSK-00012,2026-08-24,OP-008,MC-004,SITE-B,Excavation,Clear,Soft Soil,24.0,91.0,Medium,Low,Scheduled,86.0,85.0,-1.0,4.7,100.0,0,0,8.375581395348837,15.5,84.06627906976745,2.8702325581395347,7.9,9,Advanced,Excavator,10,35.0,11223.0
TSK-00013,2026-08-24,OP-009,MC-003,SITE-A,Demolition,Dust Storm,Soft Soil,16.4,22.6,Medium,High,Scheduled,151.0,171.0,20.0,3.5,100.0,1,0,7.244767441860464,14.3,85.27093023255814,3.031046511627907,3.3,4,Intermediate,Backhoe,5,44.1,5383.0
TSK-00014,2026-08-24,OP-010,MC-007,SITE-B,Grading,Rain,Muddy,21.0,58.1,Low,Medium,Scheduled,107.0,95.0,-12.0,2.1,100.0,0,0,7.782291666666667,15.3,84.659375,2.9458333333333333,10.4,8,Advanced,Backhoe,10,37.7,9166.0
TSK-00015,2026-08-24,OP-010,MC-002,SITE-D,Excavation,Clear,Soft Soil,24.0,100.0,Low,Low,Scheduled,86.0,88.0,2.0,6.7,100.0,1,0,8.104494382022471,18.7,86.58876404494382,2.9048314606741577,3.1,8,Advanced,Bulldozer,4,70.8,5138.0
TSK-00016,2026-08-24,OP-010,MC-010,SITE-B,Grading,Clear,Muddy,30.2,85.4,Medium,Medium,Scheduled,99.0,102.0,3.0,3.9,100.0,0,0,7.8970873786407765,14.0,85.17669902912623,3.2210679611650486,8.8,8,Advanced,Bulldozer,9,35.0,10882.0
TSK-00017,2026-08-24,OP-011,MC-008,SITE-A,Excavation,Clear,Soft Soil,22.3,67.1,High,Low,Scheduled,83.0,104.0,21.0,27.6,100.0,1,1,6.246666666666666,21.7,85.75619047619047,3.0450476190476192,4.4,4,Intermediate,Excavator,10,35.0,11262.0
TSK-00018,2026-08-24,OP-012,MC-008,SITE-D,Trenching,Clear,Hard Soil,28.6,98.0,High,Medium,Scheduled,95.0,100.0,5.0,6.9,100.0,1,0,7.4326732673267335,19.8,86.11089108910892,3.01009900990099,2.2,4,Intermediate,Excavator,10,35.0,11262.0
TSK-00019,2026-08-24,OP-013,MC-008,SITE-D,Material Loading,Clear,Muddy,27.5,88.3,Medium,Low,Scheduled,64.0,77.0,13.0,7.7,100.0,0,0,7.791025641025642,16.8,83.2102564102564,2.9957692307692305,11.7,6,Intermediate,Excavator,10,35.0,11262.0
TSK-00020,2026-08-24,OP-014,MC-010,SITE-C,Demolition,Clear,Muddy,31.3,86.2,High,Low,Scheduled,136.0,116.0,-20.0,5.1,100.0,0,0,7.941025641025641,18.2,85.43589743589743,2.9223931623931625,11.1,0,Beginner,Bulldozer,9,35.0,10882.0
TSK-00021,2026-08-24,OP-015,MC-006,SITE-B,Grading,Clear,Soft Soil,19.9,76.9,Medium,Low,Scheduled,77.0,85.0,8.0,4.7,100.0,1,1,8.140697674418606,16.1,84.6546511627907,3.03093023255814,3.8,0,Beginner,Bulldozer,7,46.4,9831.0
TSK-00022,2026-08-25,OP-001,MC-001,SITE-C,Material Loading,High Wind,Hard Soil,23.0,82.7,Low,Medium,Scheduled,66.0,65.0,-1.0,3.0,100.0,0,0,7.342424242424243,15.3,85.71969696969697,3.316818181818182,7.8,7,Intermediate,Wheel Loader,3,60.2,3118.0
TSK-00023,2026-08-25,OP-001,MC-007,SITE-C,Excavation,High Wind,Soft Soil,20.0,69.2,Low,Medium,Scheduled,98.0,97.0,-1.0,4.1,100.0,0,0,7.733673469387755,15.8,84.08367346938776,2.9637755102040817,15.8,7,Intermediate,Backhoe,10,37.7,9166.0
TSK-00024,2026-08-25,OP-001,MC-002,SITE-B,Grading,High Wind,Soft Soil,16.2,64.0,Medium,Medium,Scheduled,70.0,61.0,-9.0,6.5,100.0,1,0,6.733870967741935,12.7,84.9241935483871,2.821935483870968,5.1,7,Intermediate,Bulldozer,4,70.8,5138.0
TSK-00025,2026-08-25,OP-002,MC-001,SITE-C,Grading,High Wind,Soft Soil,26.8,80.6,Low,High,Scheduled,78.0,92.0,14.0,24.7,100.0,0,0,6.046236559139785,13.4,84.80430107526882,3.085483870967742,14.3,5,Intermediate,Wheel Loader,3,60.2,3118.0
TSK-00026,2026-08-25,OP-003,MC-004,SITE-C,Material Loading,Clear,Hard Soil,14.3,71.1,Low,Low,Scheduled,58.0,59.0,1.0,1.7,100.0,0,0,7.916666666666667,13.4,85.365,3.0356666666666663,11.9,8,Advanced,Excavator,10,35.0,11223.0
TSK-00027,2026-08-25,OP-004,MC-006,SITE-D,Excavation,Dust Storm,Soft Soil,32.8,27.0,Medium,High,Scheduled,113.0,109.0,-4.0,8.2,0.0,0,1,7.573636363636364,15.1,85.58,2.781545454545455,14.0,12,Advanced,Bulldozer,7,46.4,9831.0
TSK-00028,2026-08-25,OP-005,MC-009,SITE-B,Demolition,Rain,Muddy,16.4,44.1,Low,Low,Scheduled,164.0,188.0,24.0,4.2,100.0,2,0,7.495238095238094,15.4,85.23915343915344,2.9485185185185183,3.2,5,Intermediate,Wheel Loader,6,36.1,6061.0
TSK-00029,2026-08-25,OP-005,MC-008,SITE-A,Trenching,Dust Storm,Hard Soil,15.0,13.8,Low,Low,Scheduled,145.0,143.0,-2.0,4.2,100.0,0,0,7.788194444444445,16.1,85.33541666666666,3.151875,10.7,5,Intermediate,Excavator,10,35.0,11262.0
TSK-00030,2026-08-25,OP-006,MC-006,SITE-B,Material Loading,Rain,Soft Soil,19.3,46.4,High,High,Scheduled,65.0,84.0,19.0,3.5,100.0,2,0,7.891764705882353,13.9,85.1435294117647,2.9856470588235293,2.2,5,Intermediate,Bulldozer,7,46.4,9831.0
TSK-00031,2026-08-25,OP-006,MC-002,SITE-B,Grading,High Wind,Hard Soil,21.1,94.2,High,Medium,Scheduled,83.0,84.0,1.0,8.2,100.0,0,0,7.523529411764706,15.2,85.68941176470588,3.0676470588235296,5.6,5,Intermediate,Bulldozer,4,70.8,5138.0
TSK-00032,2026-08-25,OP-007,MC-008,SITE-B,Trenching,Rain,Rocky,24.2,43.0,High,Low,Scheduled,157.0,215.0,58.0,24.5,100.0,1,0,6.136111111111112,15.2,84.92546296296297,2.9010185185185184,3.6,12,Advanced,Excavator,10,35.0,11262.0
TSK-00033,2026-08-25,OP-008,MC-008,SITE-A,Grading,Dust Storm,Hard Soil,33.0,46.3,High,Medium,Scheduled,87.0,103.0,16.0,1.9,100.0,0,0,7.925961538461538,16.2,86.5326923076923,3.035192307692308,11.2,9,Advanced,Excavator,10,35.0,11262.0
TSK-00034,2026-08-25,OP-008,MC-010,SITE-C,Grading,Dust Storm,Hard Soil,40.7,25.8,Low,Medium,Scheduled,77.0,79.0,2.0,5.0,100.0,1,0,7.5525,15.3,84.98625,2.877125,2.6,9,Advanced,Bulldozer,9,35.0,10882.0
TSK-00035,2026-08-25,OP-008,MC-007,SITE-C,Material Loading,Clear,Soft Soil,29.4,88.3,Low,High,Scheduled,59.0,60.0,1.0,6.6,100.0,0,0,7.7,17.5,85.37704918032787,3.131311475409836,8.3,9,Advanced,Backhoe,10,37.7,9166.0
TSK-00036,2026-08-25,OP-009,MC-003,SITE-A,Grading,Clear,Rocky,22.0,78.8,High,Medium,Scheduled,93.0,90.0,-3.0,9.9,100.0,2,0,7.552747252747253,15.7,85.71758241758242,2.795934065934066,1.6,4,Intermediate,Backhoe,5,44.1,5383.0
TSK-00037,2026-08-25,OP-009,MC-003,SITE-C,Trenching,Clear,Soft Soil,26.5,75.0,Medium,Low,Scheduled,118.0,128.0,10.0,6.2,100.0,1,0,7.576744186046511,16.8,84.584496124031,3.0966666666666667,4.3,4,Intermediate,Backhoe,5,44.1,5383.0
TSK-00038,2026-08-25,OP-010,MC-005,SITE-C,Demolition,Clear,Rocky,29.8,98.9,Low,High,Scheduled,142.0,138.0,-4.0,5.8,100.0,0,0,7.638129496402878,16.3,85.24748201438848,3.0409352517985613,9.8,8,Advanced,Wheel Loader,11,35.0,14731.0
TSK-00039,2026-08-25,OP-011,MC-010,SITE-C,Trenching,Rain,Rocky,14.7,41.4,Medium,Medium,Scheduled,174.0,232.0,58.0,27.5,100.0,1,0,5.928755364806867,15.6,85.38197424892704,3.055622317596567,2.6,4,Intermediate,Bulldozer,9,35.0,10882.0
TSK-00040,2026-08-25,OP-011,MC-006,SITE-B,Trenching,Rain,Rocky,5.0,65.3,Medium,High,Scheduled,139.0,182.0,43.0,29.0,100.0,1,0,5.98087431693989,16.8,84.40765027322405,2.8307650273224043,4.6,4,Intermediate,Bulldozer,7,46.4,9831.0
TSK-00041,2026-08-25,OP-012,MC-009,SITE-D,Demolition,Clear,Hard Soil,28.4,87.9,Medium,High,Scheduled,163.0,173.0,10.0,5.2,100.0,1,0,7.144827586206897,16.5,85.9,3.0924137931034483,3.1,4,Intermediate,Wheel Loader,6,36.1,6061.0
TSK-00042,2026-08-25,OP-012,MC-001,SITE-A,Excavation,Clear,Rocky,30.5,92.3,High,High,Scheduled,136.0,155.0,19.0,5.8,100.0,1,0,7.864743589743591,14.9,85.31153846153846,3.032051282051282,3.2,4,Intermediate,Wheel Loader,3,60.2,3118.0
TSK-00043,2026-08-25,OP-013,MC-005,SITE-B,Excavation,Dust Storm,Hard Soil,28.6,5.0,Low,Medium,Scheduled,120.0,128.0,8.0,4.7,100.0,0,0,7.791472868217054,15.5,83.31782945736434,2.972015503875969,11.5,6,Intermediate,Wheel Loader,11,35.0,14731.0
TSK-00044,2026-08-25,OP-013,MC-009,SITE-D,Trenching,Dust Storm,Hard Soil,37.7,10.2,Medium,Low,Scheduled,109.0,139.0,30.0,9.3,100.0,1,0,7.318571428571428,16.6,84.8907142857143,3.0405714285714285,3.4,6,Intermediate,Wheel Loader,6,36.1,6061.0
TSK-00045,2026-08-25,OP-014,MC-008,SITE-B,Excavation,Clear,Muddy,27.5,94.4,Medium,Medium,Scheduled,114.0,134.0,20.0,3.0,100.0,0,0,7.851111111111112,16.0,85.91333333333333,2.9252592592592594,5.0,0,Beginner,Excavator,10,35.0,11262.0
TSK-00046,2026-08-25,OP-014,MC-007,SITE-B,Trenching,Dust Storm,Rocky,35.3,31.0,Medium,High,Scheduled,173.0,224.0,51.0,4.4,100.0,2,0,7.421777777777778,16.8,84.50311111111111,3.014177777777778,2.0,0,Beginner,Backhoe,10,37.7,9166.0
TSK-00047,2026-08-25,OP-014,MC-006,SITE-D,Trenching,Dust Storm,Muddy,41.7,49.4,Low,High,Scheduled,157.0,204.0,47.0,2.9,100.0,3,0,7.829756097560975,16.1,85.26585365853659,3.1547317073170733,3.1,0,Beginner,Bulldozer,7,46.4,9831.0
TSK-00048,2026-08-25,OP-015,MC-009,SITE-D,Trenching,Rain,Rocky,14.4,46.3,Low,High,Scheduled,158.0,186.0,28.0,7.0,100.0,3,1,7.387700534759358,17.7,86.10641711229947,3.0255080213903742,2.8,0,Beginner,Wheel Loader,6,36.1,6061.0
TSK-00049,2026-08-25,OP-015,MC-005,SITE-A,Trenching,Clear,Hard Soil,22.1,65.9,High,High,Scheduled,106.0,122.0,16.0,4.9,100.0,0,0,7.683739837398374,15.8,86.31544715447154,2.970650406504065,9.6,0,Beginner,Wheel Loader,11,35.0,14731.0
TSK-00050,2026-08-26,OP-001,MC-002,SITE-D,Trenching,Clear,Muddy,28.9,77.6,High,Medium,Scheduled,114.0,103.0,-11.0,2.9,100.0,1,0,7.697115384615385,15.2,84.9923076923077,3.1346153846153846,3.2,7,Intermediate,Bulldozer,4,70.8,5138.0
TSK-00051,2026-08-26,OP-001,MC-008,SITE-D,Material Loading,Clear,Rocky,22.4,68.1,High,High,Scheduled,65.0,76.0,11.0,0.0,100.0,2,0,8.12987012987013,16.3,84.76233766233766,3.045974025974026,2.3,7,Intermediate,Excavator,10,35.0,11262.0
TSK-00052,2026-08-26,OP-001,MC-007,SITE-B,Trenching,Clear,Rocky,25.4,65.4,Medium,Medium,Scheduled,137.0,144.0,7.0,4.1,100.0,0,0,7.396551724137931,14.1,85.39862068965516,2.8775172413793104,9.2,7,Intermediate,Backhoe,10,37.7,9166.0
TSK-00053,2026-08-26,OP-002,MC-008,SITE-D,Trenching,High Wind,Soft Soil,25.0,70.7,Medium,Low,Scheduled,110.0,149.0,39.0,27.3,100.0,0,0,5.782666666666667,14.2,84.29066666666667,2.9429333333333334,13.4,5,Intermediate,Excavator,10,35.0,11262.0
TSK-00054,2026-08-26,OP-003,MC-005,SITE-B,Excavation,Dust Storm,Hard Soil,28.9,5.0,Low,Medium,Scheduled,132.0,160.0,28.0,5.0,100.0,0,0,7.773291925465839,14.5,86.07888198757765,2.972608695652174,11.6,8,Advanced,Wheel Loader,11,35.0,14731.0
TSK-00055,2026-08-26,OP-003,MC-001,SITE-C,Material Loading,Rain,Muddy,18.7,47.5,Medium,Medium,Scheduled,68.0,62.0,-6.0,3.2,100.0,0,0,7.636507936507937,14.2,83.2047619047619,3.108730158730159,9.8,8,Advanced,Wheel Loader,3,60.2,3118.0
TSK-00056,2026-08-26,OP-003,MC-001,SITE-B,Excavation,Rain,Soft Soil,21.6,42.5,High,Low,Scheduled,80.0,69.0,-11.0,4.3,100.0,1,0,7.802857142857143,16.0,84.99428571428572,3.162142857142857,3.0,8,Advanced,Wheel Loader,3,60.2,3118.0
TSK-00057,2026-08-26,OP-004,MC-009,SITE-D,Trenching,Rain,Hard Soil,22.5,59.2,Medium,Low,Scheduled,135.0,103.0,-32.0,3.8,100.0,0,0,7.550961538461538,15.8,85.50961538461539,3.0497115384615388,15.4,12,Advanced,Wheel Loader,6,36.1,6061.0
TSK-00058,2026-08-26,OP-005,MC-010,SITE-B,Demolition,High Wind,Soft Soil,23.5,52.1,Low,Medium,Scheduled,131.0,150.0,19.0,4.6,100.0,3,1,7.596026490066225,16.8,84.05099337748345,2.993245033112583,2.8,5,Intermediate,Bulldozer,9,35.0,10882.0
TSK-00059,2026-08-26,OP-006,MC-009,SITE-B,Excavation,Clear,Hard Soil,20.8,90.9,Medium,High,Scheduled,103.0,98.0,-5.0,2.0,100.0,1,0,7.73030303030303,19.2,85.9909090909091,3.1206060606060606,3.0,5,Intermediate,Wheel Loader,6,36.1,6061.0
TSK-00060,2026-08-26,OP-006,MC-008,SITE-A,Material Loading,Rain,Soft Soil,21.2,50.3,High,Low,Scheduled,66.0,82.0,16.0,3.6,100.0,1,0,7.846987951807228,15.3,85.49156626506024,3.0219277108433733,2.3,5,Intermediate,Excavator,10,35.0,11262.0
TSK-00061,2026-08-26,OP-006,MC-002,SITE-C,Trenching,Clear,Muddy,26.6,78.2,Low,High,Scheduled,132.0,151.0,19.0,6.6,100.0,2,1,7.3901315789473685,17.1,85.63421052631578,2.9747368421052633,2.6,5,Intermediate,Bulldozer,4,70.8,5138.0
TSK-00062,2026-08-26,OP-007,MC-001,SITE-B,Demolition,Clear,Rocky,17.8,72.4,High,High,Scheduled,175.0,216.0,41.0,19.4,100.0,3,2,7.0608294930875575,18.2,85.00783410138249,2.996175115207373,1.9,12,Advanced,Wheel Loader,3,60.2,3118.0
TSK-00063,2026-08-26,OP-007,MC-007,SITE-C,Excavation,Clear,Hard Soil,17.5,71.1,Low,High,Scheduled,106.0,123.0,17.0,24.2,100.0,0,0,6.319354838709677,14.1,83.96451612903226,2.7740322580645165,10.4,12,Advanced,Backhoe,10,37.7,9166.0
TSK-00064,2026-08-26,OP-007,MC-003,SITE-D,Material Loading,Clear,Muddy,33.1,87.5,Low,Medium,Scheduled,61.0,65.0,4.0,16.7,100.0,2,1,7.033333333333333,19.3,83.5,3.159242424242424,3.1,12,Advanced,Backhoe,5,44.1,5383.0
TSK-00065,2026-08-26,OP-008,MC-006,SITE-A,Excavation,Clear,Hard Soil,29.1,97.0,Medium,Medium,Scheduled,105.0,100.0,-5.0,5.0,100.0,0,0,7.574257425742574,16.6,85.32772277227723,2.94990099009901,8.0,9,Advanced,Bulldozer,7,46.4,9831.0
TSK-00066,2026-08-26,OP-008,MC-003,SITE-B,Trenching,Rain,Muddy,12.9,74.6,High,Medium,Scheduled,145.0,142.0,-3.0,4.2,100.0,0,0,7.623776223776224,16.4,84.88321678321678,3.187062937062937,5.0,9,Advanced,Backhoe,5,44.1,5383.0
TSK-00067,2026-08-26,OP-009,MC-005,SITE-D,Demolition,Rain,Rocky,24.0,63.2,Medium,Medium,Scheduled,191.0,206.0,15.0,8.7,100.0,1,0,7.392270531400967,17.8,85.3207729468599,3.0785024154589373,4.9,4,Intermediate,Wheel Loader,11,35.0,14731.0
TSK-00068,2026-08-26,OP-010,MC-009,SITE-D,Grading,Clear,Rocky,26.5,82.9,Low,Medium,Scheduled,95.0,94.0,-1.0,5.3,100.0,0,0,7.82421052631579,14.5,84.27263157894737,3.0001052631578946,9.3,8,Advanced,Wheel Loader,6,36.1,6061.0
TSK-00069,2026-08-26,OP-010,MC-008,SITE-A,Grading,Rain,Hard Soil,19.6,74.1,Medium,Medium,Scheduled,96.0,92.0,-4.0,9.7,100.0,0,0,7.474193548387097,16.2,87.15161290322581,2.908924731182796,7.9,8,Advanced,Excavator,10,35.0,11262.0
TSK-00070,2026-08-26,OP-011,MC-004,SITE-A,Grading,Dust Storm,Rocky,32.8,27.2,Medium,Medium,Scheduled,125.0,163.0,38.0,26.8,100.0,1,1,6.094512195121951,20.7,85.84085365853659,3.2842073170731707,4.2,4,Intermediate,Excavator,10,35.0,11223.0
TSK-00071,2026-08-26,OP-011,MC-005,SITE-A,Grading,High Wind,Rocky,19.9,66.0,High,Medium,Scheduled,106.0,134.0,28.0,20.7,100.0,1,1,6.057777777777777,16.1,85.26074074074074,3.018888888888889,4.4,4,Intermediate,Wheel Loader,11,35.0,14731.0
TSK-00072,2026-08-26,OP-012,MC-002,SITE-D,Excavation,Clear,Hard Soil,21.5,90.4,Low,Low,Scheduled,106.0,107.0,1.0,6.5,100.0,0,0,7.610185185185185,14.8,84.81851851851852,2.963611111111111,5.7,4,Intermediate,Bulldozer,4,70.8,5138.0
TSK-00073,2026-08-26,OP-012,MC-005,SITE-A,Demolition,Clear,Soft Soil,28.1,100.0,High,Low,Scheduled,128.0,150.0,22.0,5.3,100.0,0,0,7.950331125827814,16.4,85.28807947019868,3.064039735099338,10.7,4,Intermediate,Wheel Loader,11,35.0,14731.0
TSK-00074,2026-08-26,OP-012,MC-006,SITE-B,Excavation,Dust Storm,Rocky,39.9,40.1,High,High,Scheduled,127.0,150.0,23.0,3.3,100.0,2,0,7.8668874172185435,16.5,85.22582781456954,2.9724503311258275,2.2,4,Intermediate,Bulldozer,7,46.4,9831.0
TSK-00075,2026-08-26,OP-013,MC-008,SITE-B,Trenching,Rain,Muddy,9.3,30.3,High,Medium,Scheduled,141.0,148.0,7.0,7.4,100.0,0,0,7.5557046979865765,15.5,84.98926174496644,2.994429530201342,8.6,6,Intermediate,Excavator,10,35.0,11262.0
TSK-00076,2026-08-26,OP-013,MC-010,SITE-A,Grading,Rain,Soft Soil,15.7,25.7,High,Low,Scheduled,77.0,88.0,11.0,4.5,100.0,0,0,7.510112359550561,15.7,85.4876404494382,3.065168539325843,10.5,6,Intermediate,Bulldozer,9,35.0,10882.0
TSK-00077,2026-08-26,OP-013,MC-009,SITE-A,Trenching,Clear,Muddy,27.4,84.4,High,High,Scheduled,141.0,150.0,9.0,4.6,100.0,2,0,7.758278145695364,15.9,84.74900662251656,2.986887417218543,4.2,6,Intermediate,Wheel Loader,6,36.1,6061.0
TSK-00078,2026-08-26,OP-014,MC-007,SITE-D,Material Loading,Clear,Hard Soil,35.5,95.9,High,Medium,Scheduled,45.0,44.0,-1.0,8.9,100.0,0,0,7.384444444444445,15.0,82.91333333333333,3.129777777777778,13.1,0,Beginner,Backhoe,10,37.7,9166.0
TSK-00079,2026-08-26,OP-014,MC-005,SITE-A,Material Loading,Clear,Hard Soil,34.0,96.0,High,Low,Scheduled,54.0,59.0,5.0,5.0,100.0,1,0,7.455,13.4,84.91333333333334,3.2858333333333336,3.9,0,Beginner,Wheel Loader,11,35.0,14731.0
TSK-00080,2026-08-26,OP-015,MC-004,SITE-C,Trenching,Clear,Rocky,18.1,65.4,Low,High,Scheduled,139.0,159.0,20.0,5.0,100.0,1,0,7.79875,19.7,84.79249999999999,2.9541250000000003,3.5,0,Beginner,Excavator,10,35.0,11223.0
TSK-00081,2026-08-27,OP-001,MC-002,SITE-D,Trenching,Clear,Soft Soil,30.9,74.4,High,High,Scheduled,99.0,113.0,14.0,7.9,100.0,2,0,7.1877192982456135,17.8,84.96052631578948,2.9657017543859645,2.5,7,Intermediate,Bulldozer,4,70.8,5138.0
TSK-00082,2026-08-27,OP-001,MC-007,SITE-A,Demolition,High Wind,Rocky,19.0,42.3,Low,Medium,Scheduled,197.0,182.0,-15.0,7.7,100.0,2,1,7.224043715846994,16.8,84.62841530054645,3.1433879781420764,3.0,7,Intermediate,Backhoe,10,37.7,9166.0
TSK-00083,2026-08-27,OP-001,MC-009,SITE-B,Trenching,High Wind,Muddy,19.2,46.8,High,High,Scheduled,124.0,138.0,14.0,7.2,100.0,1,1,7.723741007194244,18.8,84.87122302158274,2.9658992805755395,1.7,7,Intermediate,Wheel Loader,6,36.1,6061.0
TSK-00084,2026-08-27,OP-002,MC-010,SITE-B,Material Loading,Clear,Muddy,24.7,94.7,Medium,High,Scheduled,58.0,70.0,12.0,32.4,100.0,1,1,5.9802816901408455,14.2,83.5887323943662,2.878450704225352,2.0,5,Intermediate,Bulldozer,9,35.0,10882.0
TSK-00085,2026-08-27,OP-003,MC-005,SITE-D,Material Loading,Clear,Rocky,32.5,70.0,Low,Low,Scheduled,68.0,70.0,2.0,2.8,100.0,0,0,7.529577464788733,14.8,84.10281690140846,3.1795774647887325,8.2,8,Advanced,Wheel Loader,11,35.0,14731.0
TSK-00086,2026-08-27,OP-004,MC-002,SITE-D,Demolition,Clear,Rocky,22.5,100.0,High,Low,Scheduled,212.0,185.0,-27.0,5.4,0.0,3,1,7.661827956989247,17.4,83.94623655913979,2.9951075268817204,3.1,12,Advanced,Bulldozer,4,70.8,5138.0
TSK-00087,2026-08-27,OP-004,MC-009,SITE-B,Material Loading,Clear,Hard Soil,27.3,95.2,Medium,Low,Scheduled,40.0,30.0,-10.0,6.5,100.0,1,0,7.280645161290322,12.7,84.3967741935484,3.2925806451612902,4.2,12,Advanced,Wheel Loader,6,36.1,6061.0
TSK-00088,2026-08-27,OP-004,MC-005,SITE-A,Grading,High Wind,Hard Soil,14.1,67.3,Medium,High,Scheduled,96.0,84.0,-12.0,1.2,100.0,1,0,8.314117647058824,14.7,87.25529411764705,2.8505882352941176,5.0,12,Advanced,Wheel Loader,11,35.0,14731.0
TSK-00089,2026-08-27,OP-005,MC-004,SITE-A,Trenching,Clear,Soft Soil,19.8,69.9,High,High,Scheduled,97.0,110.0,13.0,7.2,100.0,0,0,7.366666666666667,14.9,85.18288288288288,3.1354054054054057,5.0,5,Intermediate,Excavator,10,35.0,11223.0
TSK-00090,2026-08-27,OP-005,MC-007,SITE-C,Trenching,Clear,Muddy,17.6,69.6,Low,High,Scheduled,109.0,110.0,1.0,3.6,100.0,0,0,7.572972972972973,15.0,83.97297297297297,3.098198198198198,7.5,5,Intermediate,Backhoe,10,37.7,9166.0
TSK-00091,2026-08-27,OP-005,MC-006,SITE-B,Trenching,Dust Storm,Rocky,28.1,24.7,Medium,Medium,Scheduled,160.0,158.0,-2.0,4.4,100.0,2,0,7.774213836477987,15.2,84.78679245283018,2.9613836477987423,1.4,5,Intermediate,Bulldozer,7,46.4,9831.0
TSK-00092,2026-08-27,OP-006,MC-001,SITE-B,Material Loading,Clear,Muddy,33.1,88.2,Medium,Medium,Scheduled,60.0,59.0,-1.0,3.3,100.0,2,0,7.973333333333333,16.1,85.13333333333334,3.0915000000000004,5.5,5,Intermediate,Wheel Loader,3,60.2,3118.0
TSK-00093,2026-08-27,OP-006,MC-009,SITE-C,Demolition,Dust Storm,Hard Soil,34.7,35.6,Low,Low,Scheduled,182.0,221.0,39.0,7.7,100.0,0,0,7.158108108108108,14.1,85.28153153153153,3.0438738738738738,6.8,5,Intermediate,Wheel Loader,6,36.1,6061.0
TSK-00094,2026-08-27,OP-006,MC-010,SITE-C,Trenching,Rain,Muddy,20.1,53.0,High,Medium,Scheduled,128.0,168.0,40.0,5.9,100.0,1,0,7.576923076923077,16.3,85.27633136094676,2.9084615384615384,5.8,5,Intermediate,Bulldozer,9,35.0,10882.0
TSK-00095,2026-08-27,OP-007,MC-006,SITE-B,Excavation,Clear,Rocky,15.4,71.7,High,Low,Scheduled,148.0,167.0,19.0,23.2,100.0,1,0,6.311904761904763,17.7,85.17440476190475,3.115,1.8,12,Advanced,Bulldozer,7,46.4,9831.0
TSK-00096,2026-08-27,OP-008,MC-009,SITE-D,Excavation,Dust Storm,Hard Soil,29.1,48.7,Medium,Medium,Scheduled,114.0,123.0,9.0,4.0,100.0,3,0,8.125806451612904,17.4,85.44677419354838,2.8341129032258063,3.0,9,Advanced,Wheel Loader,6,36.1,6061.0
TSK-00097,2026-08-27,OP-009,MC-003,SITE-A,Material Loading,Dust Storm,Muddy,26.9,5.0,High,Low,Scheduled,68.0,79.0,11.0,5.0,100.0,2,1,7.7075000000000005,16.8,83.46124999999999,2.912125,2.2,4,Intermediate,Backhoe,5,44.1,5383.0
TSK-00098,2026-08-27,OP-009,MC-007,SITE-B,Grading,Rain,Rocky,12.6,52.6,Medium,High,Scheduled,121.0,132.0,11.0,4.5,0.0,0,1,7.605263157894737,16.6,84.47443609022557,3.148721804511278,5.0,4,Intermediate,Backhoe,10,37.7,9166.0
TSK-00099,2026-08-27,OP-009,MC-003,SITE-A,Excavation,Clear,Rocky,19.7,77.1,Low,Low,Scheduled,143.0,153.0,10.0,5.8,0.0,2,1,7.857792207792207,18.1,85.02922077922078,3.0425324675324674,2.2,4,Intermediate,Backhoe,5,44.1,5383.0
TSK-00100,2026-08-27,OP-010,MC-007,SITE-D,Grading,Clear,Hard Soil,27.8,82.7,Low,High,Scheduled,95.0,100.0,5.0,6.9,100.0,0,0,7.742574257425742,15.2,84.73366336633664,3.067029702970297,10.4,8,Advanced,Backhoe,10,37.7,9166.0
TSK-00101,2026-08-27,OP-011,MC-001,SITE-D,Grading,High Wind,Hard Soil,17.2,48.4,Medium,Medium,Scheduled,82.0,121.0,39.0,24.6,100.0,3,3,6.682786885245902,23.4,84.74180327868852,3.0126229508196722,2.5,4,Intermediate,Wheel Loader,3,60.2,3118.0
TSK-00102,2026-08-27,OP-012,MC-006,SITE-B,Demolition,Clear,Rocky,31.4,97.0,Low,High,Scheduled,190.0,196.0,6.0,5.1,100.0,0,0,7.399492385786802,15.1,85.17208121827412,2.900507614213198,11.0,4,Intermediate,Bulldozer,7,46.4,9831.0
TSK-00103,2026-08-27,OP-012,MC-006,SITE-C,Grading,Clear,Rocky,26.4,92.7,High,Low,Scheduled,113.0,124.0,11.0,4.8,100.0,1,0,7.864,17.4,85.44,2.9006399999999997,5.1,4,Intermediate,Bulldozer,7,46.4,9831.0
TSK-00104,2026-08-27,OP-013,MC-004,SITE-D,Material Loading,Clear,Rocky,27.9,73.3,Low,High,Scheduled,61.0,60.0,-1.0,3.3,100.0,3,0,7.973770491803278,13.5,84.75409836065573,3.2701639344262294,1.4,6,Intermediate,Excavator,10,35.0,11223.0
TSK-00105,2026-08-27,OP-014,MC-010,SITE-D,Grading,Dust Storm,Rocky,24.6,42.5,Medium,Low,Scheduled,128.0,140.0,12.0,2.1,100.0,2,2,7.724113475177305,14.0,84.4758865248227,3.0436170212765954,3.3,0,Beginner,Bulldozer,9,35.0,10882.0
TSK-00106,2026-08-27,OP-015,MC-001,SITE-C,Excavation,Rain,Hard Soil,17.2,60.8,High,High,Scheduled,128.0,152.0,24.0,2.6,100.0,1,0,8.024183006535948,16.2,85.82810457516341,3.078627450980392,1.8,0,Beginner,Wheel Loader,3,60.2,3118.0
TSK-00107,2026-08-28,OP-001,MC-004,SITE-B,Material Loading,Clear,Rocky,20.8,63.1,Medium,Medium,Scheduled,58.0,56.0,-2.0,8.8,100.0,0,0,7.3122807017543865,15.2,85.70350877192983,3.006140350877193,10.6,7,Intermediate,Excavator,10,35.0,11223.0
TSK-00108,2026-08-28,OP-001,MC-010,SITE-C,Trenching,Dust Storm,Rocky,21.4,9.8,High,Low,Scheduled,217.0,233.0,16.0,4.3,100.0,2,0,7.716666666666667,15.4,85.42564102564101,3.0344871794871797,4.1,7,Intermediate,Bulldozer,9,35.0,10882.0
TSK-00109,2026-08-28,OP-002,MC-008,SITE-A,Trenching,Clear,Hard Soil,31.9,89.3,High,Low,Scheduled,97.0,130.0,33.0,26.0,100.0,3,3,6.162595419847328,21.0,85.05801526717558,3.1941984732824427,1.4,5,Intermediate,Excavator,10,35.0,11262.0
TSK-00110,2026-08-28,OP-002,MC-010,SITE-D,Trenching,Clear,Soft Soil,31.4,91.0,Medium,High,Scheduled,92.0,107.0,15.0,17.6,100.0,1,1,6.576851851851852,15.6,85.3,2.939074074074074,5.9,5,Intermediate,Bulldozer,9,35.0,10882.0
TSK-00111,2026-08-28,OP-002,MC-004,SITE-D,Excavation,Dust Storm,Rocky,32.1,25.1,Medium,Low,Scheduled,137.0,194.0,57.0,24.1,0.0,1,1,5.9569230769230765,21.6,85.60666666666667,3.061025641025641,3.9,5,Intermediate,Excavator,10,35.0,11223.0
TSK-00112,2026-08-28,OP-003,MC-004,SITE-B,Material Loading,Rain,Muddy,15.1,33.2,Medium,Medium,Scheduled,66.0,65.0,-1.0,4.5,100.0,1,0,7.324242424242424,14.3,85.78333333333333,2.8122727272727275,5.9,8,Advanced,Excavator,10,35.0,11223.0
TSK-00113,2026-08-28,OP-003,MC-004,SITE-D,Demolition,Clear,Hard Soil,20.3,60.7,Low,High,Scheduled,151.0,167.0,16.0,4.2,100.0,1,0,7.151190476190477,14.2,84.79702380952381,2.8851785714285714,4.4,8,Advanced,Excavator,10,35.0,11223.0
TSK-00114,2026-08-28,OP-004,MC-005,SITE-B,Trenching,Dust Storm,Soft Soil,27.7,32.3,Medium,Low,Scheduled,96.0,96.0,0.0,4.1,0.0,2,1,7.720618556701031,17.0,85.72886597938145,3.073298969072165,4.9,12,Advanced,Wheel Loader,11,35.0,14731.0
TSK-00115,2026-08-28,OP-004,MC-006,SITE-C,Grading,Clear,Muddy,23.5,97.8,Medium,High,Scheduled,75.0,65.0,-10.0,9.1,100.0,1,1,7.403030303030303,17.3,85.63939393939394,2.7384848484848487,3.6,12,Advanced,Bulldozer,7,46.4,9831.0
TSK-00116,2026-08-28,OP-004,MC-009,SITE-C,Excavation,Clear,Rocky,33.2,92.9,Low,Low,Scheduled,125.0,95.0,-30.0,9.4,100.0,0,0,7.171875,14.7,83.91458333333334,2.7572916666666667,9.5,12,Advanced,Wheel Loader,6,36.1,6061.0
TSK-00117,2026-08-28,OP-005,MC-004,SITE-A,Excavation,Rain,Soft Soil,15.4,56.5,High,Low,Scheduled,109.0,123.0,14.0,6.5,100.0,1,0,7.280645161290322,22.1,85.86693548387096,2.980241935483871,2.6,5,Intermediate,Excavator,10,35.0,11223.0
TSK-00118,2026-08-28,OP-005,MC-004,SITE-A,Demolition,Dust Storm,Hard Soil,31.2,20.3,Medium,High,Scheduled,184.0,186.0,2.0,3.7,100.0,0,0,7.251336898395722,15.6,85.3139037433155,2.8271122994652402,8.3,5,Intermediate,Excavator,10,35.0,11223.0
TSK-00119,2026-08-28,OP-005,MC-006,SITE-A,Grading,Clear,Hard Soil,19.5,65.3,High,Low,Scheduled,81.0,85.0,4.0,1.2,100.0,1,0,7.76046511627907,14.9,84.85581395348838,3.0256976744186046,2.6,5,Intermediate,Bulldozer,7,46.4,9831.0
TSK-00120,2026-08-28,OP-006,MC-006,SITE-C,Demolition,Rain,Hard Soil,19.3,64.4,Low,Medium,Scheduled,145.0,149.0,4.0,4.0,100.0,0,0,7.762,15.8,83.70466666666667,3.0810666666666666,12.5,5,Intermediate,Bulldozer,7,46.4,9831.0
TSK-00121,2026-08-28,OP-007,MC-001,SITE-B,Excavation,Rain,Soft Soil,19.7,41.0,Medium,High,Scheduled,97.0,106.0,9.0,22.4,100.0,3,3,6.632710280373832,18.8,83.6214953271028,3.188504672897196,3.7,12,Advanced,Wheel Loader,3,60.2,3118.0
TSK-00122,2026-08-28,OP-008,MC-007,SITE-A,Trenching,Rain,Rocky,19.9,63.4,High,Low,Scheduled,166.0,182.0,16.0,5.5,100.0,1,0,7.46448087431694,14.9,85.93497267759562,3.042841530054645,4.3,9,Advanced,Backhoe,10,37.7,9166.0
TSK-00123,2026-08-28,OP-009,MC-005,SITE-D,Trenching,Clear,Soft Soil,17.5,79.7,High,High,Scheduled,82.0,97.0,15.0,5.1,100.0,0,0,7.409183673469388,14.7,85.07755102040817,2.9598979591836736,9.9,4,Intermediate,Wheel Loader,11,35.0,14731.0
TSK-00124,2026-08-28,OP-009,MC-005,SITE-B,Demolition,Clear,Rocky,19.3,80.0,Medium,Medium,Scheduled,137.0,134.0,-3.0,3.0,100.0,2,0,7.846666666666667,16.4,86.37259259259258,3.1844444444444444,2.1,4,Intermediate,Wheel Loader,11,35.0,14731.0
TSK-00125,2026-08-28,OP-009,MC-006,SITE-D,Excavation,Clear,Muddy,22.3,72.1,High,High,Scheduled,104.0,110.0,6.0,4.5,100.0,0,0,7.354954954954954,17.5,84.23243243243243,2.9536036036036037,9.5,4,Intermediate,Bulldozer,7,46.4,9831.0
TSK-00126,2026-08-28,OP-010,MC-007,SITE-D,Trenching,Clear,Hard Soil,32.7,91.0,Medium,Medium,Scheduled,107.0,110.0,3.0,3.6,100.0,0,0,7.854954954954954,17.8,85.10720720720721,2.9236036036036035,5.0,8,Advanced,Backhoe,10,37.7,9166.0
TSK-00127,2026-08-28,OP-011,MC-005,SITE-A,Material Loading,Clear,Rocky,16.9,74.8,Medium,Low,Scheduled,59.0,81.0,22.0,25.6,100.0,0,0,5.934146341463415,13.5,85.11585365853658,3.0413414634146343,7.7,4,Intermediate,Wheel Loader,11,35.0,14731.0
TSK-00128,2026-08-28,OP-011,MC-010,SITE-A,Material Loading,Clear,Soft Soil,29.2,80.9,High,Medium,Scheduled,44.0,51.0,7.0,26.9,100.0,0,0,6.31923076923077,16.4,84.64615384615385,3.1171153846153845,9.1,4,Intermediate,Bulldozer,9,35.0,10882.0
TSK-00129,2026-08-28,OP-011,MC-002,SITE-A,Excavation,Clear,Muddy,23.1,67.9,High,Low,Scheduled,123.0,153.0,30.0,23.4,100.0,1,1,6.187662337662338,15.6,84.46558441558442,3.032662337662338,4.3,4,Intermediate,Bulldozer,4,70.8,5138.0
TSK-00130,2026-08-28,OP-012,MC-009,SITE-D,Material Loading,Clear,Soft Soil,24.1,89.2,High,Low,Scheduled,49.0,54.0,5.0,7.3,100.0,2,0,7.198181818181817,13.5,83.40545454545455,2.8819999999999997,2.8,4,Intermediate,Wheel Loader,6,36.1,6061.0
TSK-00131,2026-08-28,OP-013,MC-001,SITE-B,Demolition,Dust Storm,Soft Soil,29.5,16.8,High,Medium,Scheduled,161.0,176.0,15.0,6.8,100.0,0,0,7.753672316384181,16.6,84.92655367231639,3.019435028248588,7.3,6,Intermediate,Wheel Loader,3,60.2,3118.0
TSK-00132,2026-08-28,OP-013,MC-005,SITE-C,Grading,Clear,Hard Soil,22.8,71.8,Medium,Low,Scheduled,82.0,90.0,8.0,3.3,100.0,3,1,7.512087912087912,17.4,85.84835164835165,2.963956043956044,3.3,6,Intermediate,Wheel Loader,11,35.0,14731.0
TSK-00133,2026-08-28,OP-014,MC-008,SITE-B,Material Loading,Clear,Muddy,30.0,100.0,Low,High,Scheduled,66.0,66.0,0.0,7.5,100.0,1,0,7.835820895522388,17.3,84.62985074626866,3.1688059701492537,2.8,0,Beginner,Excavator,10,35.0,11262.0
TSK-00134,2026-08-28,OP-015,MC-009,SITE-A,Grading,Dust Storm,Hard Soil,22.5,30.2,High,High,Scheduled,86.0,120.0,34.0,3.3,100.0,1,0,7.886776859504132,14.4,84.72561983471074,2.968512396694215,1.4,0,Beginner,Wheel Loader,6,36.1,6061.0
TSK-00135,2026-08-28,OP-015,MC-007,SITE-D,Trenching,Clear,Muddy,16.6,83.7,Low,High,Scheduled,147.0,152.0,5.0,4.6,100.0,0,0,7.962745098039216,17.9,85.16013071895425,2.9088235294117646,5.0,0,Beginner,Backhoe,10,37.7,9166.0
TSK-00136,2026-08-29,OP-001,MC-010,SITE-C,Demolition,Clear,Muddy,26.9,67.6,Low,Low,Scheduled,169.0,174.0,5.0,5.1,100.0,1,0,7.769142857142857,15.2,86.0777142857143,2.908514285714286,4.4,7,Intermediate,Bulldozer,9,35.0,10882.0
TSK-00137,2026-08-29,OP-001,MC-006,SITE-C,Excavation,Clear,Soft Soil,31.0,67.0,Low,High,Scheduled,81.0,82.0,1.0,8.4,100.0,0,0,7.324096385542169,15.6,83.83012048192771,3.0526506024096385,10.0,7,Intermediate,Bulldozer,7,46.4,9831.0
TSK-00138,2026-08-29,OP-001,MC-001,SITE-B,Excavation,Clear,Rocky,14.1,82.6,Medium,Low,Scheduled,109.0,101.0,-8.0,3.9,100.0,1,0,7.790196078431372,14.8,85.46862745098038,3.049607843137255,4.8,7,Intermediate,Wheel Loader,3,60.2,3118.0
TSK-00139,2026-08-29,OP-002,MC-010,SITE-D,Material Loading,Clear,Muddy,15.0,94.3,Low,Medium,Scheduled,62.0,88.0,26.0,28.1,100.0,0,0,5.94494382022472,15.5,85.26966292134831,2.9986516853932583,9.9,5,Intermediate,Bulldozer,9,35.0,10882.0
TSK-00140,2026-08-29,OP-002,MC-001,SITE-B,Material Loading,Dust Storm,Muddy,38.3,39.0,Low,Low,Scheduled,89.0,122.0,33.0,25.2,100.0,0,0,6.122764227642277,14.6,84.53089430894309,2.8596747967479677,11.9,5,Intermediate,Wheel Loader,3,60.2,3118.0
TSK-00141,2026-08-29,OP-003,MC-007,SITE-D,Material Loading,Clear,Muddy,20.0,81.6,High,High,Scheduled,58.0,66.0,8.0,4.5,100.0,3,0,7.662686567164179,18.2,86.06716417910448,2.913731343283582,3.5,8,Advanced,Backhoe,10,37.7,9166.0
TSK-00142,2026-08-29,OP-003,MC-009,SITE-A,Material Loading,Clear,Hard Soil,20.7,88.8,Medium,Low,Scheduled,46.0,49.0,3.0,2.0,100.0,2,0,8.14,17.0,84.24799999999999,3.1858,2.6,8,Advanced,Wheel Loader,6,36.1,6061.0
TSK-00143,2026-08-29,OP-003,MC-008,SITE-B,Grading,Rain,Soft Soil,20.5,45.5,High,High,Scheduled,87.0,95.0,8.0,6.2,100.0,0,0,7.385416666666667,18.2,83.925,3.25,12.3,8,Advanced,Excavator,10,35.0,11262.0
TSK-00144,2026-08-29,OP-004,MC-001,SITE-C,Grading,Dust Storm,Rocky,30.3,37.2,Low,Medium,Scheduled,116.0,120.0,4.0,6.6,0.0,2,1,7.373553719008265,15.5,84.82809917355372,3.09099173553719,2.4,12,Advanced,Wheel Loader,3,60.2,3118.0
TSK-00145,2026-08-29,OP-004,MC-002,SITE-C,Material Loading,Rain,Soft Soil,25.7,69.2,Low,Medium,Scheduled,52.0,46.0,-6.0,10.6,100.0,0,0,6.778723404255319,14.3,84.4191489361702,3.296808510638298,9.3,12,Advanced,Bulldozer,4,70.8,5138.0
TSK-00146,2026-08-29,OP-004,MC-005,SITE-D,Material Loading,Clear,Rocky,30.5,95.6,Low,High,Scheduled,63.0,54.0,-9.0,5.5,100.0,0,0,7.241818181818182,14.0,82.12,2.9189090909090907,12.6,12,Advanced,Wheel Loader,11,35.0,14731.0
TSK-00147,2026-08-29,OP-005,MC-009,SITE-D,Trenching,Clear,Soft Soil,21.9,74.7,High,Low,Scheduled,95.0,111.0,16.0,5.4,100.0,2,0,7.66875,15.3,85.28125,3.293125,2.8,5,Intermediate,Wheel Loader,6,36.1,6061.0
TSK-00148,2026-08-29,OP-005,MC-005,SITE-A,Excavation,Clear,Rocky,27.6,76.4,High,Medium,Scheduled,127.0,147.0,20.0,6.1,100.0,2,0,7.426351351351351,16.0,84.57364864864864,3.1278378378378378,1.5,5,Intermediate,Wheel Loader,11,35.0,14731.0
TSK-00149,2026-08-29,OP-005,MC-003,SITE-B,Trenching,Clear,Rocky,18.9,82.5,Medium,High,Scheduled,169.0,156.0,-13.0,5.7,100.0,0,0,7.296178343949045,16.2,84.92802547770701,2.9311464968152867,11.3,5,Intermediate,Backhoe,5,44.1,5383.0
TSK-00150,2026-08-29,OP-006,MC-001,SITE-A,Material Loading,Clear,Muddy,26.0,83.2,Medium,Medium,Scheduled,68.0,63.0,-5.0,4.7,100.0,0,0,8.1765625,15.7,84.5984375,2.8746875,11.0,5,Intermediate,Wheel Loader,3,60.2,3118.0
TSK-00151,2026-08-29,OP-006,MC-008,SITE-A,Material Loading,Clear,Hard Soil,23.6,100.0,Medium,Low,Scheduled,50.0,51.0,1.0,5.8,100.0,0,0,8.184615384615386,14.3,84.70192307692308,3.1876923076923074,8.8,5,Intermediate,Excavator,10,35.0,11262.0
TSK-00152,2026-08-29,OP-007,MC-006,SITE-C,Grading,Clear,Rocky,25.8,71.5,Medium,Medium,Scheduled,116.0,137.0,21.0,23.9,100.0,0,0,6.128260869565218,14.2,86.02391304347826,3.0084782608695653,5.0,12,Advanced,Bulldozer,7,46.4,9831.0
TSK-00153,2026-08-29,OP-008,MC-010,SITE-C,Material Loading,Clear,Hard Soil,19.8,93.0,High,Low,Scheduled,67.0,73.0,6.0,0.0,100.0,1,1,7.678378378378379,15.2,85.70675675675676,2.8845945945945948,4.1,9,Advanced,Bulldozer,9,35.0,10882.0
TSK-00154,2026-08-29,OP-009,MC-009,SITE-B,Excavation,Clear,Rocky,27.0,69.6,Medium,High,Scheduled,121.0,124.0,3.0,3.2,100.0,1,0,7.7992,16.8,85.1096,2.97912,5.6,4,Intermediate,Wheel Loader,6,36.1,6061.0
TSK-00155,2026-08-29,OP-010,MC-007,SITE-D,Demolition,Clear,Hard Soil,30.3,100.0,High,High,Scheduled,140.0,148.0,8.0,4.0,100.0,2,0,7.708053691275167,15.9,84.02483221476511,2.9836241610738257,1.7,8,Advanced,Backhoe,10,37.7,9166.0
TSK-00156,2026-08-29,OP-011,MC-006,SITE-A,Trenching,Clear,Hard Soil,21.7,81.7,High,Medium,Scheduled,103.0,128.0,25.0,24.8,100.0,1,1,6.490697674418605,19.1,84.44651162790699,3.0451162790697675,3.5,4,Intermediate,Bulldozer,7,46.4,9831.0
TSK-00157,2026-08-29,OP-011,MC-004,SITE-B,Trenching,Clear,Muddy,21.4,79.0,High,Low,Scheduled,119.0,158.0,39.0,23.3,100.0,1,1,6.608176100628931,18.7,85.37232704402516,3.003270440251572,2.4,4,Intermediate,Excavator,10,35.0,11223.0
TSK-00158,2026-08-29,OP-011,MC-009,SITE-B,Material Loading,Dust Storm,Hard Soil,26.9,12.4,Low,Low,Scheduled,73.0,98.0,25.0,23.2,0.0,0,1,6.335353535353536,15.7,84.8949494949495,2.874848484848485,14.3,4,Intermediate,Wheel Loader,6,36.1,6061.0
TSK-00159,2026-08-29,OP-012,MC-003,SITE-C,Material Loading,Clear,Hard Soil,23.7,85.7,Low,Medium,Scheduled,57.0,60.0,3.0,6.6,100.0,0,0,7.58032786885246,15.5,83.63770491803278,3.1185245901639345,12.9,4,Intermediate,Backhoe,5,44.1,5383.0
TSK-00160,2026-08-29,OP-013,MC-005,SITE-B,Excavation,Dust Storm,Rocky,19.7,14.8,Medium,Low,Scheduled,146.0,163.0,17.0,5.5,100.0,2,0,7.839634146341464,17.1,84.76585365853659,3.0196341463414638,5.3,6,Intermediate,Wheel Loader,11,35.0,14731.0
TSK-00161,2026-08-29,OP-014,MC-006,SITE-B,Material Loading,Clear,Soft Soil,30.8,84.9,High,Low,Scheduled,46.0,53.0,7.0,7.4,100.0,0,0,7.511111111111112,12.8,85.36111111111111,3.379814814814815,5.0,0,Beginner,Bulldozer,7,46.4,9831.0
TSK-00162,2026-08-29,OP-014,MC-004,SITE-C,Grading,High Wind,Muddy,15.4,84.8,Medium,Medium,Scheduled,85.0,102.0,17.0,4.9,100.0,0,0,7.823300970873786,15.9,86.17281553398058,2.8996116504854372,11.2,0,Beginner,Excavator,10,35.0,11223.0
TSK-00163,2026-08-29,OP-015,MC-001,SITE-A,Grading,Clear,Hard Soil,24.3,79.2,High,Medium,Scheduled,88.0,90.0,2.0,4.4,100.0,1,0,7.318681318681318,18.2,85.72967032967033,2.967032967032967,4.3,0,Beginner,Wheel Loader,3,60.2,3118.0
TSK-00164,2026-08-30,OP-001,MC-002,SITE-A,Excavation,Clear,Muddy,13.3,89.2,Low,High,Scheduled,128.0,129.0,1.0,3.8,100.0,0,0,7.703076923076923,17.5,85.45692307692308,3.0026153846153845,5.9,7,Intermediate,Bulldozer,4,70.8,5138.0
TSK-00165,2026-08-30,OP-002,MC-009,SITE-B,Demolition,Clear,Soft Soil,34.1,84.7,Medium,Low,Scheduled,118.0,149.0,31.0,28.7,100.0,1,0,5.663333333333333,15.8,83.98400000000001,3.0180666666666665,5.2,5,Intermediate,Wheel Loader,6,36.1,6061.0
TSK-00166,2026-08-30,OP-003,MC-010,SITE-C,Trenching,Clear,Soft Soil,17.4,61.3,Medium,Medium,Scheduled,104.0,106.0,2.0,4.7,100.0,0,0,8.010280373831776,15.4,85.77850467289718,3.0042990654205606,8.5,8,Advanced,Bulldozer,9,35.0,10882.0
TSK-00167,2026-08-30,OP-004,MC-006,SITE-C,Grading,Rain,Rocky,18.3,61.6,Medium,High,Scheduled,119.0,115.0,-4.0,6.0,100.0,1,0,7.062931034482758,14.1,85.40948275862068,3.0998275862068962,2.7,12,Advanced,Bulldozer,7,46.4,9831.0
TSK-00168,2026-08-30,OP-005,MC-010,SITE-B,Grading,Clear,Rocky,21.1,76.0,High,Low,Scheduled,123.0,144.0,21.0,9.7,100.0,3,0,7.203448275862069,14.6,84.67724137931035,3.1768275862068966,2.6,5,Intermediate,Bulldozer,9,35.0,10882.0
TSK-00169,2026-08-30,OP-005,MC-003,SITE-B,Excavation,Clear,Muddy,18.6,66.3,Low,Medium,Scheduled,111.0,127.0,16.0,4.7,100.0,1,0,7.49921875,14.3,84.76640625,2.953828125,5.9,5,Intermediate,Backhoe,5,44.1,5383.0
TSK-00170,2026-08-30,OP-006,MC-007,SITE-D,Material Loading,High Wind,Muddy,29.1,79.5,Low,Medium,Scheduled,64.0,69.0,5.0,5.7,100.0,0,0,7.652857142857144,14.2,85.9342857142857,2.7884285714285713,12.3,5,Intermediate,Backhoe,10,37.7,9166.0
TSK-00171,2026-08-30,OP-006,MC-009,SITE-C,Material Loading,Dust Storm,Soft Soil,41.9,51.3,Low,Medium,Scheduled,56.0,62.0,6.0,4.8,100.0,0,0,7.079365079365079,15.9,85.28253968253969,2.7203174603174602,11.7,5,Intermediate,Wheel Loader,6,36.1,6061.0
TSK-00172,2026-08-30,OP-007,MC-002,SITE-D,Material Loading,Dust Storm,Muddy,20.1,19.9,High,High,Scheduled,79.0,97.0,18.0,14.3,100.0,2,2,6.811224489795919,20.6,86.20816326530611,2.881734693877551,4.4,12,Advanced,Bulldozer,4,70.8,5138.0
TSK-00173,2026-08-30,OP-007,MC-006,SITE-C,Excavation,Dust Storm,Muddy,23.2,34.2,Low,Low,Scheduled,137.0,160.0,23.0,18.0,100.0,0,0,6.36086956521739,21.7,83.53167701863354,3.0076397515527953,8.5,12,Advanced,Bulldozer,7,46.4,9831.0
TSK-00174,2026-08-30,OP-007,MC-010,SITE-C,Trenching,Rain,Rocky,17.3,51.2,Medium,Medium,Scheduled,135.0,152.0,17.0,21.6,100.0,0,0,5.977124183006536,15.0,85.36862745098038,2.933202614379085,8.4,12,Advanced,Bulldozer,9,35.0,10882.0
TSK-00175,2026-08-30,OP-008,MC-001,SITE-C,Material Loading,Rain,Muddy,18.1,70.0,Medium,Low,Scheduled,63.0,63.0,0.0,6.2,100.0,2,1,7.228125,14.0,85.715625,3.2496875,4.1,9,Advanced,Wheel Loader,3,60.2,3118.0
TSK-00176,2026-08-30,OP-009,MC-008,SITE-C,Excavation,Clear,Hard Soil,30.7,77.4,Low,High,Scheduled,106.0,137.0,31.0,4.3,100.0,2,1,7.527536231884057,14.9,84.9159420289855,2.9078985507246378,3.0,4,Intermediate,Excavator,10,35.0,11262.0
TSK-00177,2026-08-30,OP-009,MC-006,SITE-C,Demolition,Clear,Soft Soil,12.9,80.2,Low,Low,Scheduled,100.0,86.0,-14.0,2.3,0.0,1,1,7.810344827586207,14.8,83.92988505747125,3.100459770114943,2.3,4,Intermediate,Bulldozer,7,46.4,9831.0
TSK-00178,2026-08-30,OP-009,MC-003,SITE-B,Material Loading,Clear,Muddy,22.6,91.9,Medium,Low,Scheduled,68.0,64.0,-4.0,3.1,100.0,0,0,7.318461538461539,15.7,85.65384615384616,2.9393846153846153,15.1,4,Intermediate,Backhoe,5,44.1,5383.0
TSK-00179,2026-08-30,OP-010,MC-008,SITE-D,Material Loading,High Wind,Soft Soil,24.9,73.3,High,Low,Scheduled,47.0,50.0,3.0,3.9,100.0,1,1,7.025490196078431,12.5,83.62745098039215,2.8633333333333333,3.6,8,Advanced,Excavator,10,35.0,11262.0
TSK-00180,2026-08-30,OP-010,MC-001,SITE-C,Grading,Rain,Muddy,22.7,64.8,Low,Medium,Scheduled,87.0,88.0,1.0,3.4,100.0,1,0,7.82247191011236,14.9,84.52134831460674,3.1102247191011236,4.4,8,Advanced,Wheel Loader,3,60.2,3118.0
TSK-00181,2026-08-30,OP-010,MC-002,SITE-B,Excavation,Dust Storm,Muddy,25.8,34.4,High,High,Scheduled,145.0,133.0,-12.0,5.2,100.0,1,0,7.927611940298507,15.2,85.17238805970149,2.930746268656716,2.5,8,Advanced,Bulldozer,4,70.8,5138.0
TSK-00182,2026-08-30,OP-011,MC-007,SITE-A,Material Loading,Clear,Rocky,19.4,77.2,High,Low,Scheduled,72.0,85.0,13.0,25.6,100.0,0,0,6.0418604651162795,15.0,85.67209302325581,2.998953488372093,13.7,4,Intermediate,Backhoe,10,37.7,9166.0
TSK-00183,2026-08-30,OP-011,MC-003,SITE-B,Trenching,Rain,Hard Soil,21.3,54.8,Low,Low,Scheduled,130.0,151.0,21.0,19.1,100.0,3,1,6.588815789473684,15.6,85.39934210526316,2.915526315789474,2.3,4,Intermediate,Backhoe,5,44.1,5383.0
TSK-00184,2026-08-30,OP-012,MC-002,SITE-A,Demolition,Clear,Muddy,27.6,98.6,Medium,High,Scheduled,145.0,154.0,9.0,7.7,100.0,2,0,8.089677419354839,17.6,84.84516129032258,3.197032258064516,3.1,4,Intermediate,Bulldozer,4,70.8,5138.0
TSK-00185,2026-08-30,OP-013,MC-010,SITE-B,Trenching,High Wind,Soft Soil,15.5,39.3,Medium,High,Scheduled,118.0,131.0,13.0,3.8,100.0,2,1,7.429545454545455,16.6,85.22954545454544,3.048787878787879,2.8,6,Intermediate,Bulldozer,9,35.0,10882.0
TSK-00186,2026-08-30,OP-014,MC-009,SITE-B,Excavation,Clear,Soft Soil,31.6,98.0,Medium,Low,Scheduled,100.0,111.0,11.0,4.5,100.0,1,0,7.865178571428571,15.8,83.76785714285714,2.795714285714286,2.4,0,Beginner,Wheel Loader,6,36.1,6061.0
TSK-00187,2026-08-30,OP-015,MC-004,SITE-C,Material Loading,High Wind,Hard Soil,20.0,73.5,High,High,Scheduled,54.0,61.0,7.0,3.2,100.0,1,0,8.190322580645162,16.3,85.94999999999999,3.031774193548387,4.3,0,Beginner,Excavator,10,35.0,11223.0
TSK-00188,2026-08-31,OP-001,MC-004,SITE-B,Demolition,Rain,Soft Soil,13.1,46.1,Medium,High,Scheduled,135.0,161.0,26.0,5.6,100.0,3,0,7.687037037037037,15.9,85.18148148148148,2.968641975308642,3.4,7,Intermediate,Excavator,10,35.0,11223.0
TSK-00189,2026-08-31,OP-001,MC-005,SITE-C,Excavation,Dust Storm,Soft Soil,38.1,5.0,Low,Medium,Scheduled,116.0,138.0,22.0,3.6,100.0,2,1,7.568345323741007,13.9,84.64388489208633,2.96273381294964,2.8,7,Intermediate,Wheel Loader,11,35.0,14731.0
TSK-00190,2026-08-31,OP-002,MC-001,SITE-D,Material Loading,Dust Storm,Rocky,39.8,29.8,Medium,Medium,Scheduled,72.0,84.0,12.0,16.5,100.0,3,2,7.130588235294118,15.5,86.95882352941176,2.99835294117647,2.5,5,Intermediate,Wheel Loader,3,60.2,3118.0
TSK-00191,2026-08-31,OP-003,MC-001,SITE-A,Trenching,Rain,Hard Soil,18.3,46.3,Medium,Medium,Scheduled,135.0,126.0,-9.0,5.5,100.0,0,0,7.6070866141732285,17.1,86.04803149606299,2.991968503937008,10.5,8,Advanced,Wheel Loader,3,60.2,3118.0
TSK-00192,2026-08-31,OP-003,MC-010,SITE-C,Trenching,Rain,Rocky,15.3,41.7,Low,Low,Scheduled,141.0,152.0,11.0,4.6,100.0,1,0,7.756862745098039,16.4,84.08235294117647,2.935424836601307,1.8,8,Advanced,Bulldozer,9,35.0,10882.0
TSK-00193,2026-08-31,OP-003,MC-004,SITE-D,Grading,Clear,Muddy,24.2,81.6,Low,High,Scheduled,75.0,72.0,-3.0,2.7,100.0,1,0,7.516438356164384,14.8,83.33013698630137,3.027260273972603,3.0,8,Advanced,Excavator,10,35.0,11223.0
TSK-00194,2026-08-31,OP-004,MC-007,SITE-B,Material Loading,High Wind,Hard Soil,21.9,78.4,High,Low,Scheduled,54.0,46.0,-8.0,6.4,100.0,0,0,7.919148936170212,15.8,84.44255319148937,2.9061702127659577,10.7,12,Advanced,Backhoe,10,37.7,9166.0
TSK-00195,2026-08-31,OP-004,MC-010,SITE-B,Trenching,Clear,Muddy,29.4,100.0,High,Low,Scheduled,143.0,138.0,-5.0,7.9,100.0,2,0,7.284892086330935,19.2,85.14676258992806,2.8681294964028776,2.7,12,Advanced,Bulldozer,9,35.0,10882.0
TSK-00196,2026-08-31,OP-004,MC-008,SITE-A,Grading,High Wind,Muddy,28.9,73.9,Medium,Low,Scheduled,110.0,98.0,-12.0,7.1,0.0,0,1,7.818181818181818,14.7,85.70909090909092,3.033939393939394,6.2,12,Advanced,Excavator,10,35.0,11262.0
TSK-00197,2026-08-31,OP-005,MC-001,SITE-C,Material Loading,Clear,Muddy,19.6,66.6,Low,High,Scheduled,70.0,61.0,-9.0,6.5,100.0,0,0,7.52258064516129,14.6,84.68225806451613,2.9229032258064516,11.3,5,Intermediate,Wheel Loader,3,60.2,3118.0
TSK-00198,2026-08-31,OP-006,MC-001,SITE-D,Excavation,Clear,Muddy,22.1,97.9,Medium,Medium,Scheduled,110.0,106.0,-4.0,4.7,100.0,1,0,7.577570093457943,16.3,85.71028037383178,2.97,4.1,5,Intermediate,Wheel Loader,3,60.2,3118.0
TSK-00199,2026-08-31,OP-006,MC-001,SITE-C,Demolition,Clear,Muddy,33.1,95.6,Low,Low,Scheduled,151.0,153.0,2.0,4.5,100.0,1,1,7.825974025974026,16.0,83.76948051948052,3.0577272727272726,2.8,5,Intermediate,Wheel Loader,3,60.2,3118.0
TSK-00200,2026-08-31,OP-007,MC-009,SITE-D,Demolition,Clear,Rocky,26.4,57.7,High,High,Scheduled,184.0,210.0,26.0,25.1,100.0,2,1,5.984834123222749,18.5,84.02369668246446,3.003270142180095,2.5,12,Advanced,Wheel Loader,6,36.1,6061.0
TSK-00201,2026-08-31,OP-008,MC-005,SITE-A,Trenching,Clear,Rocky,31.1,96.2,High,High,Scheduled,155.0,143.0,-12.0,6.9,100.0,1,1,8.089583333333334,16.0,84.69305555555555,3.0425,3.5,9,Advanced,Wheel Loader,11,35.0,14731.0
TSK-00202,2026-08-31,OP-009,MC-002,SITE-C,Grading,High Wind,Rocky,22.4,61.0,Low,High,Scheduled,117.0,115.0,-2.0,6.0,100.0,2,1,7.777586206896552,16.0,85.48275862068965,2.818448275862069,3.7,4,Intermediate,Bulldozer,4,70.8,5138.0
TSK-00203,2026-08-31,OP-010,MC-004,SITE-C,Material Loading,Clear,Soft Soil,29.6,91.1,Low,Medium,Scheduled,49.0,51.0,2.0,5.8,100.0,2,0,8.034615384615385,16.0,84.8076923076923,2.878846153846154,3.1,8,Advanced,Excavator,10,35.0,11223.0
TSK-00204,2026-08-31,OP-010,MC-008,SITE-C,Demolition,Rain,Soft Soil,27.6,51.7,Low,High,Scheduled,133.0,126.0,-7.0,3.9,100.0,1,0,7.638582677165354,15.8,84.13464566929134,2.9425984251968504,4.0,8,Advanced,Excavator,10,35.0,11262.0
TSK-00205,2026-08-31,OP-010,MC-006,SITE-A,Demolition,Clear,Hard Soil,25.0,94.8,High,Low,Scheduled,134.0,146.0,12.0,5.4,100.0,2,1,7.289795918367346,14.8,84.20884353741496,2.950136054421769,4.2,8,Advanced,Bulldozer,7,46.4,9831.0
TSK-00206,2026-08-31,OP-011,MC-007,SITE-A,Grading,Clear,Soft Soil,18.4,75.4,Low,Low,Scheduled,78.0,97.0,19.0,24.5,100.0,2,1,6.48469387755102,14.7,85.04897959183673,3.184183673469388,2.1,4,Intermediate,Backhoe,10,37.7,9166.0
TSK-00207,2026-08-31,OP-012,MC-007,SITE-D,Grading,Dust Storm,Soft Soil,39.3,65.5,Medium,High,Scheduled,88.0,90.0,2.0,6.6,100.0,0,0,7.55054945054945,16.8,85.58241758241758,3.2071428571428573,5.0,4,Intermediate,Backhoe,10,37.7,9166.0
TSK-00208,2026-08-31,OP-012,MC-007,SITE-D,Grading,Clear,Rocky,26.1,95.3,Medium,High,Scheduled,111.0,113.0,2.0,3.5,100.0,1,0,7.661403508771929,16.1,85.3482456140351,3.0362280701754387,5.4,4,Intermediate,Backhoe,10,37.7,9166.0
TSK-00209,2026-08-31,OP-012,MC-007,SITE-C,Demolition,Rain,Rocky,23.2,63.4,Low,Medium,Scheduled,212.0,229.0,17.0,4.8,100.0,2,1,7.582173913043479,15.6,84.66217391304347,3.0759565217391307,3.0,4,Intermediate,Backhoe,10,37.7,9166.0
TSK-00210,2026-08-31,OP-013,MC-006,SITE-B,Material Loading,High Wind,Rocky,25.2,49.6,Medium,High,Scheduled,75.0,72.0,-3.0,5.5,100.0,1,0,7.526027397260274,14.8,84.91095890410959,3.1264383561643836,4.4,6,Intermediate,Bulldozer,7,46.4,9831.0
TSK-00211,2026-08-31,OP-013,MC-005,SITE-C,Trenching,Clear,Muddy,17.2,60.2,Medium,High,Scheduled,133.0,139.0,6.0,5.0,100.0,3,0,7.495,16.0,84.26428571428572,3.154,2.4,6,Intermediate,Wheel Loader,11,35.0,14731.0
TSK-00212,2026-08-31,OP-014,MC-007,SITE-C,Trenching,High Wind,Rocky,19.8,67.9,Low,High,Scheduled,182.0,210.0,28.0,5.2,100.0,2,0,7.667298578199052,15.8,85.25023696682464,2.9491943127962084,2.6,0,Beginner,Backhoe,10,37.7,9166.0
TSK-00213,2026-08-31,OP-015,MC-009,SITE-B,Grading,Clear,Hard Soil,10.1,81.0,Low,Medium,Scheduled,80.0,97.0,17.0,1.0,100.0,0,0,7.6938775510204085,15.0,85.49285714285713,2.891530612244898,16.2,0,Beginner,Wheel Loader,6,36.1,6061.0
TSK-00214,2026-08-31,OP-015,MC-001,SITE-C,Grading,Rain,Soft Soil,12.6,35.0,Low,Medium,Scheduled,83.0,94.0,11.0,4.2,100.0,3,0,7.122105263157895,14.7,84.49052631578948,3.005684210526316,1.6,0,Beginner,Wheel Loader,3,60.2,3118.0
TSK-00215,2026-09-01,OP-001,MC-007,SITE-B,Material Loading,Rain,Rocky,12.4,45.3,Low,High,Scheduled,71.0,74.0,3.0,6.7,100.0,2,1,8.206666666666667,15.9,85.60533333333333,2.832533333333333,3.4,7,Intermediate,Backhoe,10,37.7,9166.0
TSK-00216,2026-09-01,OP-001,MC-007,SITE-B,Grading,Clear,Soft Soil,12.1,87.0,Medium,Medium,Scheduled,72.0,71.0,-1.0,2.8,100.0,0,0,7.791666666666667,15.3,83.76388888888889,2.977222222222222,13.2,7,Intermediate,Backhoe,10,37.7,9166.0
TSK-00217,2026-09-01,OP-001,MC-006,SITE-D,Excavation,Clear,Rocky,21.3,70.3,Low,Medium,Scheduled,116.0,104.0,-12.0,5.7,100.0,0,0,8.046666666666667,14.5,85.35142857142857,2.977333333333333,11.7,7,Intermediate,Bulldozer,7,46.4,9831.0
TSK-00218,2026-09-01,OP-002,MC-005,SITE-B,Material Loading,Dust Storm,Muddy,28.2,26.7,Low,Medium,Scheduled,86.0,103.0,17.0,26.0,100.0,3,2,5.86826923076923,21.3,84.71826923076924,3.088846153846154,3.1,5,Intermediate,Wheel Loader,11,35.0,14731.0
TSK-00219,2026-09-01,OP-002,MC-007,SITE-B,Grading,Rain,Rocky,22.0,68.6,Low,Medium,Scheduled,122.0,153.0,31.0,27.3,100.0,2,2,6.462337662337663,17.3,85.75,3.0461038961038964,2.6,5,Intermediate,Backhoe,10,37.7,9166.0
TSK-00220,2026-09-01,OP-002,MC-001,SITE-B,Trenching,Clear,Muddy,26.7,92.2,Medium,Medium,Scheduled,116.0,129.0,13.0,30.0,100.0,0,0,5.690769230769231,16.1,84.95538461538462,3.1225384615384617,8.0,5,Intermediate,Wheel Loader,3,60.2,3118.0
TSK-00221,2026-09-01,OP-003,MC-003,SITE-B,Material Loading,High Wind,Muddy,22.1,59.1,High,Medium,Scheduled,66.0,76.0,10.0,1.3,100.0,3,0,8.190909090909091,15.7,85.2974025974026,2.9596103896103894,2.4,8,Advanced,Backhoe,5,44.1,5383.0
TSK-00222,2026-09-01,OP-004,MC-010,SITE-C,Material Loading,Clear,Soft Soil,25.0,99.8,Medium,Low,Scheduled,38.0,36.0,-2.0,8.1,100.0,1,0,7.645945945945945,13.1,87.66486486486487,3.101081081081081,2.4,12,Advanced,Bulldozer,9,35.0,10882.0
TSK-00223,2026-09-01,OP-004,MC-008,SITE-A,Trenching,Clear,Hard Soil,29.2,94.5,High,High,Scheduled,114.0,106.0,-8.0,4.7,0.0,0,1,8.164485981308411,14.8,85.4588785046729,2.928878504672897,10.2,12,Advanced,Excavator,10,35.0,11262.0
TSK-00224,2026-09-01,OP-005,MC-008,SITE-C,Grading,Clear,Hard Soil,23.9,73.0,High,High,Scheduled,80.0,92.0,12.0,5.4,100.0,2,1,8.001075268817205,15.0,86.86666666666667,2.9858064516129033,1.1,5,Intermediate,Excavator,10,35.0,11262.0
TSK-00225,2026-09-01,OP-006,MC-009,SITE-D,Demolition,Rain,Muddy,25.5,60.5,High,Low,Scheduled,160.0,209.0,49.0,5.2,100.0,1,0,7.949047619047619,13.7,85.8952380952381,2.9092380952380954,1.4,5,Intermediate,Wheel Loader,6,36.1,6061.0
TSK-00226,2026-09-01,OP-006,MC-007,SITE-A,Excavation,Clear,Rocky,30.4,95.8,High,Low,Scheduled,129.0,143.0,14.0,2.8,100.0,0,0,7.799305555555555,16.2,84.81041666666667,2.9279166666666665,8.9,5,Intermediate,Backhoe,10,37.7,9166.0
TSK-00227,2026-09-01,OP-007,MC-010,SITE-B,Excavation,Clear,Muddy,15.7,65.8,Medium,Low,Scheduled,127.0,148.0,21.0,28.2,100.0,2,2,5.882550335570469,23.5,84.74295302013424,3.1148322147651006,2.4,12,Advanced,Bulldozer,9,35.0,10882.0
TSK-00228,2026-09-01,OP-008,MC-001,SITE-B,Demolition,Clear,Muddy,27.9,89.6,Low,High,Scheduled,149.0,147.0,-2.0,4.1,100.0,0,0,7.568243243243242,14.9,84.42162162162163,2.9791891891891895,14.2,9,Advanced,Wheel Loader,3,60.2,3118.0
TSK-00229,2026-09-01,OP-008,MC-004,SITE-C,Material Loading,Rain,Muddy,25.6,58.7,Medium,High,Scheduled,70.0,60.0,-10.0,6.6,100.0,0,0,7.845901639344262,14.5,84.57868852459016,3.1129508196721307,12.6,9,Advanced,Excavator,10,35.0,11223.0
TSK-00230,2026-09-01,OP-008,MC-010,SITE-A,Excavation,Clear,Rocky,25.1,97.0,High,Low,Scheduled,126.0,109.0,-17.0,6.4,100.0,0,0,7.751818181818182,15.3,85.88818181818182,2.9164545454545454,9.3,9,Advanced,Bulldozer,9,35.0,10882.0
TSK-00231,2026-09-01,OP-009,MC-010,SITE-A,Grading,Clear,Hard Soil,16.1,61.0,High,Medium,Scheduled,75.0,80.0,5.0,3.7,100.0,1,0,7.971604938271605,15.1,86.41728395061729,2.9561728395061726,3.4,4,Intermediate,Bulldozer,9,35.0,10882.0
TSK-00232,2026-09-01,OP-009,MC-009,SITE-D,Material Loading,Clear,Hard Soil,27.2,65.5,Low,Low,Scheduled,55.0,65.0,10.0,7.6,0.0,0,1,7.893939393939394,14.8,85.45454545454545,2.923030303030303,16.7,4,Intermediate,Wheel Loader,6,36.1,6061.0
TSK-00233,2026-09-01,OP-009,MC-007,SITE-A,Trenching,Rain,Rocky,5.0,50.8,High,Low,Scheduled,164.0,139.0,-25.0,4.3,0.0,1,1,7.556428571428572,14.3,85.63714285714286,3.0379285714285715,4.3,4,Intermediate,Backhoe,10,37.7,9166.0
TSK-00234,2026-09-01,OP-010,MC-010,SITE-C,Excavation,Clear,Hard Soil,26.6,100.0,Low,High,Scheduled,114.0,110.0,-4.0,8.1,100.0,0,0,7.351351351351352,14.6,84.95405405405405,2.8159459459459457,8.4,8,Advanced,Bulldozer,9,35.0,10882.0
TSK-00235,2026-09-01,OP-010,MC-009,SITE-A,Excavation,Clear,Soft Soil,28.2,100.0,High,High,Scheduled,99.0,99.0,0.0,7.0,100.0,0,0,6.871,12.9,84.31700000000001,2.8285,8.4,8,Advanced,Wheel Loader,6,36.1,6061.0
TSK-00236,2026-09-01,OP-010,MC-003,SITE-A,Trenching,Clear,Soft Soil,29.0,90.9,Medium,Low,Scheduled,111.0,117.0,6.0,8.5,100.0,3,0,7.678813559322034,16.3,85.95932203389832,3.019830508474576,3.0,8,Advanced,Backhoe,5,44.1,5383.0
TSK-00237,2026-09-01,OP-011,MC-002,SITE-C,Demolition,Clear,Rocky,28.6,69.6,Medium,High,Scheduled,141.0,162.0,21.0,27.6,100.0,0,0,5.842944785276074,14.4,84.9,2.839447852760736,11.1,4,Intermediate,Bulldozer,4,70.8,5138.0
TSK-00238,2026-09-01,OP-012,MC-006,SITE-D,Demolition,Clear,Soft Soil,26.4,88.9,High,High,Scheduled,103.0,129.0,26.0,6.9,100.0,2,0,7.183076923076923,15.4,83.82923076923076,3.058076923076923,1.8,4,Intermediate,Bulldozer,7,46.4,9831.0
TSK-00239,2026-09-01,OP-013,MC-002,SITE-D,Trenching,Clear,Rocky,21.5,81.8,High,Medium,Scheduled,142.0,158.0,16.0,3.1,100.0,1,0,7.736477987421383,17.3,84.27044025157232,3.2487421383647797,3.1,6,Intermediate,Bulldozer,4,70.8,5138.0
TSK-00240,2026-09-01,OP-013,MC-004,SITE-D,Grading,Clear,Muddy,23.6,84.9,High,Medium,Scheduled,95.0,114.0,19.0,4.3,100.0,2,0,7.753913043478261,14.1,85.9,3.026869565217391,3.4,6,Intermediate,Excavator,10,35.0,11223.0
TSK-00241,2026-09-01,OP-013,MC-008,SITE-A,Demolition,Clear,Muddy,26.8,82.2,High,High,Scheduled,137.0,149.0,12.0,2.7,100.0,0,0,7.4239999999999995,16.1,84.73533333333333,3.0335333333333336,9.0,6,Intermediate,Excavator,10,35.0,11262.0
TSK-00242,2026-09-01,OP-014,MC-005,SITE-D,Demolition,Dust Storm,Soft Soil,34.6,52.0,High,Low,Scheduled,136.0,147.0,11.0,6.8,100.0,2,1,7.233108108108108,14.9,86.01756756756757,2.9369594594594597,3.0,0,Beginner,Wheel Loader,11,35.0,14731.0
TSK-00243,2026-09-01,OP-015,MC-008,SITE-D,Excavation,Rain,Soft Soil,20.9,57.9,Low,Medium,Scheduled,122.0,135.0,13.0,4.4,100.0,1,0,7.525735294117647,16.4,84.30588235294118,3.123014705882353,5.5,0,Beginner,Excavator,10,35.0,11262.0
TSK-00244,2026-09-01,OP-015,MC-005,SITE-C,Grading,High Wind,Soft Soil,21.1,66.5,High,Low,Scheduled,88.0,106.0,18.0,4.7,100.0,0,0,7.648598130841122,15.0,85.41121495327103,3.0712149532710282,14.1,0,Beginner,Wheel Loader,11,35.0,14731.0
TSK-00245,2026-09-02,OP-001,MC-009,SITE-D,Material Loading,High Wind,Rocky,18.5,51.9,Medium,Medium,Scheduled,75.0,79.0,4.0,11.2,100.0,0,0,6.45,12.0,84.46124999999999,3.085,10.6,7,Intermediate,Wheel Loader,6,36.1,6061.0
TSK-00246,2026-09-02,OP-002,MC-003,SITE-A,Material Loading,Dust Storm,Muddy,39.5,36.2,High,Medium,Scheduled,73.0,99.0,26.0,24.0,100.0,0,0,6.319,14.1,85.384,2.9364999999999997,6.9,5,Intermediate,Backhoe,5,44.1,5383.0
TSK-00247,2026-09-02,OP-002,MC-009,SITE-D,Grading,Clear,Hard Soil,18.9,87.8,Low,Medium,Scheduled,73.0,78.0,5.0,21.5,100.0,2,2,6.2594936708860756,24.3,85.82025316455696,2.989746835443038,2.3,5,Intermediate,Wheel Loader,6,36.1,6061.0
TSK-00248,2026-09-02,OP-002,MC-005,SITE-B,Trenching,Clear,Hard Soil,21.9,86.2,Medium,Medium,Scheduled,112.0,145.0,33.0,21.9,100.0,1,1,6.402739726027397,17.3,85.01643835616439,2.9643150684931507,3.3,5,Intermediate,Wheel Loader,11,35.0,14731.0
TSK-00249,2026-09-02,OP-003,MC-008,SITE-C,Trenching,Rain,Muddy,22.0,45.5,Low,Medium,Scheduled,141.0,136.0,-5.0,5.1,100.0,0,0,7.874452554744526,18.6,84.9058394160584,2.952992700729927,12.0,8,Advanced,Excavator,10,35.0,11262.0
TSK-00250,2026-09-02,OP-003,MC-003,SITE-B,Demolition,High Wind,Soft Soil,16.8,53.8,Low,Low,Scheduled,116.0,108.0,-8.0,6.4,100.0,1,0,7.441284403669725,15.7,84.21009174311926,3.0290825688073397,3.2,8,Advanced,Backhoe,5,44.1,5383.0
TSK-00251,2026-09-02,OP-004,MC-004,SITE-B,Excavation,Dust Storm,Hard Soil,33.3,34.2,Medium,Low,Scheduled,118.0,129.0,11.0,6.9,0.0,0,1,7.53923076923077,17.5,83.9376923076923,3.0789999999999997,7.2,12,Advanced,Excavator,10,35.0,11223.0
TSK-00252,2026-09-02,OP-004,MC-009,SITE-D,Trenching,Clear,Muddy,24.1,91.9,Low,Low,Scheduled,134.0,113.0,-21.0,5.3,100.0,1,0,7.423684210526315,16.0,84.44912280701755,2.944736842105263,3.0,12,Advanced,Wheel Loader,6,36.1,6061.0
TSK-00253,2026-09-02,OP-004,MC-001,SITE-A,Demolition,Clear,Rocky,23.7,95.3,High,High,Scheduled,175.0,160.0,-15.0,5.0,100.0,1,0,7.8602484472049685,14.2,85.57391304347826,3.0177018633540373,1.3,12,Advanced,Wheel Loader,3,60.2,3118.0
TSK-00254,2026-09-02,OP-005,MC-006,SITE-B,Demolition,Clear,Soft Soil,23.7,82.5,Low,Medium,Scheduled,115.0,107.0,-8.0,0.9,100.0,0,0,7.4222222222222225,15.4,82.85833333333333,3.0426851851851855,8.2,5,Intermediate,Bulldozer,7,46.4,9831.0
TSK-00255,2026-09-02,OP-005,MC-009,SITE-C,Material Loading,Rain,Soft Soil,15.5,39.1,High,Low,Scheduled,60.0,74.0,14.0,5.3,100.0,1,0,7.448,15.8,85.804,2.9953333333333334,4.7,5,Intermediate,Wheel Loader,6,36.1,6061.0
TSK-00256,2026-09-02,OP-005,MC-001,SITE-C,Excavation,Rain,Soft Soil,16.5,51.6,Low,High,Scheduled,111.0,108.0,-3.0,6.4,100.0,1,0,7.469724770642202,17.0,84.78532110091743,2.916238532110092,1.8,5,Intermediate,Wheel Loader,3,60.2,3118.0
TSK-00257,2026-09-02,OP-006,MC-003,SITE-B,Material Loading,Clear,Muddy,28.1,95.9,Medium,High,Scheduled,60.0,58.0,-2.0,6.8,100.0,0,0,7.298305084745763,14.5,84.11694915254236,3.2059322033898305,15.1,5,Intermediate,Backhoe,5,44.1,5383.0
TSK-00258,2026-09-02,OP-007,MC-005,SITE-B,Material Loading,Clear,Muddy,30.3,82.2,Low,High,Scheduled,51.0,52.0,1.0,28.3,100.0,3,1,5.60377358490566,18.0,81.16981132075472,3.4501886792452834,2.1,12,Advanced,Wheel Loader,11,35.0,14731.0
TSK-00259,2026-09-02,OP-008,MC-004,SITE-B,Excavation,High Wind,Rocky,27.1,89.9,High,High,Scheduled,137.0,161.0,24.0,5.6,100.0,2,0,7.473456790123457,15.6,84.47777777777777,3.098888888888889,2.7,9,Advanced,Excavator,10,35.0,11223.0
TSK-00260,2026-09-02,OP-009,MC-002,SITE-A,Demolition,Clear,Hard Soil,25.6,87.9,High,Medium,Scheduled,133.0,132.0,-1.0,6.8,100.0,1,0,7.417293233082707,15.9,84.1015037593985,2.9957894736842103,4.0,4,Intermediate,Bulldozer,4,70.8,5138.0
TSK-00261,2026-09-02,OP-009,MC-001,SITE-B,Demolition,Rain,Soft Soil,16.1,39.5,Medium,Low,Scheduled,138.0,159.0,21.0,8.1,0.0,1,1,7.455625,14.1,85.55,3.05575,5.3,4,Intermediate,Wheel Loader,3,60.2,3118.0
TSK-00262,2026-09-02,OP-009,MC-004,SITE-C,Material Loading,Rain,Muddy,17.5,54.4,Low,Low,Scheduled,67.0,74.0,7.0,8.0,100.0,0,0,7.649333333333334,18.8,84.168,3.119066666666667,11.6,4,Intermediate,Excavator,10,35.0,11223.0
TSK-00263,2026-09-02,OP-010,MC-006,SITE-D,Excavation,Clear,Muddy,24.9,93.9,High,Low,Scheduled,123.0,130.0,7.0,2.3,100.0,0,0,7.749618320610687,16.6,84.69312977099236,3.0145801526717557,7.3,8,Advanced,Bulldozer,7,46.4,9831.0
TSK-00264,2026-09-02,OP-010,MC-001,SITE-A,Trenching,Clear,Hard Soil,18.7,98.6,High,High,Scheduled,120.0,120.0,0.0,5.8,100.0,1,0,7.817355371900827,17.3,83.13719008264464,3.1551239669421487,2.9,8,Advanced,Wheel Loader,3,60.2,3118.0
TSK-00265,2026-09-02,OP-011,MC-005,SITE-C,Excavation,Clear,Soft Soil,21.5,68.2,High,Low,Scheduled,106.0,143.0,37.0,24.3,100.0,0,0,6.288194444444445,15.6,85.225,2.8916666666666666,8.5,4,Intermediate,Wheel Loader,11,35.0,14731.0
TSK-00266,2026-09-02,OP-011,MC-001,SITE-A,Demolition,Clear,Muddy,21.1,87.6,High,High,Scheduled,143.0,187.0,44.0,18.6,100.0,1,0,6.2494680851063835,17.0,84.48244680851064,2.951968085106383,5.9,4,Intermediate,Wheel Loader,3,60.2,3118.0
TSK-00267,2026-09-02,OP-011,MC-002,SITE-A,Trenching,Clear,Rocky,17.8,82.7,Low,High,Scheduled,147.0,195.0,48.0,22.4,100.0,1,1,6.078061224489796,19.0,85.15612244897959,3.1213265306122446,4.9,4,Intermediate,Bulldozer,4,70.8,5138.0
TSK-00268,2026-09-02,OP-012,MC-010,SITE-B,Grading,Rain,Hard Soil,30.9,46.2,Low,Medium,Scheduled,93.0,111.0,18.0,2.7,100.0,0,0,7.79375,14.8,84.83928571428571,3.001428571428572,13.2,4,Intermediate,Bulldozer,9,35.0,10882.0
TSK-00269,2026-09-02,OP-013,MC-002,SITE-A,Trenching,Clear,Rocky,18.7,77.2,Medium,High,Scheduled,140.0,160.0,20.0,3.1,100.0,1,0,7.990062111801243,18.5,84.77577639751553,3.1424844720496896,5.0,6,Intermediate,Bulldozer,4,70.8,5138.0
TSK-00270,2026-09-02,OP-014,MC-007,SITE-B,Material Loading,Clear,Hard Soil,32.7,97.3,Low,Medium,Scheduled,58.0,67.0,9.0,4.4,0.0,0,1,7.714705882352941,13.1,81.90588235294118,2.799264705882353,16.8,0,Beginner,Backhoe,10,37.7,9166.0
TSK-00271,2026-09-02,OP-014,MC-003,SITE-D,Trenching,Dust Storm,Rocky,29.1,30.4,Medium,Medium,Scheduled,176.0,180.0,4.0,5.0,100.0,0,0,7.786740331491713,15.6,84.13756906077347,3.0124309392265194,6.9,0,Beginner,Backhoe,5,44.1,5383.0
TSK-00272,2026-09-02,OP-014,MC-007,SITE-C,Trenching,Rain,Hard Soil,24.6,72.2,Low,Medium,Scheduled,127.0,154.0,27.0,5.8,100.0,2,0,7.297419354838709,15.4,84.94322580645162,2.9899354838709677,2.5,0,Beginner,Backhoe,10,37.7,9166.0
TSK-00273,2026-09-02,OP-015,MC-006,SITE-D,Material Loading,High Wind,Hard Soil,21.8,42.9,Medium,Low,Scheduled,58.0,76.0,18.0,5.2,100.0,1,0,8.135064935064936,14.1,85.1896103896104,3.2366233766233767,3.9,0,Beginner,Bulldozer,7,46.4,9831.0
TSK-00274,2026-09-02,OP-015,MC-002,SITE-B,Trenching,Rain,Soft Soil,14.5,58.0,High,High,Scheduled,108.0,121.0,13.0,8.2,100.0,3,0,7.573770491803279,16.0,84.25901639344262,3.071065573770492,4.9,0,Beginner,Bulldozer,4,70.8,5138.0
TSK-00275,2026-09-03,OP-001,MC-008,SITE-D,Material Loading,Rain,Hard Soil,12.2,28.5,Low,Low,Scheduled,69.0,78.0,9.0,3.8,100.0,3,0,7.7594936708860756,13.9,83.29367088607594,2.965822784810127,3.5,7,Intermediate,Excavator,10,35.0,11262.0
TSK-00276,2026-09-03,OP-002,MC-004,SITE-D,Demolition,Clear,Muddy,22.3,98.2,Low,High,Scheduled,164.0,196.0,32.0,29.9,100.0,1,0,5.573604060913706,14.8,85.83654822335025,3.0544162436548223,3.8,5,Intermediate,Excavator,10,35.0,11223.0
TSK-00277,2026-09-03,OP-002,MC-003,SITE-A,Material Loading,Clear,Hard Soil,28.7,90.0,Medium,High,Scheduled,54.0,69.0,15.0,25.7,100.0,1,1,6.204285714285715,22.7,84.07714285714285,3.105857142857143,2.5,5,Intermediate,Backhoe,5,44.1,5383.0
TSK-00278,2026-09-03,OP-002,MC-002,SITE-D,Trenching,High Wind,Rocky,25.6,59.7,Low,Medium,Scheduled,128.0,140.0,12.0,24.8,100.0,0,0,6.034751773049646,15.7,84.90354609929078,2.905815602836879,8.4,5,Intermediate,Bulldozer,4,70.8,5138.0
TSK-00279,2026-09-03,OP-003,MC-007,SITE-B,Trenching,Clear,Muddy,25.6,80.0,High,Low,Scheduled,117.0,120.0,3.0,4.1,100.0,0,0,7.522314049586777,17.9,85.70330578512397,3.0916528925619833,11.0,8,Advanced,Backhoe,10,37.7,9166.0
TSK-00280,2026-09-03,OP-004,MC-006,SITE-D,Excavation,High Wind,Soft Soil,32.8,66.3,High,Medium,Scheduled,94.0,102.0,8.0,8.7,0.0,1,1,7.980582524271845,15.5,83.22524271844661,2.9492233009708735,1.7,12,Advanced,Bulldozer,7,46.4,9831.0
TSK-00281,2026-09-03,OP-004,MC-009,SITE-C,Demolition,Clear,Hard Soil,18.6,87.6,Low,Low,Scheduled,125.0,130.0,5.0,4.6,100.0,0,0,7.6618320610687025,17.1,83.893893129771,3.039083969465649,8.6,12,Advanced,Wheel Loader,6,36.1,6061.0
TSK-00282,2026-09-03,OP-005,MC-006,SITE-D,Excavation,Clear,Rocky,24.1,77.9,High,Low,Scheduled,127.0,118.0,-9.0,4.2,100.0,1,0,7.721848739495798,16.1,84.52521008403362,3.077899159663865,2.7,5,Intermediate,Bulldozer,7,46.4,9831.0
TSK-00283,2026-09-03,OP-005,MC-002,SITE-B,Demolition,High Wind,Hard Soil,15.6,50.6,Low,Medium,Scheduled,149.0,147.0,-2.0,6.8,100.0,0,0,7.15,14.3,85.27297297297297,3.1062162162162164,12.9,5,Intermediate,Bulldozer,4,70.8,5138.0
TSK-00284,2026-09-03,OP-005,MC-006,SITE-B,Grading,Rain,Hard Soil,17.3,51.9,Medium,Low,Scheduled,102.0,117.0,15.0,5.1,100.0,0,0,7.4381355932203395,16.0,85.32542372881356,2.8877966101694916,10.9,5,Intermediate,Bulldozer,7,46.4,9831.0
TSK-00285,2026-09-03,OP-006,MC-006,SITE-D,Grading,Clear,Hard Soil,28.1,94.3,Low,High,Scheduled,73.0,75.0,2.0,2.6,100.0,0,0,8.164473684210526,14.8,86.0671052631579,2.9155263157894735,15.4,5,Intermediate,Bulldozer,7,46.4,9831.0
TSK-00286,2026-09-03,OP-006,MC-002,SITE-A,Material Loading,Rain,Hard Soil,22.6,55.0,Medium,Low,Scheduled,59.0,60.0,1.0,4.9,100.0,3,0,7.472131147540984,14.9,83.68688524590164,3.2372131147540983,2.4,5,Intermediate,Bulldozer,4,70.8,5138.0
TSK-00287,2026-09-03,OP-006,MC-004,SITE-C,Demolition,Rain,Muddy,19.9,67.7,High,High,Scheduled,210.0,232.0,22.0,2.1,100.0,1,0,8.35321888412017,16.7,84.53733905579399,3.0447210300429184,4.1,5,Intermediate,Excavator,10,35.0,11223.0
TSK-00288,2026-09-03,OP-007,MC-004,SITE-D,Material Loading,Clear,Rocky,18.6,68.8,High,Medium,Scheduled,58.0,73.0,15.0,27.0,100.0,1,0,6.0418918918918925,14.1,83.93783783783783,2.7920270270270273,3.4,12,Advanced,Excavator,10,35.0,11223.0
TSK-00289,2026-09-03,OP-007,MC-001,SITE-A,Excavation,Rain,Rocky,11.0,46.1,Medium,High,Scheduled,148.0,173.0,25.0,26.4,100.0,3,0,6.055747126436782,16.8,85.09137931034482,3.216494252873563,2.1,12,Advanced,Wheel Loader,3,60.2,3118.0
TSK-00290,2026-09-03,OP-007,MC-001,SITE-D,Demolition,Clear,Hard Soil,25.4,82.1,Medium,High,Scheduled,142.0,166.0,24.0,24.6,100.0,0,0,6.238922155688623,15.2,85.64431137724551,2.982994011976048,8.8,12,Advanced,Wheel Loader,3,60.2,3118.0
TSK-00291,2026-09-03,OP-008,MC-001,SITE-B,Grading,Clear,Hard Soil,22.7,87.5,Medium,High,Scheduled,72.0,60.0,-12.0,3.3,100.0,0,0,7.268852459016393,13.3,83.52459016393442,2.98327868852459,10.4,9,Advanced,Wheel Loader,3,60.2,3118.0
TSK-00292,2026-09-03,OP-009,MC-010,SITE-C,Grading,High Wind,Muddy,19.2,66.2,Low,Medium,Scheduled,86.0,96.0,10.0,6.2,0.0,0,1,7.650515463917526,14.3,85.62268041237112,3.0846391752577316,10.8,4,Intermediate,Bulldozer,9,35.0,10882.0
TSK-00293,2026-09-03,OP-010,MC-002,SITE-D,Trenching,Clear,Muddy,26.2,88.1,Low,Low,Scheduled,126.0,124.0,-2.0,5.6,100.0,1,0,7.8792,17.5,85.7824,2.97744,2.4,8,Advanced,Bulldozer,4,70.8,5138.0
TSK-00294,2026-09-03,OP-010,MC-009,SITE-C,Demolition,Clear,Hard Soil,26.5,91.5,Low,High,Scheduled,165.0,177.0,12.0,5.6,100.0,0,0,7.73314606741573,16.1,84.76348314606741,2.9179213483146067,5.3,8,Advanced,Wheel Loader,6,36.1,6061.0
TSK-00295,2026-09-03,OP-010,MC-008,SITE-D,Demolition,Clear,Soft Soil,33.6,90.4,Low,High,Scheduled,113.0,113.0,0.0,9.6,100.0,0,0,7.324561403508772,14.8,85.70877192982455,3.0675438596491227,9.7,8,Advanced,Excavator,10,35.0,11262.0
TSK-00296,2026-09-03,OP-011,MC-006,SITE-D,Excavation,Clear,Muddy,18.2,64.8,High,Medium,Scheduled,120.0,157.0,37.0,25.3,100.0,1,0,5.976582278481012,18.5,85.19367088607595,2.966139240506329,4.5,4,Intermediate,Bulldozer,7,46.4,9831.0
TSK-00297,2026-09-03,OP-012,MC-010,SITE-C,Trenching,Dust Storm,Soft Soil,37.7,30.6,Medium,Low,Scheduled,106.0,113.0,7.0,4.4,100.0,0,0,7.624561403508772,14.5,84.87105263157895,3.0435964912280697,8.9,4,Intermediate,Bulldozer,9,35.0,10882.0
TSK-00298,2026-09-03,OP-012,MC-001,SITE-B,Demolition,Dust Storm,Rocky,32.9,16.2,Medium,High,Scheduled,173.0,179.0,6.0,4.4,100.0,0,0,7.521666666666667,17.8,84.51833333333333,3.0263333333333335,11.1,4,Intermediate,Wheel Loader,3,60.2,3118.0
TSK-00299,2026-09-03,OP-013,MC-009,SITE-B,Demolition,Dust Storm,Soft Soil,25.4,38.0,Medium,High,Scheduled,151.0,159.0,8.0,8.8,100.0,3,0,7.11875,16.2,84.72125,3.0998125,3.0,6,Intermediate,Wheel Loader,6,36.1,6061.0
TSK-00300,2026-09-03,OP-014,MC-006,SITE-C,Grading,Clear,Soft Soil,29.6,89.0,High,Low,Scheduled,59.0,67.0,8.0,1.5,100.0,3,0,7.555882352941175,15.5,84.91176470588235,3.311029411764706,3.6,0,Beginner,Bulldozer,7,46.4,9831.0
TSK-00301,2026-09-03,OP-014,MC-003,SITE-C,Grading,Dust Storm,Hard Soil,27.8,44.7,Low,Low,Scheduled,95.0,117.0,22.0,5.1,100.0,2,0,7.838135593220339,16.0,84.99237288135593,3.0793220338983054,3.3,0,Beginner,Backhoe,5,44.1,5383.0
TSK-00302,2026-09-03,OP-015,MC-001,SITE-D,Trenching,Clear,Rocky,15.1,72.8,Medium,Low,Scheduled,153.0,171.0,18.0,4.1,100.0,0,0,7.413953488372093,16.8,83.82906976744187,2.864825581395349,11.0,0,Beginner,Wheel Loader,3,60.2,3118.0
TSK-00303,2026-09-03,OP-015,MC-009,SITE-D,Material Loading,Clear,Rocky,20.1,75.2,Medium,High,Scheduled,71.0,84.0,13.0,5.9,100.0,1,0,6.963529411764705,12.4,84.76,2.9454117647058826,2.3,0,Beginner,Wheel Loader,6,36.1,6061.0
TSK-00304,2026-09-03,OP-015,MC-003,SITE-A,Material Loading,Rain,Muddy,13.7,38.6,High,Low,Scheduled,71.0,84.0,13.0,3.5,100.0,1,0,7.829411764705882,15.2,85.54705882352941,3.0478823529411763,2.2,0,Beginner,Backhoe,5,44.1,5383.0
TSK-00305,2026-09-04,OP-001,MC-007,SITE-C,Material Loading,Clear,Rocky,22.0,68.4,Low,Medium,Scheduled,72.0,78.0,6.0,3.8,100.0,1,0,8.294936708860758,15.3,84.6379746835443,2.6897468354430383,5.2,7,Intermediate,Backhoe,10,37.7,9166.0
TSK-00306,2026-09-04,OP-001,MC-002,SITE-A,Excavation,Clear,Muddy,26.2,80.1,Low,Medium,Scheduled,121.0,124.0,3.0,4.0,100.0,0,0,7.5376,16.6,84.1088,3.00072,8.9,7,Intermediate,Bulldozer,4,70.8,5138.0
TSK-00307,2026-09-04,OP-001,MC-003,SITE-B,Material Loading,High Wind,Hard Soil,23.7,48.5,Low,Low,Scheduled,70.0,75.0,5.0,5.3,100.0,0,0,7.902631578947369,14.9,84.09210526315789,3.0124999999999997,19.6,7,Intermediate,Backhoe,5,44.1,5383.0
TSK-00308,2026-09-04,OP-002,MC-002,SITE-B,Grading,Clear,Rocky,31.3,85.4,Medium,High,Scheduled,99.0,120.0,21.0,23.1,100.0,0,0,5.869421487603306,15.7,84.34380165289257,2.9820661157024793,5.0,5,Intermediate,Bulldozer,4,70.8,5138.0
TSK-00309,2026-09-04,OP-002,MC-008,SITE-A,Excavation,Clear,Muddy,33.4,94.2,Low,High,Scheduled,110.0,147.0,37.0,28.4,100.0,0,0,6.193243243243243,17.2,86.43445945945946,2.8844594594594595,10.4,5,Intermediate,Excavator,10,35.0,11262.0
TSK-00310,2026-09-04,OP-003,MC-009,SITE-A,Excavation,Clear,Rocky,20.7,73.4,High,Low,Scheduled,147.0,185.0,38.0,7.5,100.0,1,1,7.431182795698925,14.3,85.43494623655914,3.1164516129032256,3.2,8,Advanced,Wheel Loader,6,36.1,6061.0
TSK-00311,2026-09-04,OP-003,MC-008,SITE-D,Excavation,Clear,Soft Soil,15.9,76.5,Medium,Low,Scheduled,92.0,88.0,-4.0,6.7,100.0,2,0,7.514606741573033,15.1,85.94494382022472,2.798314606741573,3.8,8,Advanced,Excavator,10,35.0,11262.0
TSK-00312,2026-09-04,OP-003,MC-004,SITE-B,Demolition,Clear,Soft Soil,25.7,76.5,Medium,High,Scheduled,105.0,104.0,-1.0,2.9,100.0,2,0,7.21047619047619,17.7,84.88857142857142,2.810095238095238,4.5,8,Advanced,Excavator,10,35.0,11223.0
TSK-00313,2026-09-04,OP-004,MC-008,SITE-D,Grading,Rain,Muddy,19.3,63.2,Low,Low,Scheduled,98.0,98.0,0.0,4.0,0.0,0,1,7.413131313131313,14.6,85.09494949494949,3.0272727272727273,16.1,12,Advanced,Excavator,10,35.0,11262.0
TSK-00314,2026-09-04,OP-005,MC-007,SITE-D,Material Loading,Clear,Muddy,21.8,89.1,High,High,Scheduled,66.0,89.0,23.0,3.3,100.0,0,0,7.601111111111111,14.8,83.98,3.0686666666666667,13.3,5,Intermediate,Backhoe,10,37.7,9166.0
TSK-00315,2026-09-04,OP-006,MC-008,SITE-A,Grading,Dust Storm,Rocky,35.1,34.3,High,High,Scheduled,133.0,147.0,14.0,1.4,100.0,0,0,8.083108108108108,16.7,84.98986486486487,2.962972972972973,11.8,5,Intermediate,Excavator,10,35.0,11262.0
TSK-00316,2026-09-04,OP-006,MC-003,SITE-D,Grading,Clear,Soft Soil,33.2,80.9,Medium,Low,Scheduled,78.0,76.0,-2.0,6.5,100.0,1,0,7.442857142857143,16.3,85.45844155844156,2.9635064935064936,2.1,5,Intermediate,Backhoe,5,44.1,5383.0
TSK-00317,2026-09-04,OP-007,MC-006,SITE-A,Material Loading,Clear,Soft Soil,31.4,72.4,High,Medium,Scheduled,44.0,54.0,10.0,29.1,100.0,0,0,5.843636363636363,14.9,84.94363636363636,3.2072727272727275,5.0,12,Advanced,Bulldozer,7,46.4,9831.0
TSK-00318,2026-09-04,OP-007,MC-006,SITE-C,Trenching,Clear,Hard Soil,33.3,81.7,High,Medium,Scheduled,110.0,127.0,17.0,22.7,100.0,3,0,6.60234375,14.9,85.003125,2.99484375,4.5,12,Advanced,Bulldozer,7,46.4,9831.0
TSK-00319,2026-09-04,OP-007,MC-004,SITE-B,Trenching,Clear,Soft Soil,26.2,86.5,Medium,High,Scheduled,94.0,93.0,-1.0,22.3,100.0,0,0,6.560638297872341,15.8,84.52659574468085,2.931489361702128,7.2,12,Advanced,Excavator,10,35.0,11223.0
TSK-00320,2026-09-04,OP-008,MC-008,SITE-C,Demolition,Clear,Soft Soil,30.5,95.6,High,High,Scheduled,105.0,118.0,13.0,5.9,100.0,0,0,8.096638655462185,15.3,86.41848739495798,2.8830252100840337,10.2,9,Advanced,Excavator,10,35.0,11262.0
TSK-00321,2026-09-04,OP-009,MC-002,SITE-D,Material Loading,Clear,Soft Soil,27.3,75.3,Medium,Medium,Scheduled,55.0,52.0,-3.0,1.9,100.0,0,0,8.11320754716981,13.6,82.55094339622642,2.892264150943396,14.8,4,Intermediate,Bulldozer,4,70.8,5138.0
TSK-00322,2026-09-04,OP-009,MC-007,SITE-A,Material Loading,Clear,Soft Soil,21.8,72.9,High,High,Scheduled,53.0,67.0,14.0,2.9,100.0,1,0,7.661764705882353,15.0,85.97941176470589,3.0876470588235296,4.3,4,Intermediate,Backhoe,10,37.7,9166.0
TSK-00323,2026-09-04,OP-010,MC-005,SITE-B,Demolition,Clear,Rocky,23.2,95.9,Medium,Low,Scheduled,173.0,166.0,-7.0,3.6,100.0,1,0,7.50119760479042,14.5,85.38982035928144,2.988802395209581,4.8,8,Advanced,Wheel Loader,11,35.0,14731.0
TSK-00324,2026-09-04,OP-011,MC-003,SITE-B,Excavation,Rain,Rocky,8.8,54.1,High,High,Scheduled,126.0,186.0,60.0,25.7,100.0,2,2,6.10427807486631,21.8,85.06042780748663,3.0710695187165773,1.1,4,Intermediate,Backhoe,5,44.1,5383.0
TSK-00325,2026-09-04,OP-011,MC-009,SITE-A,Trenching,Clear,Soft Soil,16.7,70.4,Medium,Low,Scheduled,89.0,109.0,20.0,21.8,100.0,2,2,7.038181818181819,21.2,85.11727272727272,3.0323636363636366,3.4,4,Intermediate,Wheel Loader,6,36.1,6061.0
TSK-00326,2026-09-04,OP-012,MC-005,SITE-B,Demolition,Clear,Soft Soil,31.8,81.7,Medium,Low,Scheduled,123.0,121.0,-2.0,4.9,100.0,0,0,7.406557377049181,15.7,85.87295081967213,3.1705737704918033,13.0,4,Intermediate,Wheel Loader,11,35.0,14731.0
TSK-00327,2026-09-04,OP-012,MC-008,SITE-A,Grading,Clear,Soft Soil,29.7,97.4,Low,Medium,Scheduled,74.0,83.0,9.0,0.0,100.0,2,0,7.973809523809523,18.6,84.225,2.9936904761904763,2.7,4,Intermediate,Excavator,10,35.0,11262.0
TSK-00328,2026-09-04,OP-013,MC-010,SITE-B,Demolition,High Wind,Soft Soil,6.4,65.9,High,High,Scheduled,131.0,150.0,19.0,4.6,100.0,0,0,7.438410596026491,15.4,86.21390728476821,2.90794701986755,7.5,6,Intermediate,Bulldozer,9,35.0,10882.0
TSK-00329,2026-09-04,OP-014,MC-010,SITE-C,Excavation,Dust Storm,Rocky,30.0,56.7,Low,Low,Scheduled,170.0,195.0,25.0,4.1,100.0,0,0,7.752551020408164,18.0,84.9234693877551,2.9305102040816324,6.5,0,Beginner,Bulldozer,9,35.0,10882.0
TSK-00330,2026-09-04,OP-014,MC-010,SITE-B,Trenching,Dust Storm,Soft Soil,38.7,31.9,Low,Medium,Scheduled,134.0,148.0,14.0,3.4,100.0,0,0,7.465771812080537,15.7,83.50671140939598,3.0791946308724834,11.1,0,Beginner,Bulldozer,9,35.0,10882.0
TSK-00331,2026-09-04,OP-015,MC-009,SITE-C,Excavation,Clear,Muddy,25.5,72.2,Low,High,Scheduled,129.0,140.0,11.0,5.7,100.0,1,0,7.868794326241135,17.1,84.68510638297873,2.9919148936170212,3.3,0,Beginner,Wheel Loader,6,36.1,6061.0
TSK-00332,2026-09-04,OP-015,MC-007,SITE-B,Grading,Clear,Muddy,19.3,63.6,Medium,Low,Scheduled,79.0,101.0,22.0,2.9,100.0,0,0,7.788235294117647,14.5,86.27058823529413,3.0004901960784314,13.6,0,Beginner,Backhoe,10,37.7,9166.0
TSK-00333,2026-09-05,OP-001,MC-010,SITE-C,Material Loading,Rain,Soft Soil,12.5,53.7,Low,Low,Scheduled,49.0,57.0,8.0,1.7,100.0,3,0,7.596551724137932,13.1,85.39482758620689,3.195689655172414,3.9,7,Intermediate,Bulldozer,9,35.0,10882.0
TSK-00334,2026-09-05,OP-002,MC-002,SITE-B,Grading,Clear,Soft Soil,23.4,89.5,Medium,Low,Scheduled,75.0,86.0,11.0,21.8,100.0,3,1,6.450574712643679,22.2,85.70919540229885,3.2204597701149424,3.3,5,Intermediate,Bulldozer,4,70.8,5138.0
TSK-00335,2026-09-05,OP-003,MC-010,SITE-D,Trenching,Rain,Rocky,14.0,52.5,High,High,Scheduled,156.0,175.0,19.0,6.8,100.0,1,1,7.417613636363637,14.9,85.41534090909092,3.0772159090909095,3.2,8,Advanced,Bulldozer,9,35.0,10882.0
TSK-00336,2026-09-05,OP-004,MC-006,SITE-A,Trenching,Clear,Soft Soil,24.7,86.8,High,Low,Scheduled,98.0,108.0,10.0,11.0,0.0,2,1,7.036697247706422,17.0,85.4376146788991,2.7546788990825686,4.0,12,Advanced,Bulldozer,7,46.4,9831.0
TSK-00337,2026-09-05,OP-004,MC-004,SITE-C,Trenching,Clear,Rocky,23.8,100.0,Medium,Medium,Scheduled,126.0,96.0,-30.0,4.1,100.0,1,0,7.3680412371134025,14.2,83.67113402061857,3.031649484536082,4.6,12,Advanced,Excavator,10,35.0,11223.0
TSK-00338,2026-09-05,OP-004,MC-008,SITE-D,Grading,Clear,Soft Soil,39.1,93.5,Low,Low,Scheduled,75.0,67.0,-8.0,1.5,0.0,0,1,8.169117647058824,15.4,83.38970588235294,3.1047058823529414,15.7,12,Advanced,Excavator,10,35.0,11262.0
TSK-00339,2026-09-05,OP-005,MC-004,SITE-B,Trenching,Clear,Rocky,19.4,70.2,Low,Medium,Scheduled,130.0,112.0,-18.0,3.5,100.0,0,0,7.354867256637168,14.4,83.66725663716814,2.993716814159292,8.4,5,Intermediate,Excavator,10,35.0,11223.0
TSK-00340,2026-09-05,OP-006,MC-002,SITE-C,Grading,Dust Storm,Soft Soil,31.7,45.9,Medium,High,Scheduled,94.0,89.0,-5.0,5.6,0.0,0,1,7.85,17.6,85.31777777777778,3.2295555555555557,5.9,5,Intermediate,Bulldozer,4,70.8,5138.0
TSK-00341,2026-09-05,OP-006,MC-008,SITE-A,Grading,Clear,Rocky,26.3,90.4,Low,Medium,Scheduled,90.0,101.0,11.0,7.8,100.0,1,0,7.1950980392156865,14.8,84.57941176470588,3.0605882352941176,6.3,5,Intermediate,Excavator,10,35.0,11262.0
TSK-00342,2026-09-05,OP-006,MC-004,SITE-D,Material Loading,Clear,Rocky,33.1,90.9,High,Low,Scheduled,68.0,84.0,16.0,4.7,100.0,0,0,7.145882352941176,13.9,83.35764705882353,2.876470588235294,13.2,5,Intermediate,Excavator,10,35.0,11223.0
TSK-00343,2026-09-05,OP-007,MC-005,SITE-D,Excavation,Clear,Hard Soil,20.4,82.3,Medium,Low,Scheduled,93.0,114.0,21.0,12.2,100.0,1,1,7.4,16.3,84.89565217391305,3.176695652173913,4.0,12,Advanced,Wheel Loader,11,35.0,14731.0
TSK-00344,2026-09-05,OP-007,MC-008,SITE-B,Material Loading,Clear,Muddy,15.1,74.4,Medium,Low,Scheduled,59.0,63.0,4.0,23.4,100.0,1,1,6.678125,17.1,84.5203125,3.06765625,2.1,12,Advanced,Excavator,10,35.0,11262.0
TSK-00345,2026-09-05,OP-007,MC-001,SITE-A,Trenching,High Wind,Hard Soil,15.4,73.7,High,Medium,Scheduled,121.0,130.0,9.0,27.5,100.0,2,2,6.6618320610687025,21.6,84.4320610687023,3.0570992366412213,3.1,12,Advanced,Wheel Loader,3,60.2,3118.0
TSK-00346,2026-09-05,OP-008,MC-003,SITE-A,Grading,High Wind,Soft Soil,26.5,86.3,High,High,Scheduled,60.0,69.0,9.0,7.1,100.0,1,0,7.4871428571428575,15.6,85.11142857142858,3.0349999999999997,4.9,9,Advanced,Backhoe,5,44.1,5383.0
TSK-00347,2026-09-05,OP-009,MC-002,SITE-D,Grading,Clear,Muddy,24.1,78.1,Medium,Low,Scheduled,99.0,83.0,-16.0,6.0,100.0,3,0,7.772619047619047,17.3,85.74285714285713,2.9425,2.6,4,Intermediate,Bulldozer,4,70.8,5138.0
TSK-00348,2026-09-05,OP-009,MC-008,SITE-A,Material Loading,Rain,Hard Soil,18.7,41.8,Medium,Low,Scheduled,71.0,73.0,2.0,5.4,100.0,0,0,7.401351351351352,14.7,84.53243243243243,3.0736486486486485,16.6,4,Intermediate,Excavator,10,35.0,11262.0
TSK-00349,2026-09-05,OP-009,MC-010,SITE-D,Demolition,Clear,Hard Soil,22.1,80.5,High,High,Scheduled,112.0,108.0,-4.0,2.8,100.0,2,0,7.935779816513762,15.4,85.27706422018349,3.2035779816513763,2.1,4,Intermediate,Bulldozer,9,35.0,10882.0
TSK-00350,2026-09-05,OP-010,MC-010,SITE-C,Trenching,High Wind,Rocky,29.3,64.1,Low,Medium,Scheduled,145.0,151.0,6.0,2.6,100.0,0,0,7.976315789473685,18.1,84.57565789473684,2.97625,13.3,8,Advanced,Bulldozer,9,35.0,10882.0
TSK-00351,2026-09-05,OP-010,MC-009,SITE-B,Excavation,Clear,Rocky,32.5,84.3,High,High,Scheduled,136.0,150.0,14.0,2.0,100.0,1,1,7.8509933774834435,15.6,83.86291390728476,3.0084768211920534,4.6,8,Advanced,Wheel Loader,6,36.1,6061.0
TSK-00352,2026-09-05,OP-010,MC-008,SITE-C,Grading,Rain,Hard Soil,27.7,59.5,Low,Medium,Scheduled,81.0,73.0,-8.0,5.4,100.0,0,0,7.917567567567567,14.8,85.96351351351352,3.0002702702702706,14.0,8,Advanced,Excavator,10,35.0,11262.0
TSK-00353,2026-09-05,OP-011,MC-001,SITE-B,Material Loading,Clear,Muddy,21.3,81.6,High,High,Scheduled,62.0,83.0,21.0,23.8,100.0,2,1,7.014285714285715,22.7,85.73690476190475,3.0485714285714285,4.4,4,Intermediate,Wheel Loader,3,60.2,3118.0
TSK-00354,2026-09-05,OP-012,MC-004,SITE-A,Demolition,Rain,Rocky,22.5,78.9,High,Medium,Scheduled,175.0,199.0,24.0,6.0,100.0,0,0,7.486000000000001,14.7,85.7915,2.8728,8.8,4,Intermediate,Excavator,10,35.0,11223.0
TSK-00355,2026-09-05,OP-012,MC-002,SITE-C,Excavation,Clear,Soft Soil,27.8,91.2,Low,Low,Scheduled,82.0,79.0,-3.0,3.8,100.0,0,0,8.102500000000001,16.7,84.51375,3.005375,13.7,4,Intermediate,Bulldozer,4,70.8,5138.0
TSK-00356,2026-09-05,OP-013,MC-001,SITE-A,Grading,Clear,Hard Soil,25.0,69.5,Medium,Medium,Scheduled,71.0,77.0,6.0,3.8,100.0,2,0,7.448717948717949,15.3,83.78461538461538,2.9762820512820514,3.8,6,Intermediate,Wheel Loader,3,60.2,3118.0
TSK-00357,2026-09-05,OP-013,MC-004,SITE-A,Excavation,Clear,Hard Soil,20.2,72.8,High,High,Scheduled,88.0,94.0,6.0,7.4,100.0,0,0,7.1821052631578945,15.1,85.2778947368421,3.2563157894736845,5.0,6,Intermediate,Excavator,10,35.0,11223.0
TSK-00358,2026-09-05,OP-013,MC-008,SITE-D,Material Loading,Clear,Rocky,9.8,79.2,Medium,High,Scheduled,71.0,66.0,-5.0,3.0,100.0,0,0,7.2029850746268655,15.2,85.05223880597015,3.058358208955224,12.9,6,Intermediate,Excavator,10,35.0,11262.0
TSK-00359,2026-09-05,OP-014,MC-005,SITE-C,Grading,Clear,Rocky,28.0,84.3,Medium,Medium,Scheduled,108.0,130.0,22.0,3.8,100.0,0,0,7.916030534351145,17.7,84.10916030534351,3.2141984732824427,5.0,0,Beginner,Wheel Loader,11,35.0,14731.0
TSK-00360,2026-09-05,OP-014,MC-004,SITE-C,Grading,Rain,Rocky,20.4,66.1,Low,High,Scheduled,97.0,107.0,10.0,5.6,100.0,0,0,7.355555555555555,15.5,84.42407407407407,3.0498148148148148,15.4,0,Beginner,Excavator,10,35.0,11223.0
TSK-00361,2026-09-05,OP-014,MC-006,SITE-D,Grading,Dust Storm,Soft Soil,44.4,28.1,Medium,High,Scheduled,81.0,81.0,0.0,7.3,100.0,1,0,7.0060975609756095,14.5,86.01219512195122,3.051341463414634,2.4,0,Beginner,Bulldozer,7,46.4,9831.0
TSK-00362,2026-09-05,OP-015,MC-009,SITE-D,Grading,Clear,Soft Soil,28.4,69.7,Medium,Low,Scheduled,75.0,83.0,8.0,4.8,100.0,0,0,7.669047619047619,15.5,83.85119047619048,3.125238095238095,5.0,0,Beginner,Wheel Loader,6,36.1,6061.0
TSK-00363,2026-09-06,OP-001,MC-007,SITE-D,Grading,Clear,Hard Soil,26.9,90.2,Medium,Low,Scheduled,77.0,73.0,-4.0,8.1,100.0,1,0,7.194594594594594,17.1,84.73378378378379,3.214189189189189,4.9,7,Intermediate,Backhoe,10,37.7,9166.0
TSK-00364,2026-09-06,OP-001,MC-004,SITE-A,Grading,Clear,Muddy,27.6,80.2,High,Medium,Scheduled,99.0,104.0,5.0,1.9,100.0,1,0,7.6552380952380945,15.0,85.3152380952381,2.8901904761904764,1.7,7,Intermediate,Excavator,10,35.0,11223.0
TSK-00365,2026-09-06,OP-002,MC-003,SITE-D,Grading,Rain,Hard Soil,20.7,72.9,Medium,Medium,Scheduled,91.0,111.0,20.0,25.9,100.0,2,2,6.410714285714286,17.2,86.19196428571429,3.0820535714285713,4.7,5,Intermediate,Backhoe,5,44.1,5383.0
TSK-00366,2026-09-06,OP-003,MC-001,SITE-C,Excavation,Clear,Soft Soil,10.5,78.4,Low,Low,Scheduled,101.0,109.0,8.0,4.5,100.0,0,0,7.567272727272727,16.8,84.23818181818183,2.879090909090909,8.5,8,Advanced,Wheel Loader,3,60.2,3118.0
TSK-00367,2026-09-06,OP-004,MC-007,SITE-D,Grading,Rain,Muddy,20.5,69.0,Medium,Low,Scheduled,98.0,104.0,6.0,4.8,100.0,0,0,7.8133333333333335,16.2,85.05238095238096,3.1391428571428572,8.1,12,Advanced,Backhoe,10,37.7,9166.0
TSK-00368,2026-09-06,OP-004,MC-005,SITE-A,Grading,Clear,Hard Soil,29.4,93.4,Medium,High,Scheduled,90.0,98.0,8.0,7.1,100.0,0,0,7.454545454545454,15.2,84.93939393939394,3.1237373737373737,8.7,12,Advanced,Wheel Loader,11,35.0,14731.0
TSK-00369,2026-09-06,OP-005,MC-002,SITE-C,Trenching,Clear,Soft Soil,27.8,73.3,Medium,Medium,Scheduled,92.0,90.0,-2.0,6.6,100.0,3,1,7.43956043956044,16.0,85.4021978021978,2.9768131868131866,3.5,5,Intermediate,Bulldozer,4,70.8,5138.0
TSK-00370,2026-09-06,OP-005,MC-003,SITE-A,Grading,Clear,Muddy,18.0,77.7,Low,Low,Scheduled,93.0,86.0,-7.0,4.6,100.0,1,0,7.63103448275862,18.0,86.38735632183908,2.9756321839080457,4.2,5,Intermediate,Backhoe,5,44.1,5383.0
TSK-00371,2026-09-06,OP-006,MC-010,SITE-A,Trenching,Clear,Muddy,25.4,80.2,Medium,Low,Scheduled,127.0,133.0,6.0,4.5,100.0,2,0,7.817910447761193,16.9,85.58358208955224,2.9292537313432834,3.5,5,Intermediate,Bulldozer,9,35.0,10882.0
TSK-00372,2026-09-06,OP-006,MC-003,SITE-D,Material Loading,Clear,Muddy,36.6,90.4,Low,Medium,Scheduled,63.0,62.0,-1.0,7.9,100.0,1,0,7.384126984126984,16.7,84.24444444444444,2.9682539682539684,5.8,5,Intermediate,Backhoe,5,44.1,5383.0
TSK-00373,2026-09-06,OP-006,MC-006,SITE-D,Material Loading,Clear,Hard Soil,25.0,88.8,Medium,High,Scheduled,60.0,58.0,-2.0,3.4,100.0,0,0,7.9355932203389825,15.5,86.2813559322034,3.231864406779661,15.7,5,Intermediate,Bulldozer,7,46.4,9831.0
TSK-00374,2026-09-06,OP-007,MC-007,SITE-A,Demolition,Rain,Muddy,18.6,44.1,Medium,Medium,Scheduled,164.0,174.0,10.0,26.3,100.0,3,2,6.730857142857143,22.5,84.50742857142856,2.8594285714285714,3.5,12,Advanced,Backhoe,10,37.7,9166.0
TSK-00375,2026-09-06,OP-008,MC-009,SITE-B,Trenching,Clear,Soft Soil,29.5,94.3,High,High,Scheduled,94.0,96.0,2.0,8.2,100.0,1,0,7.342268041237114,15.6,86.19896907216494,3.03360824742268,2.0,9,Advanced,Wheel Loader,6,36.1,6061.0
TSK-00376,2026-09-06,OP-008,MC-002,SITE-B,Grading,Clear,Muddy,23.4,92.9,High,Low,Scheduled,86.0,85.0,-1.0,9.3,100.0,3,0,7.137209302325581,14.6,87.00813953488372,2.9609302325581393,3.7,9,Advanced,Bulldozer,4,70.8,5138.0
TSK-00377,2026-09-06,OP-008,MC-006,SITE-B,Excavation,Clear,Muddy,28.4,100.0,High,Low,Scheduled,121.0,101.0,-20.0,6.9,100.0,2,0,7.560784313725491,15.1,84.52941176470588,2.862450980392157,3.3,9,Advanced,Bulldozer,7,46.4,9831.0
TSK-00378,2026-09-06,OP-009,MC-008,SITE-C,Excavation,Clear,Soft Soil,24.5,66.9,Low,High,Scheduled,79.0,78.0,-1.0,11.4,0.0,0,1,7.048101265822784,14.9,83.99240506329113,3.0205063291139242,9.9,4,Intermediate,Excavator,10,35.0,11262.0
TSK-00379,2026-09-06,OP-010,MC-003,SITE-A,Excavation,Rain,Muddy,18.9,73.3,Medium,High,Scheduled,154.0,159.0,5.0,6.2,0.0,0,1,7.6674999999999995,15.2,84.81687500000001,3.1006875000000003,9.8,8,Advanced,Backhoe,5,44.1,5383.0
TSK-00380,2026-09-06,OP-010,MC-005,SITE-A,Material Loading,High Wind,Soft Soil,29.3,77.8,High,Medium,Scheduled,63.0,75.0,12.0,6.6,100.0,3,0,7.540789473684211,16.6,84.73026315789474,3.1725,2.7,8,Advanced,Wheel Loader,11,35.0,14731.0
TSK-00381,2026-09-06,OP-010,MC-004,SITE-C,Demolition,Clear,Muddy,28.5,99.8,Medium,Low,Scheduled,133.0,134.0,1.0,4.4,100.0,0,0,7.759999999999999,15.2,85.34148148148148,2.8784444444444444,13.2,8,Advanced,Excavator,10,35.0,11223.0
TSK-00382,2026-09-06,OP-011,MC-004,SITE-D,Excavation,Clear,Muddy,21.5,85.4,Medium,Medium,Scheduled,120.0,139.0,19.0,23.6,100.0,0,0,6.015714285714286,15.1,85.56142857142858,2.9782142857142855,11.8,4,Intermediate,Excavator,10,35.0,11223.0
TSK-00383,2026-09-06,OP-011,MC-001,SITE-C,Material Loading,Dust Storm,Soft Soil,25.9,22.1,Medium,High,Scheduled,50.0,64.0,14.0,13.8,100.0,2,1,7.492307692307692,16.6,84.33538461538461,2.964769230769231,3.1,4,Intermediate,Wheel Loader,3,60.2,3118.0
TSK-00384,2026-09-06,OP-012,MC-008,SITE-B,Material Loading,Clear,Muddy,24.0,87.1,Low,High,Scheduled,62.0,68.0,6.0,7.2,100.0,0,0,7.1231884057971016,14.1,84.11739130434783,3.0656521739130436,9.4,4,Intermediate,Excavator,10,35.0,11262.0
TSK-00385,2026-09-06,OP-013,MC-005,SITE-B,Trenching,Clear,Muddy,23.9,68.3,High,Low,Scheduled,115.0,142.0,27.0,3.5,100.0,2,0,7.446853146853147,14.7,84.92447552447553,2.997832167832168,2.6,6,Intermediate,Wheel Loader,11,35.0,14731.0
TSK-00386,2026-09-06,OP-014,MC-010,SITE-C,Grading,Rain,Muddy,20.5,74.9,Medium,Low,Scheduled,124.0,149.0,25.0,5.3,0.0,2,1,7.294,15.7,84.55866666666667,3.0468666666666664,1.4,0,Beginner,Bulldozer,9,35.0,10882.0
TSK-00387,2026-09-06,OP-015,MC-007,SITE-B,Excavation,Dust Storm,Hard Soil,32.1,19.2,Medium,Medium,Scheduled,129.0,176.0,47.0,4.5,100.0,2,0,7.47457627118644,17.1,85.68531073446327,3.063389830508475,2.8,0,Beginner,Backhoe,10,37.7,9166.0
TSK-00388,2026-09-07,OP-001,MC-001,SITE-A,Material Loading,Rain,Hard Soil,12.7,32.0,Medium,High,Scheduled,68.0,70.0,2.0,1.4,100.0,3,0,7.8887323943661976,15.7,85.40140845070422,3.060704225352113,4.5,7,Intermediate,Wheel Loader,3,60.2,3118.0
TSK-00389,2026-09-07,OP-001,MC-010,SITE-C,Excavation,Clear,Rocky,18.6,69.0,Low,Low,Scheduled,117.0,132.0,15.0,4.5,100.0,0,0,7.959398496240601,15.1,84.35789473684211,3.1938345864661657,5.0,7,Intermediate,Bulldozer,9,35.0,10882.0
TSK-00390,2026-09-07,OP-001,MC-003,SITE-B,Material Loading,Rain,Hard Soil,14.1,55.7,Medium,High,Scheduled,67.0,75.0,8.0,5.3,100.0,1,0,7.796052631578948,14.2,83.8736842105263,2.8432894736842105,1.6,7,Intermediate,Backhoe,5,44.1,5383.0
TSK-00391,2026-09-07,OP-002,MC-001,SITE-D,Demolition,High Wind,Hard Soil,27.3,80.1,High,Medium,Scheduled,133.0,185.0,52.0,23.7,100.0,2,1,6.586559139784946,17.9,84.85860215053764,3.001559139784946,5.0,5,Intermediate,Wheel Loader,3,60.2,3118.0
TSK-00392,2026-09-07,OP-003,MC-004,SITE-C,Material Loading,Clear,Muddy,18.3,74.4,Low,High,Scheduled,64.0,71.0,7.0,5.6,100.0,2,0,7.695833333333334,15.7,82.89305555555556,3.039722222222222,2.0,8,Advanced,Excavator,10,35.0,11223.0
TSK-00393,2026-09-07,OP-003,MC-003,SITE-D,Demolition,Clear,Soft Soil,18.3,70.6,High,Medium,Scheduled,146.0,124.0,-22.0,4.8,100.0,2,1,7.7128000000000005,15.9,85.2552,3.0456,3.6,8,Advanced,Backhoe,5,44.1,5383.0
TSK-00394,2026-09-07,OP-004,MC-002,SITE-A,Material Loading,Clear,Rocky,24.0,93.6,High,Medium,Scheduled,71.0,70.0,-1.0,8.5,100.0,1,0,7.470422535211267,13.4,84.64366197183098,2.9592957746478876,3.5,12,Advanced,Bulldozer,4,70.8,5138.0
TSK-00395,2026-09-07,OP-004,MC-004,SITE-C,Excavation,Clear,Hard Soil,29.4,90.3,Medium,High,Scheduled,104.0,102.0,-2.0,3.9,100.0,1,0,8.013592233009708,16.8,84.00388349514563,2.9283495145631067,5.3,12,Advanced,Excavator,10,35.0,11223.0
TSK-00396,2026-09-07,OP-005,MC-002,SITE-B,Material Loading,Rain,Muddy,13.3,42.2,Low,High,Scheduled,64.0,63.0,-1.0,1.6,100.0,2,0,7.5421875,14.4,83.509375,3.06078125,2.2,5,Intermediate,Bulldozer,4,70.8,5138.0
TSK-00397,2026-09-07,OP-005,MC-001,SITE-B,Demolition,Clear,Hard Soil,22.2,70.7,Medium,High,Scheduled,124.0,108.0,-16.0,4.6,100.0,0,0,7.543119266055046,14.8,86.96880733944954,2.794862385321101,10.6,5,Intermediate,Wheel Loader,3,60.2,3118.0
TSK-00398,2026-09-07,OP-006,MC-002,SITE-B,Material Loading,Dust Storm,Hard Soil,20.7,52.4,Low,High,Scheduled,70.0,70.0,0.0,1.4,100.0,0,0,8.01549295774648,15.4,86.64507042253521,2.834225352112676,12.2,5,Intermediate,Bulldozer,4,70.8,5138.0
TSK-00399,2026-09-07,OP-006,MC-004,SITE-C,Material Loading,Rain,Hard Soil,17.7,43.6,Medium,Medium,Scheduled,59.0,57.0,-2.0,5.2,100.0,3,0,7.532758620689655,12.9,85.67931034482758,2.8906896551724137,3.8,5,Intermediate,Excavator,10,35.0,11223.0
TSK-00400,2026-09-07,OP-007,MC-001,SITE-C,Material Loading,Clear,Rocky,20.2,81.2,Low,Low,Scheduled,60.0,54.0,-6.0,14.5,100.0,0,0,7.034545454545454,16.5,85.2,2.9625454545454546,11.9,12,Advanced,Wheel Loader,3,60.2,3118.0
TSK-00401,2026-09-07,OP-008,MC-004,SITE-D,Trenching,Dust Storm,Soft Soil,34.4,45.4,Medium,Low,Scheduled,136.0,133.0,-3.0,4.5,100.0,0,0,7.241791044776119,13.5,83.48059701492537,2.9906716417910446,7.4,9,Advanced,Excavator,10,35.0,11223.0
TSK-00402,2026-09-07,OP-009,MC-004,SITE-B,Trenching,High Wind,Rocky,17.8,49.1,High,Low,Scheduled,180.0,216.0,36.0,3.7,0.0,3,1,7.355760368663595,15.7,85.32027649769586,3.0333640552995393,2.4,4,Intermediate,Excavator,10,35.0,11223.0
TSK-00403,2026-09-07,OP-010,MC-007,SITE-D,Material Loading,Clear,Hard Soil,13.8,92.1,Medium,Medium,Scheduled,56.0,48.0,-8.0,12.2,100.0,2,0,7.134693877551021,13.0,84.54285714285714,2.921836734693877,2.5,8,Advanced,Backhoe,10,37.7,9166.0
TSK-00404,2026-09-07,OP-011,MC-001,SITE-B,Demolition,Rain,Hard Soil,15.8,32.9,High,Low,Scheduled,149.0,193.0,44.0,29.4,100.0,2,2,6.042268041237113,23.4,84.32938144329897,3.0058247422680413,1.5,4,Intermediate,Wheel Loader,3,60.2,3118.0
TSK-00405,2026-09-07,OP-011,MC-005,SITE-D,Trenching,Rain,Muddy,14.6,73.2,High,High,Scheduled,167.0,223.0,56.0,22.8,100.0,1,1,6.253125,16.5,85.67410714285714,3.0235267857142856,4.1,4,Intermediate,Wheel Loader,11,35.0,14731.0
TSK-00406,2026-09-07,OP-012,MC-006,SITE-A,Excavation,Dust Storm,Hard Soil,36.4,41.8,High,Low,Scheduled,104.0,127.0,23.0,5.5,100.0,0,0,7.3890625,15.0,86.65,2.997890625,9.5,4,Intermediate,Bulldozer,7,46.4,9831.0
TSK-00407,2026-09-07,OP-012,MC-003,SITE-C,Trenching,Clear,Soft Soil,22.6,99.7,Low,Low,Scheduled,84.0,95.0,11.0,4.2,100.0,0,0,7.627083333333334,16.6,84.03541666666666,2.9021875,5.2,4,Intermediate,Backhoe,5,44.1,5383.0
TSK-00408,2026-09-07,OP-013,MC-008,SITE-A,Trenching,Clear,Rocky,20.0,70.9,High,Low,Scheduled,150.0,173.0,23.0,4.6,100.0,2,1,7.948275862068965,15.7,84.48563218390805,3.1710919540229883,2.4,6,Intermediate,Excavator,10,35.0,11262.0
TSK-00409,2026-09-07,OP-014,MC-009,SITE-D,Grading,Clear,Hard Soil,27.6,91.8,High,Low,Scheduled,85.0,99.0,14.0,5.0,100.0,0,0,7.4270000000000005,16.2,85.68299999999999,3.0505,13.2,0,Beginner,Wheel Loader,6,36.1,6061.0
TSK-00410,2026-09-07,OP-014,MC-008,SITE-B,Grading,Clear,Hard Soil,26.7,97.1,Medium,Low,Scheduled,83.0,97.0,14.0,7.1,100.0,0,0,7.429591836734694,17.2,83.3969387755102,3.0543877551020406,6.9,0,Beginner,Excavator,10,35.0,11262.0
TSK-00411,2026-09-07,OP-015,MC-003,SITE-A,Demolition,Clear,Rocky,20.1,66.8,High,Low,Scheduled,132.0,149.0,17.0,4.7,100.0,2,0,7.685333333333333,16.1,85.82933333333334,3.0009333333333332,3.7,0,Beginner,Backhoe,5,44.1,5383.0
TSK-00412,2026-09-07,OP-015,MC-009,SITE-A,Trenching,Rain,Muddy,22.7,58.7,Medium,High,Scheduled,146.0,180.0,34.0,7.2,100.0,3,0,7.4646408839779,17.9,84.65580110497238,2.98414364640884,1.7,0,Beginner,Wheel Loader,6,36.1,6061.0
TSK-00413,2026-09-08,OP-001,MC-006,SITE-C,Demolition,Clear,Soft Soil,16.7,58.1,Low,High,Scheduled,143.0,142.0,-1.0,4.2,100.0,0,0,8.086713286713287,14.4,83.7937062937063,2.8093706293706293,5.0,7,Intermediate,Bulldozer,7,46.4,9831.0
TSK-00414,2026-09-08,OP-002,MC-001,SITE-C,Trenching,Clear,Soft Soil,22.3,95.1,Low,Medium,Scheduled,108.0,140.0,32.0,23.4,100.0,0,0,6.198581560283688,15.8,85.1936170212766,3.0339716312056737,6.9,5,Intermediate,Wheel Loader,3,60.2,3118.0
TSK-00415,2026-09-08,OP-003,MC-008,SITE-C,Grading,Rain,Rocky,17.3,50.9,Low,Medium,Scheduled,108.0,101.0,-7.0,2.0,100.0,0,0,7.637254901960785,14.0,84.27156862745099,3.090588235294118,6.1,8,Advanced,Excavator,10,35.0,11262.0
TSK-00416,2026-09-08,OP-004,MC-006,SITE-B,Excavation,Clear,Soft Soil,22.3,89.7,High,Low,Scheduled,102.0,93.0,-9.0,5.3,100.0,0,0,7.530851063829787,16.0,85.4191489361702,2.853191489361702,5.0,12,Advanced,Bulldozer,7,46.4,9831.0
TSK-00417,2026-09-08,OP-004,MC-005,SITE-A,Excavation,Rain,Soft Soil,25.6,87.0,High,Medium,Scheduled,98.0,91.0,-7.0,7.6,0.0,1,1,7.218478260869565,15.4,86.81521739130434,2.8889130434782606,7.1,12,Advanced,Wheel Loader,11,35.0,14731.0
TSK-00418,2026-09-08,OP-005,MC-001,SITE-C,Grading,Clear,Soft Soil,12.8,69.6,Medium,Medium,Scheduled,77.0,82.0,5.0,2.4,100.0,0,0,7.842168674698795,14.3,85.24457831325302,3.047469879518072,11.2,5,Intermediate,Wheel Loader,3,60.2,3118.0
TSK-00419,2026-09-08,OP-005,MC-006,SITE-A,Excavation,Clear,Soft Soil,17.6,64.5,High,High,Scheduled,93.0,96.0,3.0,7.2,100.0,2,0,7.3319587628865985,15.9,85.28247422680413,3.0322680412371135,2.5,5,Intermediate,Bulldozer,7,46.4,9831.0
TSK-00420,2026-09-08,OP-006,MC-005,SITE-A,Grading,Clear,Rocky,32.5,97.4,Low,Medium,Scheduled,95.0,106.0,11.0,4.7,100.0,0,0,8.1803738317757,15.9,84.50654205607478,3.086355140186916,11.3,5,Intermediate,Wheel Loader,11,35.0,14731.0
TSK-00421,2026-09-08,OP-006,MC-003,SITE-C,Trenching,Dust Storm,Muddy,37.4,19.4,Medium,Low,Scheduled,185.0,205.0,20.0,5.3,100.0,2,1,7.787864077669902,18.2,85.38495145631067,2.90004854368932,2.1,5,Intermediate,Backhoe,5,44.1,5383.0
TSK-00422,2026-09-08,OP-007,MC-004,SITE-A,Excavation,High Wind,Hard Soil,12.0,46.4,Medium,Low,Scheduled,111.0,125.0,14.0,23.8,100.0,2,2,6.881746031746032,20.8,86.46904761904763,2.9657936507936506,1.0,12,Advanced,Excavator,10,35.0,11223.0
TSK-00423,2026-09-08,OP-008,MC-003,SITE-C,Trenching,Rain,Hard Soil,21.3,61.1,High,Medium,Scheduled,144.0,149.0,5.0,3.3,0.0,0,1,7.841333333333334,15.5,84.53866666666666,2.8373333333333335,9.1,9,Advanced,Backhoe,5,44.1,5383.0
TSK-00424,2026-09-08,OP-008,MC-005,SITE-D,Material Loading,Clear,Rocky,30.5,99.5,Low,High,Scheduled,76.0,74.0,-2.0,4.0,100.0,3,1,8.036000000000001,14.2,84.14666666666666,3.0155999999999996,4.2,9,Advanced,Wheel Loader,11,35.0,14731.0
TSK-00425,2026-09-08,OP-008,MC-003,SITE-C,Trenching,Clear,Soft Soil,19.7,98.4,Medium,Medium,Scheduled,99.0,97.0,-2.0,4.1,100.0,0,0,8.024489795918367,15.0,86.00204081632654,3.177857142857143,5.0,9,Advanced,Backhoe,5,44.1,5383.0
TSK-00426,2026-09-08,OP-009,MC-001,SITE-D,Excavation,Clear,Soft Soil,25.8,77.2,Medium,Medium,Scheduled,75.0,84.0,9.0,4.7,100.0,2,2,7.890588235294119,15.3,85.28470588235294,3.2638823529411765,4.7,4,Intermediate,Wheel Loader,3,60.2,3118.0
TSK-00427,2026-09-08,OP-009,MC-008,SITE-B,Material Loading,Clear,Muddy,22.9,72.3,Low,High,Scheduled,70.0,75.0,5.0,9.2,100.0,0,0,7.3618421052631575,13.3,84.72236842105262,2.8401315789473682,5.0,4,Intermediate,Excavator,10,35.0,11262.0
TSK-00428,2026-09-08,OP-010,MC-009,SITE-D,Trenching,Dust Storm,Soft Soil,13.9,45.2,Medium,Low,Scheduled,123.0,131.0,8.0,6.1,100.0,3,0,7.790909090909092,16.4,85.13030303030304,3.0328787878787877,2.0,8,Advanced,Wheel Loader,6,36.1,6061.0
TSK-00429,2026-09-08,OP-010,MC-002,SITE-D,Trenching,Clear,Soft Soil,30.9,80.6,High,Low,Scheduled,100.0,80.0,-20.0,6.2,100.0,1,0,7.09753086419753,13.7,84.87777777777778,2.8256790123456788,2.3,8,Advanced,Bulldozer,4,70.8,5138.0
TSK-00430,2026-09-08,OP-010,MC-002,SITE-D,Excavation,Clear,Soft Soil,29.1,100.0,High,High,Scheduled,101.0,87.0,-14.0,3.4,100.0,3,0,7.144318181818182,17.0,85.73522727272727,2.7401136363636365,2.8,8,Advanced,Bulldozer,4,70.8,5138.0
TSK-00431,2026-09-08,OP-011,MC-006,SITE-D,Excavation,High Wind,Rocky,26.4,28.6,High,High,Scheduled,120.0,172.0,52.0,22.5,0.0,0,1,6.354335260115606,14.8,83.28034682080924,2.9739306358381503,5.0,4,Intermediate,Bulldozer,7,46.4,9831.0
TSK-00432,2026-09-08,OP-012,MC-008,SITE-C,Excavation,Rain,Soft Soil,15.5,79.5,Medium,Low,Scheduled,92.0,98.0,6.0,5.1,100.0,2,0,8.254545454545456,14.0,84.79191919191919,2.8776767676767676,2.4,4,Intermediate,Excavator,10,35.0,11262.0
TSK-00433,2026-09-08,OP-012,MC-007,SITE-C,Demolition,Clear,Rocky,30.7,94.2,Low,Low,Scheduled,188.0,199.0,11.0,6.5,100.0,2,0,7.1354999999999995,15.7,85.17399999999999,2.8948,2.0,4,Intermediate,Backhoe,10,37.7,9166.0
TSK-00434,2026-09-08,OP-012,MC-008,SITE-B,Excavation,Clear,Muddy,33.2,100.0,Low,Low,Scheduled,106.0,105.0,-1.0,5.7,100.0,0,0,7.660377358490566,17.5,84.39999999999999,2.825188679245283,5.4,4,Intermediate,Excavator,10,35.0,11262.0
TSK-00435,2026-09-08,OP-013,MC-009,SITE-D,Material Loading,Clear,Hard Soil,28.4,68.0,Low,High,Scheduled,54.0,55.0,1.0,5.4,100.0,1,1,7.378571428571428,13.9,85.49821428571428,3.06875,4.2,6,Intermediate,Wheel Loader,6,36.1,6061.0
TSK-00436,2026-09-08,OP-014,MC-002,SITE-D,Trenching,Clear,Hard Soil,21.6,100.0,Low,High,Scheduled,122.0,134.0,12.0,5.9,100.0,1,0,7.685185185185185,19.2,84.93629629629629,3.0871851851851853,4.5,0,Beginner,Bulldozer,4,70.8,5138.0
TSK-00437,2026-09-08,OP-015,MC-005,SITE-D,Demolition,High Wind,Hard Soil,16.5,68.8,Low,High,Scheduled,145.0,169.0,24.0,3.5,100.0,0,0,8.135294117647058,14.8,85.74823529411765,3.034,10.9,0,Beginner,Wheel Loader,11,35.0,14731.0
TSK-00438,2026-09-08,OP-015,MC-006,SITE-C,Trenching,Clear,Muddy,23.7,64.5,High,Medium,Scheduled,155.0,175.0,20.0,6.2,100.0,1,0,7.379545454545454,15.1,85.2215909090909,2.944545454545455,2.6,0,Beginner,Bulldozer,7,46.4,9831.0
TSK-00439,2026-09-08,OP-015,MC-008,SITE-D,Trenching,Dust Storm,Hard Soil,21.7,11.7,Medium,Medium,Scheduled,150.0,188.0,38.0,4.2,100.0,0,0,7.8957671957671955,15.7,84.45925925925926,2.9209523809523805,13.4,0,Beginner,Excavator,10,35.0,11262.0
TSK-00440,2026-09-09,OP-001,MC-007,SITE-B,Material Loading,Clear,Rocky,15.5,74.1,High,Low,Scheduled,68.0,75.0,7.0,6.6,100.0,1,0,7.260526315789473,15.5,83.37105263157895,3.2336842105263157,3.5,7,Intermediate,Backhoe,10,37.7,9166.0
TSK-00441,2026-09-09,OP-002,MC-007,SITE-A,Demolition,Rain,Muddy,22.7,71.1,High,High,Scheduled,173.0,229.0,56.0,23.0,100.0,0,0,6.283478260869566,16.8,84.95913043478261,3.112782608695652,9.3,5,Intermediate,Backhoe,10,37.7,9166.0
TSK-00442,2026-09-09,OP-002,MC-004,SITE-C,Excavation,Dust Storm,Muddy,26.9,30.8,Low,Medium,Scheduled,114.0,133.0,19.0,20.9,100.0,0,0,6.859701492537313,15.6,85.38432835820896,2.6711194029850747,10.6,5,Intermediate,Excavator,10,35.0,11223.0
TSK-00443,2026-09-09,OP-003,MC-005,SITE-A,Material Loading,Rain,Hard Soil,17.1,47.8,High,Low,Scheduled,55.0,61.0,6.0,3.2,100.0,1,1,7.566129032258065,14.0,86.26129032258065,2.8951612903225805,4.1,8,Advanced,Wheel Loader,11,35.0,14731.0
TSK-00444,2026-09-09,OP-004,MC-009,SITE-C,Material Loading,Clear,Soft Soil,28.7,82.5,Medium,High,Scheduled,53.0,48.0,-5.0,0.0,0.0,0,1,8.257142857142858,14.1,86.11836734693878,2.686734693877551,15.2,12,Advanced,Wheel Loader,6,36.1,6061.0
TSK-00445,2026-09-09,OP-005,MC-008,SITE-D,Excavation,Clear,Rocky,33.3,67.8,High,High,Scheduled,114.0,130.0,16.0,6.1,100.0,0,0,7.6541984732824435,16.0,85.28473282442748,3.003511450381679,14.5,5,Intermediate,Excavator,10,35.0,11262.0
TSK-00446,2026-09-09,OP-006,MC-006,SITE-A,Grading,Clear,Rocky,15.3,96.1,High,Low,Scheduled,104.0,98.0,-6.0,5.1,100.0,2,1,7.491919191919193,14.4,85.24444444444445,2.8177777777777777,3.6,5,Intermediate,Bulldozer,7,46.4,9831.0
TSK-00447,2026-09-09,OP-006,MC-006,SITE-C,Grading,Rain,Hard Soil,19.3,60.2,Low,High,Scheduled,90.0,100.0,10.0,4.0,100.0,1,0,7.889108910891089,16.4,86.52277227722772,2.943960396039604,3.2,5,Intermediate,Bulldozer,7,46.4,9831.0
TSK-00448,2026-09-09,OP-007,MC-008,SITE-B,Trenching,High Wind,Soft Soil,16.9,60.4,Low,High,Scheduled,129.0,130.0,1.0,27.5,100.0,0,0,6.117557251908397,16.0,85.10152671755725,2.873587786259542,6.4,12,Advanced,Excavator,10,35.0,11262.0
TSK-00449,2026-09-09,OP-008,MC-008,SITE-A,Excavation,Clear,Hard Soil,15.8,82.9,Medium,High,Scheduled,86.0,74.0,-12.0,5.3,100.0,2,0,8.148,16.9,84.79866666666666,3.139333333333333,4.7,9,Advanced,Excavator,10,35.0,11262.0
TSK-00450,2026-09-09,OP-008,MC-002,SITE-A,Trenching,Rain,Rocky,21.9,70.2,High,Low,Scheduled,154.0,155.0,1.0,1.9,100.0,3,1,7.728205128205127,17.0,86.10064102564102,3.0375641025641027,3.4,9,Advanced,Bulldozer,4,70.8,5138.0
TSK-00451,2026-09-09,OP-009,MC-004,SITE-B,Demolition,High Wind,Soft Soil,22.7,55.3,Low,Low,Scheduled,136.0,140.0,4.0,5.0,100.0,0,0,7.137588652482269,15.4,85.02765957446809,3.1045390070921988,10.9,4,Intermediate,Excavator,10,35.0,11223.0
TSK-00452,2026-09-09,OP-009,MC-002,SITE-C,Grading,Clear,Rocky,17.1,69.8,High,High,Scheduled,110.0,108.0,-2.0,0.9,100.0,0,0,8.073394495412844,14.9,84.30183486238532,2.9929357798165137,8.8,4,Intermediate,Bulldozer,4,70.8,5138.0
TSK-00453,2026-09-09,OP-010,MC-006,SITE-A,Grading,Rain,Muddy,19.9,61.1,High,Low,Scheduled,90.0,96.0,6.0,4.1,100.0,1,0,7.723711340206186,14.9,86.14948453608247,2.8554639175257734,4.1,8,Advanced,Bulldozer,7,46.4,9831.0
TSK-00454,2026-09-09,OP-011,MC-003,SITE-D,Trenching,High Wind,Soft Soil,19.8,56.3,Low,Medium,Scheduled,106.0,138.0,32.0,23.7,100.0,2,2,6.3158273381294965,16.1,85.64100719424461,3.023525179856115,2.5,4,Intermediate,Backhoe,5,44.1,5383.0
TSK-00455,2026-09-09,OP-011,MC-008,SITE-D,Grading,Clear,Rocky,24.1,72.3,Medium,High,Scheduled,99.0,129.0,30.0,23.1,100.0,0,0,6.469230769230769,15.9,84.4076923076923,2.9301538461538463,5.2,4,Intermediate,Excavator,10,35.0,11262.0
TSK-00456,2026-09-09,OP-012,MC-007,SITE-A,Trenching,Clear,Hard Soil,30.5,86.5,High,High,Scheduled,116.0,121.0,5.0,4.9,100.0,1,0,7.761475409836065,16.6,84.84180327868853,2.85016393442623,4.5,4,Intermediate,Backhoe,10,37.7,9166.0
TSK-00457,2026-09-09,OP-013,MC-003,SITE-A,Excavation,Rain,Hard Soil,16.5,44.9,Medium,Low,Scheduled,124.0,150.0,26.0,5.3,0.0,0,1,8.042384105960265,15.3,85.0364238410596,2.85953642384106,6.4,6,Intermediate,Backhoe,5,44.1,5383.0
TSK-00458,2026-09-09,OP-013,MC-004,SITE-C,Material Loading,Clear,Hard Soil,21.1,72.5,Low,Low,Scheduled,55.0,55.0,0.0,8.9,100.0,0,0,6.514285714285714,13.7,84.81428571428572,2.9892857142857143,5.0,6,Intermediate,Excavator,10,35.0,11223.0
TSK-00459,2026-09-09,OP-013,MC-001,SITE-D,Demolition,Rain,Soft Soil,21.3,32.9,Low,High,Scheduled,117.0,115.0,-2.0,1.7,100.0,0,0,7.526724137931034,14.8,84.14741379310345,3.0395689655172413,11.3,6,Intermediate,Wheel Loader,3,60.2,3118.0
TSK-00460,2026-09-09,OP-014,MC-007,SITE-C,Demolition,Rain,Rocky,30.3,77.4,Low,Medium,Scheduled,178.0,218.0,40.0,5.0,100.0,0,0,8.161187214611871,16.6,85.39497716894977,3.134474885844749,5.8,0,Beginner,Backhoe,10,37.7,9166.0
TSK-00461,2026-09-09,OP-015,MC-005,SITE-A,Grading,Clear,Hard Soil,26.0,72.8,High,High,Scheduled,92.0,108.0,16.0,5.5,100.0,1,0,7.462385321100917,14.9,83.65871559633027,3.1302752293577982,2.9,0,Beginner,Wheel Loader,11,35.0,14731.0
TSK-00462,2026-09-09,OP-015,MC-009,SITE-C,Demolition,High Wind,Soft Soil,16.8,63.1,Medium,High,Scheduled,117.0,111.0,-6.0,5.4,100.0,1,0,7.577678571428572,13.4,86.59285714285714,3.0437499999999997,2.1,0,Beginner,Wheel Loader,6,36.1,6061.0
TSK-00463,2026-09-09,OP-015,MC-002,SITE-D,Material Loading,Clear,Soft Soil,26.4,77.2,Low,High,Scheduled,41.0,48.0,7.0,4.1,100.0,0,0,8.089795918367347,13.7,84.97755102040816,3.080612244897959,14.7,0,Beginner,Bulldozer,4,70.8,5138.0
TSK-00464,2026-09-10,OP-001,MC-003,SITE-B,Grading,Clear,Rocky,20.3,68.0,Low,High,Scheduled,81.0,69.0,-12.0,7.1,100.0,0,0,7.725714285714285,15.9,86.09428571428572,2.8917142857142855,8.6,7,Intermediate,Backhoe,5,44.1,5383.0
TSK-00465,2026-09-10,OP-002,MC-007,SITE-A,Material Loading,Clear,Soft Soil,24.6,92.7,Low,Medium,Scheduled,48.0,59.0,11.0,23.3,100.0,0,0,6.288333333333333,16.6,84.075,2.8953333333333333,8.9,5,Intermediate,Backhoe,10,37.7,9166.0
TSK-00466,2026-09-10,OP-002,MC-009,SITE-C,Excavation,Clear,Hard Soil,28.2,97.6,Low,Low,Scheduled,99.0,117.0,18.0,21.2,100.0,0,0,5.86864406779661,13.6,84.36271186440678,3.1710169491525426,8.3,5,Intermediate,Wheel Loader,6,36.1,6061.0
TSK-00467,2026-09-10,OP-002,MC-005,SITE-C,Demolition,Clear,Rocky,25.1,87.3,Medium,High,Scheduled,171.0,229.0,58.0,18.7,100.0,1,1,6.668695652173913,15.7,83.92478260869565,2.9890000000000003,2.7,5,Intermediate,Wheel Loader,11,35.0,14731.0
TSK-00468,2026-09-10,OP-003,MC-003,SITE-C,Excavation,High Wind,Hard Soil,11.3,56.1,Low,Medium,Scheduled,128.0,134.0,6.0,5.9,100.0,2,0,7.253333333333334,15.0,85.36814814814815,2.977777777777778,3.8,8,Advanced,Backhoe,5,44.1,5383.0
TSK-00469,2026-09-10,OP-003,MC-006,SITE-C,Trenching,Clear,Rocky,26.8,81.8,Low,Low,Scheduled,125.0,110.0,-15.0,7.2,100.0,2,0,7.625225225225225,15.3,85.94954954954954,2.9523423423423423,4.2,8,Advanced,Bulldozer,7,46.4,9831.0
TSK-00470,2026-09-10,OP-004,MC-002,SITE-A,Demolition,Dust Storm,Hard Soil,36.4,35.9,Medium,High,Scheduled,179.0,161.0,-18.0,1.9,100.0,2,0,8.207407407407407,16.3,86.01172839506172,3.0797530864197533,2.6,12,Advanced,Bulldozer,4,70.8,5138.0
TSK-00471,2026-09-10,OP-005,MC-010,SITE-A,Demolition,Dust Storm,Soft Soil,21.6,11.2,High,High,Scheduled,146.0,180.0,34.0,2.2,100.0,3,1,7.991160220994476,17.3,84.6171270718232,2.9989502762430935,2.7,5,Intermediate,Bulldozer,9,35.0,10882.0
TSK-00472,2026-09-10,OP-006,MC-003,SITE-B,Demolition,Clear,Hard Soil,28.7,93.1,Medium,Low,Scheduled,162.0,182.0,20.0,2.7,100.0,0,0,8.06120218579235,16.2,84.93060109289617,2.911967213114754,5.2,5,Intermediate,Backhoe,5,44.1,5383.0
TSK-00473,2026-09-10,OP-006,MC-008,SITE-D,Trenching,Clear,Soft Soil,27.1,91.0,Medium,High,Scheduled,110.0,105.0,-5.0,1.9,100.0,0,0,7.90566037735849,14.9,83.93113207547171,2.897452830188679,9.7,5,Intermediate,Excavator,10,35.0,11262.0
TSK-00474,2026-09-10,OP-006,MC-003,SITE-B,Demolition,Dust Storm,Hard Soil,37.9,20.1,Low,Low,Scheduled,184.0,183.0,-1.0,4.9,100.0,1,0,7.510869565217392,17.7,85.44184782608696,3.1350000000000002,4.7,5,Intermediate,Backhoe,5,44.1,5383.0
TSK-00475,2026-09-10,OP-007,MC-001,SITE-D,Grading,High Wind,Soft Soil,23.7,53.1,High,Low,Scheduled,74.0,89.0,15.0,17.8,100.0,2,1,6.9366666666666665,14.7,85.71555555555555,2.965666666666667,4.8,12,Advanced,Wheel Loader,3,60.2,3118.0
TSK-00476,2026-09-10,OP-008,MC-002,SITE-C,Excavation,Clear,Muddy,23.4,90.9,Low,Low,Scheduled,119.0,117.0,-2.0,5.9,100.0,0,0,7.322033898305085,13.2,85.94830508474575,3.0527966101694917,11.1,9,Advanced,Bulldozer,4,70.8,5138.0
TSK-00477,2026-09-10,OP-009,MC-010,SITE-C,Trenching,Clear,Hard Soil,19.3,83.5,Medium,Low,Scheduled,115.0,121.0,6.0,6.6,100.0,0,0,7.140983606557377,16.0,85.5877049180328,3.0408196721311476,9.2,4,Intermediate,Bulldozer,9,35.0,10882.0
TSK-00478,2026-09-10,OP-009,MC-005,SITE-C,Demolition,Clear,Hard Soil,20.8,67.9,Low,High,Scheduled,129.0,137.0,8.0,7.2,100.0,0,0,7.760869565217392,14.4,85.46666666666667,2.9742028985507245,12.1,4,Intermediate,Wheel Loader,11,35.0,14731.0
TSK-00479,2026-09-10,OP-010,MC-001,SITE-B,Excavation,Clear,Hard Soil,29.2,88.6,Medium,Low,Scheduled,107.0,108.0,1.0,8.3,100.0,2,0,7.747706422018348,16.1,85.77155963302752,3.187889908256881,2.2,8,Advanced,Wheel Loader,3,60.2,3118.0
TSK-00480,2026-09-10,OP-011,MC-002,SITE-B,Grading,Clear,Soft Soil,24.8,67.9,Medium,Medium,Scheduled,79.0,91.0,12.0,27.2,100.0,1,1,6.281521739130435,21.3,84.95434782608696,3.1625,5.8,4,Intermediate,Bulldozer,4,70.8,5138.0
TSK-00481,2026-09-10,OP-012,MC-004,SITE-B,Excavation,Clear,Muddy,22.4,89.6,Low,High,Scheduled,124.0,125.0,1.0,7.9,100.0,0,0,7.4523809523809526,16.8,86.5452380952381,2.8604761904761906,11.9,4,Intermediate,Excavator,10,35.0,11223.0
TSK-00482,2026-09-10,OP-012,MC-007,SITE-B,Demolition,Clear,Soft Soil,27.4,91.1,Low,Medium,Scheduled,139.0,162.0,23.0,4.3,100.0,1,0,7.9006134969325155,15.6,85.19447852760737,2.9078527607361964,3.0,4,Intermediate,Backhoe,10,37.7,9166.0
TSK-00483,2026-09-10,OP-012,MC-010,SITE-B,Demolition,Clear,Muddy,33.3,100.0,High,High,Scheduled,165.0,183.0,18.0,7.1,100.0,2,0,7.29945652173913,15.5,85.5163043478261,2.9139673913043476,2.7,4,Intermediate,Bulldozer,9,35.0,10882.0
TSK-00484,2026-09-10,OP-013,MC-009,SITE-A,Trenching,Clear,Muddy,12.6,67.9,Medium,Low,Scheduled,134.0,156.0,22.0,2.5,100.0,0,0,8.05796178343949,15.1,84.85923566878981,3.0338216560509554,9.0,6,Intermediate,Wheel Loader,6,36.1,6061.0
TSK-00485,2026-09-10,OP-013,MC-008,SITE-C,Trenching,Clear,Rocky,28.2,75.4,Medium,Low,Scheduled,138.0,140.0,2.0,4.3,100.0,3,1,7.690780141843972,15.1,85.04964539007092,2.9556737588652484,1.6,6,Intermediate,Excavator,10,35.0,11262.0
TSK-00486,2026-09-10,OP-014,MC-010,SITE-B,Grading,Clear,Muddy,30.0,93.2,Medium,Medium,Scheduled,84.0,99.0,15.0,3.0,100.0,1,1,7.946000000000001,16.8,84.92299999999999,3.0032,4.0,0,Beginner,Bulldozer,9,35.0,10882.0
TSK-00487,2026-09-10,OP-015,MC-002,SITE-A,Demolition,Clear,Hard Soil,15.5,86.3,High,High,Scheduled,142.0,139.0,-3.0,6.4,100.0,3,0,7.668571428571428,14.0,85.36214285714286,3.0575,3.0,0,Beginner,Bulldozer,4,70.8,5138.0
TSK-00488,2026-09-11,OP-001,MC-007,SITE-D,Demolition,Clear,Soft Soil,23.6,79.9,Medium,High,Scheduled,128.0,145.0,17.0,2.1,100.0,2,0,8.001369863013698,15.4,85.97739726027397,2.918767123287671,2.5,7,Intermediate,Backhoe,10,37.7,9166.0
TSK-00489,2026-09-11,OP-001,MC-003,SITE-A,Trenching,Clear,Rocky,23.2,67.5,High,Medium,Scheduled,149.0,156.0,7.0,8.3,100.0,3,1,7.5681528662420385,15.4,84.72101910828026,2.9228662420382165,1.8,7,Intermediate,Backhoe,5,44.1,5383.0
TSK-00490,2026-09-11,OP-001,MC-010,SITE-C,Demolition,Clear,Soft Soil,15.0,78.4,Low,Medium,Scheduled,131.0,154.0,23.0,2.6,100.0,2,1,7.718709677419356,17.5,84.65483870967742,2.9856129032258063,4.5,7,Intermediate,Bulldozer,9,35.0,10882.0
TSK-00491,2026-09-11,OP-002,MC-004,SITE-C,Demolition,Clear,Muddy,26.9,100.0,Low,High,Scheduled,142.0,191.0,49.0,22.9,100.0,0,0,6.422395833333333,15.7,85.67395833333335,3.102239583333333,13.4,5,Intermediate,Excavator,10,35.0,11223.0
TSK-00492,2026-09-11,OP-002,MC-010,SITE-C,Grading,Rain,Muddy,27.2,73.0,Low,Low,Scheduled,92.0,100.0,8.0,24.8,100.0,3,3,6.594059405940594,17.8,86.13168316831683,2.9335643564356437,1.6,5,Intermediate,Bulldozer,9,35.0,10882.0
TSK-00493,2026-09-11,OP-002,MC-002,SITE-C,Material Loading,Clear,Muddy,29.2,84.0,High,High,Scheduled,59.0,71.0,12.0,31.9,100.0,0,0,5.601388888888889,14.8,84.57222222222222,3.0693055555555557,15.3,5,Intermediate,Bulldozer,4,70.8,5138.0
TSK-00494,2026-09-11,OP-003,MC-010,SITE-B,Grading,Dust Storm,Soft Soil,38.6,10.5,Medium,Medium,Scheduled,88.0,87.0,-1.0,2.3,100.0,0,0,8.343181818181819,15.6,85.35795454545455,2.8376136363636366,12.2,8,Advanced,Bulldozer,9,35.0,10882.0
TSK-00495,2026-09-11,OP-003,MC-005,SITE-A,Excavation,Clear,Soft Soil,21.0,70.2,High,Low,Scheduled,98.0,106.0,8.0,5.6,100.0,2,0,8.574766355140186,15.1,85.40934579439252,2.8409345794392524,2.1,8,Advanced,Wheel Loader,11,35.0,14731.0
TSK-00496,2026-09-11,OP-003,MC-006,SITE-C,Demolition,Clear,Soft Soil,12.9,72.2,Low,High,Scheduled,120.0,127.0,7.0,2.3,100.0,1,0,7.90234375,15.5,85.959375,3.044921875,4.3,8,Advanced,Bulldozer,7,46.4,9831.0
TSK-00497,2026-09-11,OP-004,MC-005,SITE-A,Trenching,High Wind,Hard Soil,21.8,66.1,Medium,High,Scheduled,129.0,120.0,-9.0,5.8,0.0,1,1,7.971074380165289,15.6,84.90165289256198,2.9062809917355374,5.2,12,Advanced,Wheel Loader,11,35.0,14731.0
TSK-00498,2026-09-11,OP-004,MC-007,SITE-C,Demolition,Clear,Hard Soil,27.0,85.9,Low,Medium,Scheduled,151.0,127.0,-24.0,6.2,0.0,2,1,7.440625,14.6,83.12265625,3.04765625,1.9,12,Advanced,Backhoe,10,37.7,9166.0
TSK-00499,2026-09-11,OP-005,MC-008,SITE-A,Material Loading,High Wind,Soft Soil,14.3,50.7,High,Low,Scheduled,62.0,65.0,3.0,6.1,100.0,2,0,7.633333333333334,14.9,84.98333333333333,3.160757575757576,4.6,5,Intermediate,Excavator,10,35.0,11262.0
TSK-00500,2026-09-11,OP-006,MC-002,SITE-A,Demolition,High Wind,Rocky,25.1,98.8,High,Medium,Scheduled,205.0,244.0,39.0,5.7,100.0,0,0,7.648979591836735,15.9,84.55836734693877,2.8920408163265305,5.0,5,Intermediate,Bulldozer,4,70.8,5138.0
TSK-00501,2026-09-11,OP-007,MC-006,SITE-B,Trenching,Rain,Hard Soil,21.4,54.7,High,Low,Scheduled,130.0,151.0,21.0,14.5,100.0,2,1,6.857236842105263,24.7,84.91973684210525,2.9017763157894736,5.1,12,Advanced,Bulldozer,7,46.4,9831.0
TSK-00502,2026-09-11,OP-007,MC-003,SITE-A,Excavation,Clear,Rocky,21.7,72.9,High,High,Scheduled,139.0,162.0,23.0,28.8,100.0,1,0,5.747239263803681,16.4,84.85337423312883,2.932085889570552,3.0,12,Advanced,Backhoe,5,44.1,5383.0
TSK-00503,2026-09-11,OP-008,MC-005,SITE-D,Grading,High Wind,Muddy,30.5,70.4,High,High,Scheduled,117.0,119.0,2.0,4.2,100.0,0,0,7.860833333333333,15.3,84.82916666666667,3.033583333333333,10.9,9,Advanced,Wheel Loader,11,35.0,14731.0
TSK-00504,2026-09-11,OP-008,MC-005,SITE-D,Trenching,Dust Storm,Soft Soil,25.1,37.0,Low,Medium,Scheduled,119.0,127.0,8.0,7.0,100.0,0,0,7.59921875,16.7,84.70546875,2.96390625,11.2,9,Advanced,Wheel Loader,11,35.0,14731.0
TSK-00505,2026-09-11,OP-009,MC-004,SITE-B,Material Loading,Dust Storm,Muddy,16.3,24.8,Medium,Medium,Scheduled,70.0,75.0,5.0,2.6,100.0,2,0,6.938157894736841,13.3,85.125,3.0747368421052634,5.3,4,Intermediate,Excavator,10,35.0,11223.0
TSK-00506,2026-09-11,OP-010,MC-010,SITE-D,Excavation,Rain,Rocky,18.8,77.0,Medium,Medium,Scheduled,149.0,170.0,21.0,4.1,100.0,2,0,7.411695906432749,14.9,85.32514619883041,2.967953216374269,4.8,8,Advanced,Bulldozer,9,35.0,10882.0
TSK-00507,2026-09-11,OP-011,MC-003,SITE-C,Grading,Clear,Rocky,28.1,75.1,High,High,Scheduled,101.0,137.0,36.0,26.1,100.0,1,1,6.018840579710145,21.4,84.6876811594203,3.0590579710144925,4.4,4,Intermediate,Backhoe,5,44.1,5383.0
TSK-00508,2026-09-11,OP-011,MC-009,SITE-B,Grading,Dust Storm,Hard Soil,24.8,49.0,Low,Low,Scheduled,81.0,108.0,27.0,31.2,100.0,3,1,5.69908256880734,24.5,85.46238532110091,2.83651376146789,2.9,4,Intermediate,Wheel Loader,6,36.1,6061.0
TSK-00509,2026-09-11,OP-012,MC-006,SITE-A,Demolition,Rain,Muddy,28.1,69.8,Low,Medium,Scheduled,171.0,183.0,12.0,3.3,100.0,0,0,7.7853260869565215,16.6,84.87608695652175,2.9300543478260868,12.5,4,Intermediate,Bulldozer,7,46.4,9831.0
TSK-00510,2026-09-11,OP-013,MC-004,SITE-C,Trenching,Clear,Rocky,27.3,67.3,Low,Low,Scheduled,119.0,118.0,-1.0,3.4,100.0,1,0,7.951260504201681,16.2,84.92268907563025,2.9536134453781515,3.8,6,Intermediate,Excavator,10,35.0,11223.0
TSK-00511,2026-09-11,OP-013,MC-005,SITE-A,Trenching,Clear,Muddy,28.1,67.7,High,High,Scheduled,132.0,149.0,17.0,4.7,100.0,1,0,7.966,15.7,85.27,3.09,6.2,6,Intermediate,Wheel Loader,11,35.0,14731.0
TSK-00512,2026-09-11,OP-014,MC-004,SITE-D,Material Loading,High Wind,Muddy,33.3,66.2,Medium,High,Scheduled,67.0,74.0,7.0,1.3,100.0,0,0,7.6946666666666665,13.9,85.12533333333333,3.010266666666667,12.2,0,Beginner,Excavator,10,35.0,11223.0
TSK-00513,2026-09-11,OP-015,MC-003,SITE-D,Material Loading,Clear,Rocky,26.8,70.9,Medium,Medium,Scheduled,50.0,53.0,3.0,0.0,100.0,0,0,8.231481481481481,14.0,84.02592592592592,2.8794444444444447,12.2,0,Beginner,Backhoe,5,44.1,5383.0
TSK-00514,2026-09-12,OP-001,MC-001,SITE-C,Trenching,Clear,Muddy,24.1,83.5,Low,Medium,Scheduled,133.0,128.0,-5.0,7.0,100.0,0,0,7.510077519379845,15.0,85.4906976744186,2.9131782945736435,8.0,7,Intermediate,Wheel Loader,3,60.2,3118.0
TSK-00515,2026-09-12,OP-001,MC-001,SITE-B,Excavation,Clear,Hard Soil,16.1,65.7,Medium,Low,Scheduled,86.0,82.0,-4.0,4.8,100.0,0,0,7.8,17.4,83.9301204819277,2.918313253012048,8.6,7,Intermediate,Wheel Loader,3,60.2,3118.0
TSK-00516,2026-09-12,OP-001,MC-002,SITE-B,Trenching,Dust Storm,Hard Soil,32.4,31.1,High,High,Scheduled,122.0,119.0,-3.0,5.8,100.0,1,0,7.757499999999999,14.4,86.65916666666666,3.008,4.5,7,Intermediate,Bulldozer,4,70.8,5138.0
TSK-00517,2026-09-12,OP-002,MC-006,SITE-D,Trenching,Clear,Soft Soil,27.5,90.6,Low,Low,Scheduled,111.0,130.0,19.0,25.2,100.0,1,0,6.2854961832061065,17.3,83.48778625954198,2.857557251908397,2.0,5,Intermediate,Bulldozer,7,46.4,9831.0
TSK-00518,2026-09-12,OP-002,MC-001,SITE-B,Excavation,Dust Storm,Muddy,27.6,43.7,Medium,Medium,Scheduled,138.0,189.0,51.0,25.8,100.0,1,0,6.057894736842106,16.3,84.91894736842106,3.0100526315789473,5.0,5,Intermediate,Wheel Loader,3,60.2,3118.0
TSK-00519,2026-09-12,OP-003,MC-003,SITE-C,Material Loading,Clear,Rocky,23.2,77.1,Low,High,Scheduled,72.0,78.0,6.0,2.5,100.0,0,0,7.341772151898734,14.4,84.9873417721519,3.0982278481012657,6.9,8,Advanced,Backhoe,5,44.1,5383.0
TSK-00520,2026-09-12,OP-003,MC-008,SITE-B,Material Loading,Clear,Hard Soil,20.1,72.0,Medium,Low,Scheduled,52.0,46.0,-6.0,10.6,100.0,0,0,7.272340425531915,14.2,86.84468085106383,3.1917021276595743,14.5,8,Advanced,Excavator,10,35.0,11262.0
TSK-00521,2026-09-12,OP-004,MC-003,SITE-C,Grading,Clear,Hard Soil,37.6,87.4,Medium,Medium,Scheduled,68.0,51.0,-17.0,1.9,100.0,0,0,7.630769230769231,15.6,85.40576923076924,2.7409615384615384,12.8,12,Advanced,Backhoe,5,44.1,5383.0
TSK-00522,2026-09-12,OP-004,MC-003,SITE-D,Excavation,Dust Storm,Soft Soil,38.2,50.1,Low,Medium,Scheduled,105.0,108.0,3.0,1.8,100.0,0,0,7.419266055045872,14.0,85.43027522935779,2.9905504587155964,13.4,12,Advanced,Backhoe,5,44.1,5383.0
TSK-00523,2026-09-12,OP-004,MC-001,SITE-C,Demolition,Rain,Rocky,22.1,61.8,Medium,Medium,Scheduled,170.0,154.0,-16.0,3.9,100.0,3,0,7.088387096774194,13.8,85.12516129032258,3.0301935483870968,3.4,12,Advanced,Wheel Loader,3,60.2,3118.0
TSK-00524,2026-09-12,OP-005,MC-007,SITE-D,Excavation,Clear,Hard Soil,11.9,76.9,Low,High,Scheduled,96.0,99.0,3.0,5.0,100.0,0,0,7.39,13.5,86.399,2.7651,12.5,5,Intermediate,Backhoe,10,37.7,9166.0
TSK-00525,2026-09-12,OP-005,MC-005,SITE-A,Excavation,Clear,Muddy,16.3,82.8,Low,Medium,Scheduled,113.0,107.0,-6.0,2.8,100.0,3,0,7.7555555555555555,15.3,85.06851851851852,2.849814814814815,1.8,5,Intermediate,Wheel Loader,11,35.0,14731.0
TSK-00526,2026-09-12,OP-006,MC-008,SITE-A,Excavation,Clear,Hard Soil,23.8,98.0,High,Medium,Scheduled,97.0,110.0,13.0,9.0,100.0,2,0,7.8432432432432435,14.3,84.71261261261262,3.037297297297297,2.2,5,Intermediate,Excavator,10,35.0,11262.0
TSK-00527,2026-09-12,OP-007,MC-003,SITE-B,Grading,Rain,Muddy,24.3,54.7,Low,Medium,Scheduled,106.0,115.0,9.0,24.1,100.0,1,1,6.342241379310345,16.4,85.03017241379311,3.139741379310345,2.3,12,Advanced,Backhoe,5,44.1,5383.0
TSK-00528,2026-09-12,OP-008,MC-010,SITE-D,Demolition,High Wind,Rocky,19.2,83.7,Medium,High,Scheduled,164.0,179.0,15.0,3.3,100.0,0,0,7.468888888888889,13.8,84.86611111111111,3.032222222222222,13.0,9,Advanced,Bulldozer,9,35.0,10882.0
TSK-00529,2026-09-12,OP-008,MC-001,SITE-D,Demolition,Rain,Muddy,18.2,65.4,Medium,Medium,Scheduled,173.0,164.0,-9.0,1.8,100.0,0,0,8.136969696969697,18.1,85.26848484848485,2.980969696969697,9.0,9,Advanced,Wheel Loader,3,60.2,3118.0
TSK-00530,2026-09-12,OP-008,MC-001,SITE-D,Trenching,Clear,Soft Soil,29.0,100.0,Medium,Medium,Scheduled,92.0,95.0,3.0,3.1,100.0,0,0,8.015625,14.3,85.21979166666667,3.0769791666666664,5.0,9,Advanced,Wheel Loader,3,60.2,3118.0
TSK-00531,2026-09-12,OP-009,MC-008,SITE-C,Material Loading,Clear,Hard Soil,15.6,70.8,Low,Medium,Scheduled,57.0,60.0,3.0,4.9,100.0,0,0,8.104918032786886,20.0,87.1344262295082,3.065409836065574,16.4,4,Intermediate,Excavator,10,35.0,11262.0
TSK-00532,2026-09-12,OP-010,MC-010,SITE-A,Demolition,Rain,Rocky,16.7,63.9,Medium,High,Scheduled,199.0,207.0,8.0,5.3,100.0,1,0,7.521634615384615,16.4,84.68509615384616,2.913894230769231,5.9,8,Advanced,Bulldozer,9,35.0,10882.0
TSK-00533,2026-09-12,OP-010,MC-002,SITE-C,Trenching,Clear,Muddy,20.4,86.6,Low,Medium,Scheduled,128.0,120.0,-8.0,5.0,100.0,1,0,7.624793388429752,15.1,84.71322314049586,2.859256198347107,3.5,8,Advanced,Bulldozer,4,70.8,5138.0
TSK-00534,2026-09-12,OP-011,MC-007,SITE-C,Demolition,Clear,Hard Soil,8.1,82.5,Medium,Medium,Scheduled,126.0,145.0,19.0,21.9,100.0,0,0,6.1438356164383565,14.1,85.10000000000001,3.046232876712329,16.4,4,Intermediate,Backhoe,10,37.7,9166.0
TSK-00535,2026-09-12,OP-012,MC-010,SITE-B,Grading,Dust Storm,Hard Soil,32.2,36.1,Low,High,Scheduled,85.0,97.0,12.0,6.1,100.0,1,0,7.844897959183673,15.2,85.34285714285714,3.2035714285714283,2.2,4,Intermediate,Bulldozer,9,35.0,10882.0
TSK-00536,2026-09-12,OP-012,MC-001,SITE-D,Grading,Clear,Muddy,25.5,98.3,Medium,Low,Scheduled,103.0,120.0,17.0,6.6,100.0,1,0,7.822314049586777,16.2,85.13471074380165,2.9895867768595044,3.6,4,Intermediate,Wheel Loader,3,60.2,3118.0
TSK-00537,2026-09-12,OP-012,MC-004,SITE-A,Material Loading,Clear,Soft Soil,22.4,91.8,Medium,High,Scheduled,48.0,43.0,-5.0,0.0,100.0,1,0,7.85,14.2,85.60227272727273,3.0072727272727273,3.5,4,Intermediate,Excavator,10,35.0,11223.0
TSK-00538,2026-09-12,OP-013,MC-009,SITE-B,Trenching,Clear,Soft Soil,21.8,75.8,Low,Medium,Scheduled,97.0,91.0,-6.0,6.5,100.0,0,0,7.028260869565218,14.0,85.36739130434783,2.8481521739130433,14.7,6,Intermediate,Wheel Loader,6,36.1,6061.0
TSK-00539,2026-09-12,OP-014,MC-002,SITE-A,Excavation,Clear,Hard Soil,20.3,95.2,Medium,Low,Scheduled,102.0,112.0,10.0,6.2,100.0,0,0,8.01061946902655,16.8,84.86637168141593,2.9242477876106197,12.2,0,Beginner,Bulldozer,4,70.8,5138.0
TSK-00540,2026-09-12,OP-014,MC-004,SITE-D,Trenching,Clear,Rocky,30.4,100.0,High,High,Scheduled,147.0,154.0,7.0,7.7,100.0,1,0,6.963225806451613,14.9,84.33548387096774,3.0121935483870965,3.5,0,Beginner,Excavator,10,35.0,11223.0
TSK-00541,2026-09-12,OP-014,MC-008,SITE-B,Grading,Clear,Muddy,23.2,90.9,Medium,Low,Scheduled,95.0,107.0,12.0,6.5,100.0,0,0,7.893518518518518,15.5,84.6787037037037,3.139722222222222,11.6,0,Beginner,Excavator,10,35.0,11262.0
TSK-00542,2026-09-12,OP-015,MC-006,SITE-A,Trenching,Clear,Hard Soil,11.1,87.1,Medium,High,Scheduled,105.0,115.0,10.0,6.0,100.0,0,0,7.160344827586207,14.3,83.40948275862068,2.9939655172413793,5.0,0,Beginner,Bulldozer,7,46.4,9831.0
TSK-00543,2026-09-12,OP-015,MC-009,SITE-A,Material Loading,Rain,Soft Soil,16.2,33.6,Medium,High,Scheduled,55.0,58.0,3.0,5.1,100.0,2,0,7.216949152542373,14.4,84.07118644067796,3.128135593220339,2.4,0,Beginner,Wheel Loader,6,36.1,6061.0
TSK-00544,2026-09-12,OP-015,MC-006,SITE-B,Trenching,High Wind,Hard Soil,15.4,69.6,Medium,Medium,Scheduled,103.0,105.0,2.0,6.6,100.0,0,0,7.662264150943397,14.1,85.32924528301886,3.006698113207547,6.6,0,Beginner,Bulldozer,7,46.4,9831.0
TSK-00545,2026-09-13,OP-001,MC-007,SITE-A,Demolition,High Wind,Muddy,19.3,46.4,Medium,High,Scheduled,151.0,171.0,20.0,6.4,100.0,0,0,7.7,16.1,85.84360465116279,3.0524999999999998,11.3,7,Intermediate,Backhoe,10,37.7,9166.0
TSK-00546,2026-09-13,OP-002,MC-005,SITE-A,Demolition,Clear,Hard Soil,29.3,99.7,High,Medium,Scheduled,140.0,180.0,40.0,22.7,100.0,0,0,6.423204419889502,16.2,84.28066298342542,3.054585635359116,7.5,5,Intermediate,Wheel Loader,11,35.0,14731.0
TSK-00547,2026-09-13,OP-002,MC-004,SITE-B,Trenching,Clear,Rocky,28.1,95.4,Medium,High,Scheduled,108.0,141.0,33.0,28.9,100.0,3,0,5.932394366197183,16.3,84.80704225352113,2.956267605633803,2.1,5,Intermediate,Excavator,10,35.0,11223.0
TSK-00548,2026-09-13,OP-003,MC-003,SITE-C,Excavation,Rain,Rocky,14.7,53.5,Low,Medium,Scheduled,144.0,148.0,4.0,3.4,100.0,1,0,7.946979865771811,14.6,85.13221476510067,3.0370469798657718,2.7,8,Advanced,Backhoe,5,44.1,5383.0
TSK-00549,2026-09-13,OP-003,MC-004,SITE-B,Material Loading,Clear,Rocky,28.8,71.6,Medium,High,Scheduled,74.0,84.0,10.0,2.4,100.0,0,0,7.971764705882353,14.5,83.33058823529412,3.190352941176471,11.0,8,Advanced,Excavator,10,35.0,11223.0
TSK-00550,2026-09-13,OP-003,MC-009,SITE-B,Trenching,Clear,Hard Soil,23.5,86.9,Low,High,Scheduled,117.0,137.0,20.0,2.9,100.0,2,0,7.87536231884058,16.9,86.47463768115942,3.1544202898550724,1.9,8,Advanced,Wheel Loader,6,36.1,6061.0
TSK-00551,2026-09-13,OP-004,MC-006,SITE-B,Demolition,Dust Storm,Rocky,44.9,69.2,Low,High,Scheduled,227.0,237.0,10.0,5.5,100.0,1,0,7.584033613445378,16.1,85.50168067226892,3.0258403361344537,2.3,12,Advanced,Bulldozer,7,46.4,9831.0
TSK-00552,2026-09-13,OP-004,MC-007,SITE-D,Demolition,Clear,Muddy,26.5,88.8,Low,Medium,Scheduled,147.0,157.0,10.0,3.8,100.0,0,0,7.453797468354431,15.8,84.96518987341773,3.1599999999999997,10.9,12,Advanced,Backhoe,10,37.7,9166.0
TSK-00553,2026-09-13,OP-004,MC-009,SITE-D,Excavation,Rain,Soft Soil,18.6,42.1,Medium,Low,Scheduled,98.0,92.0,-6.0,2.2,100.0,0,0,7.861290322580645,15.4,84.51720430107527,2.945376344086022,9.8,12,Advanced,Wheel Loader,6,36.1,6061.0
TSK-00554,2026-09-13,OP-005,MC-002,SITE-B,Excavation,Dust Storm,Hard Soil,19.6,17.8,Medium,Medium,Scheduled,120.0,130.0,10.0,6.1,100.0,1,0,7.386259541984733,17.3,86.33816793893129,3.002977099236641,2.4,5,Intermediate,Bulldozer,4,70.8,5138.0
TSK-00555,2026-09-13,OP-006,MC-008,SITE-C,Demolition,Clear,Hard Soil,23.8,100.0,Medium,Low,Scheduled,164.0,182.0,18.0,3.8,100.0,0,0,7.927868852459016,14.9,85.5535519125683,3.0509289617486344,11.5,5,Intermediate,Excavator,10,35.0,11262.0
TSK-00556,2026-09-13,OP-006,MC-004,SITE-D,Trenching,High Wind,Soft Soil,18.8,56.1,High,Medium,Scheduled,103.0,109.0,6.0,5.5,100.0,3,0,7.57,18.2,83.52181818181818,2.927909090909091,2.7,5,Intermediate,Excavator,10,35.0,11223.0
TSK-00557,2026-09-13,OP-006,MC-002,SITE-D,Demolition,Dust Storm,Soft Soil,33.5,37.5,Low,High,Scheduled,137.0,129.0,-8.0,5.4,100.0,0,0,8.01,17.3,85.60307692307693,3.0285384615384614,9.0,5,Intermediate,Bulldozer,4,70.8,5138.0
TSK-00558,2026-09-13,OP-007,MC-001,SITE-C,Demolition,Clear,Hard Soil,24.3,77.0,Low,High,Scheduled,151.0,173.0,22.0,23.6,100.0,0,0,6.266091954022988,14.4,85.06954022988506,3.052931034482759,5.0,12,Advanced,Wheel Loader,3,60.2,3118.0
TSK-00559,2026-09-13,OP-008,MC-001,SITE-B,Excavation,Clear,Muddy,36.0,86.6,High,High,Scheduled,126.0,133.0,7.0,6.0,100.0,0,0,7.342537313432835,14.1,84.24402985074627,3.04,8.3,9,Advanced,Wheel Loader,3,60.2,3118.0
TSK-00560,2026-09-13,OP-009,MC-001,SITE-D,Grading,Dust Storm,Hard Soil,25.2,25.1,Medium,High,Scheduled,81.0,86.0,5.0,2.3,100.0,0,0,7.303448275862069,15.4,85.28735632183908,3.052068965517241,10.1,4,Intermediate,Wheel Loader,3,60.2,3118.0
TSK-00561,2026-09-13,OP-009,MC-005,SITE-D,Demolition,High Wind,Rocky,13.8,46.4,High,High,Scheduled,175.0,195.0,20.0,9.2,100.0,0,0,7.264285714285714,15.7,84.38418367346938,3.1325000000000003,7.7,4,Intermediate,Wheel Loader,11,35.0,14731.0
TSK-00562,2026-09-13,OP-009,MC-002,SITE-D,Demolition,Dust Storm,Rocky,24.3,17.4,Low,High,Scheduled,198.0,201.0,3.0,4.0,100.0,0,0,7.352970297029703,17.0,83.99752475247524,2.9565841584158417,13.1,4,Intermediate,Bulldozer,4,70.8,5138.0
TSK-00563,2026-09-13,OP-010,MC-007,SITE-C,Trenching,High Wind,Muddy,23.0,73.3,Low,Medium,Scheduled,117.0,105.0,-12.0,3.8,100.0,0,0,7.445283018867925,13.6,85.6566037735849,2.909811320754717,7.3,8,Advanced,Backhoe,10,37.7,9166.0
TSK-00564,2026-09-13,OP-010,MC-007,SITE-A,Excavation,Clear,Rocky,33.2,88.4,Medium,Low,Scheduled,115.0,129.0,14.0,5.4,100.0,0,0,7.805384615384615,19.7,85.13692307692307,2.989153846153846,8.0,8,Advanced,Backhoe,10,37.7,9166.0
TSK-00565,2026-09-13,OP-011,MC-002,SITE-A,Demolition,Rain,Rocky,20.5,50.5,High,Low,Scheduled,206.0,257.0,51.0,21.3,100.0,1,0,6.7298449612403095,16.8,85.16007751937984,3.059341085271318,3.8,4,Intermediate,Bulldozer,4,70.8,5138.0
TSK-00566,2026-09-13,OP-011,MC-004,SITE-B,Grading,Clear,Hard Soil,24.5,87.7,Low,Low,Scheduled,87.0,104.0,17.0,32.4,100.0,3,1,5.814285714285714,16.6,84.73904761904762,3.136571428571428,3.7,4,Intermediate,Excavator,10,35.0,11223.0
TSK-00567,2026-09-13,OP-012,MC-004,SITE-C,Trenching,Rain,Hard Soil,20.2,66.8,Medium,High,Scheduled,142.0,165.0,23.0,4.8,100.0,0,0,7.723493975903614,14.0,84.08795180722892,3.096084337349398,5.0,4,Intermediate,Excavator,10,35.0,11223.0
TSK-00568,2026-09-13,OP-013,MC-004,SITE-A,Excavation,Rain,Muddy,15.0,49.8,High,Medium,Scheduled,131.0,152.0,21.0,5.9,100.0,1,0,7.545098039215687,17.1,85.5673202614379,2.894967320261438,3.0,6,Intermediate,Excavator,10,35.0,11223.0
TSK-00569,2026-09-13,OP-013,MC-007,SITE-A,Demolition,Dust Storm,Hard Soil,25.6,17.6,High,Medium,Scheduled,173.0,193.0,20.0,5.2,100.0,2,0,7.3278350515463915,16.6,84.92731958762887,3.0842268041237113,4.2,6,Intermediate,Backhoe,10,37.7,9166.0
TSK-00570,2026-09-13,OP-014,MC-004,SITE-C,Grading,Clear,Hard Soil,24.1,89.0,Low,Medium,Scheduled,83.0,102.0,19.0,6.8,100.0,0,0,7.589320388349515,16.6,84.3116504854369,2.886019417475728,10.1,0,Beginner,Excavator,10,35.0,11223.0
TSK-00571,2026-09-13,OP-015,MC-009,SITE-B,Grading,Clear,Muddy,23.7,69.4,Low,High,Scheduled,96.0,102.0,6.0,5.8,100.0,0,0,7.634951456310679,14.0,85.36601941747574,2.954368932038835,12.6,0,Beginner,Wheel Loader,6,36.1,6061.0
TSK-00572,2026-09-14,OP-001,MC-006,SITE-C,Grading,Clear,Muddy,18.1,78.1,Medium,High,Scheduled,88.0,92.0,4.0,6.5,100.0,2,0,7.508602150537634,15.4,85.66451612903226,2.9683870967741934,2.9,7,Intermediate,Bulldozer,7,46.4,9831.0
TSK-00573,2026-09-14,OP-001,MC-006,SITE-B,Grading,Clear,Hard Soil,15.4,75.5,Low,Low,Scheduled,78.0,78.0,0.0,2.5,100.0,0,0,7.992405063291139,17.3,85.35443037974683,3.038607594936709,6.5,7,Intermediate,Bulldozer,7,46.4,9831.0
TSK-00574,2026-09-14,OP-001,MC-006,SITE-A,Material Loading,Rain,Muddy,12.1,54.2,Medium,Medium,Scheduled,58.0,62.0,4.0,7.9,100.0,0,0,7.609523809523809,15.3,84.02698412698412,2.841428571428571,9.4,7,Intermediate,Bulldozer,7,46.4,9831.0
TSK-00575,2026-09-14,OP-002,MC-005,SITE-C,Demolition,Rain,Muddy,21.5,60.4,Low,Low,Scheduled,180.0,249.0,69.0,24.4,100.0,0,0,6.2296000000000005,16.4,84.73639999999999,2.95316,10.6,5,Intermediate,Wheel Loader,11,35.0,14731.0
TSK-00576,2026-09-14,OP-003,MC-009,SITE-C,Excavation,Clear,Soft Soil,24.5,63.6,Medium,Medium,Scheduled,77.0,82.0,5.0,6.0,100.0,0,0,7.393975903614458,16.0,85.40843373493975,2.902168674698795,5.0,8,Advanced,Wheel Loader,6,36.1,6061.0
TSK-00577,2026-09-14,OP-004,MC-010,SITE-C,Material Loading,Rain,Soft Soil,17.7,78.2,Low,Medium,Scheduled,55.0,48.0,-7.0,4.1,100.0,1,0,7.571428571428571,14.4,83.73265306122448,3.033061224489796,4.6,12,Advanced,Bulldozer,9,35.0,10882.0
TSK-00578,2026-09-14,OP-005,MC-002,SITE-B,Demolition,Clear,Rocky,9.4,73.3,Medium,Medium,Scheduled,138.0,113.0,-25.0,6.1,100.0,2,0,7.814035087719298,16.3,85.51666666666667,3.0698245614035087,3.1,5,Intermediate,Bulldozer,4,70.8,5138.0
TSK-00579,2026-09-14,OP-006,MC-004,SITE-C,Grading,Clear,Rocky,22.0,87.1,Medium,Low,Scheduled,94.0,117.0,23.0,3.4,100.0,1,0,8.085593220338984,17.3,85.02118644067797,3.1139830508474575,5.9,5,Intermediate,Excavator,10,35.0,11223.0
TSK-00580,2026-09-14,OP-007,MC-003,SITE-A,Material Loading,Clear,Rocky,26.4,73.7,High,Medium,Scheduled,80.0,91.0,11.0,23.9,100.0,2,1,5.8304347826086955,15.2,83.94347826086957,2.926086956521739,3.5,12,Advanced,Backhoe,5,44.1,5383.0
TSK-00581,2026-09-14,OP-007,MC-003,SITE-B,Material Loading,High Wind,Soft Soil,15.1,58.1,Medium,Medium,Scheduled,58.0,63.0,5.0,25.0,100.0,1,1,6.28125,20.0,83.9453125,3.0603125,4.4,12,Advanced,Backhoe,5,44.1,5383.0
TSK-00582,2026-09-14,OP-007,MC-010,SITE-A,Material Loading,Clear,Rocky,21.9,74.8,Medium,Medium,Scheduled,57.0,56.0,-1.0,28.1,100.0,1,0,6.052631578947368,14.7,83.87368421052632,2.988421052631579,5.0,12,Advanced,Bulldozer,9,35.0,10882.0
TSK-00583,2026-09-14,OP-008,MC-006,SITE-B,Excavation,High Wind,Rocky,29.3,79.2,Medium,Low,Scheduled,145.0,148.0,3.0,6.0,100.0,1,0,7.671812080536912,16.3,84.25704697986576,3.000268456375839,2.9,9,Advanced,Bulldozer,7,46.4,9831.0
TSK-00584,2026-09-14,OP-008,MC-006,SITE-C,Trenching,Clear,Rocky,32.7,98.4,Medium,High,Scheduled,120.0,118.0,-2.0,4.2,100.0,2,0,7.618487394957984,14.9,83.79495798319329,3.087142857142857,4.9,9,Advanced,Bulldozer,7,46.4,9831.0
TSK-00585,2026-09-14,OP-009,MC-002,SITE-B,Trenching,Clear,Hard Soil,15.8,81.7,High,High,Scheduled,121.0,121.0,0.0,4.1,0.0,0,1,7.921311475409836,18.5,85.60245901639344,2.794262295081967,5.0,4,Intermediate,Bulldozer,4,70.8,5138.0
TSK-00586,2026-09-14,OP-009,MC-003,SITE-B,Grading,Clear,Hard Soil,19.0,73.7,Medium,Low,Scheduled,83.0,94.0,11.0,2.1,100.0,2,1,8.12,15.3,85.00526315789473,3.0269473684210526,1.9,4,Intermediate,Backhoe,5,44.1,5383.0
TSK-00587,2026-09-14,OP-009,MC-005,SITE-B,Grading,Clear,Soft Soil,24.8,70.4,Medium,Medium,Scheduled,72.0,76.0,4.0,2.6,100.0,2,0,7.188311688311688,16.5,84.35974025974026,3.2199999999999998,1.7,4,Intermediate,Wheel Loader,11,35.0,14731.0
TSK-00588,2026-09-14,OP-010,MC-004,SITE-C,Grading,Clear,Rocky,18.2,93.9,Medium,Low,Scheduled,108.0,115.0,7.0,4.3,100.0,0,0,7.873275862068965,15.5,83.22413793103448,2.9224137931034484,6.7,8,Advanced,Excavator,10,35.0,11223.0
TSK-00589,2026-09-14,OP-010,MC-006,SITE-B,Demolition,Clear,Rocky,29.2,83.0,Medium,High,Scheduled,165.0,153.0,-12.0,8.4,100.0,0,0,7.688311688311688,15.0,85.28246753246754,2.9292207792207794,5.0,8,Advanced,Bulldozer,7,46.4,9831.0
TSK-00590,2026-09-14,OP-010,MC-006,SITE-B,Material Loading,Clear,Soft Soil,33.1,95.2,Low,Low,Scheduled,46.0,39.0,-7.0,5.0,100.0,0,0,7.505,14.5,85.77250000000001,2.692,16.5,8,Advanced,Bulldozer,7,46.4,9831.0
TSK-00591,2026-09-14,OP-011,MC-002,SITE-C,Trenching,Clear,Muddy,18.8,82.1,Low,Low,Scheduled,167.0,160.0,-7.0,21.7,100.0,3,2,6.477018633540372,23.4,84.9416149068323,3.041304347826087,2.8,4,Intermediate,Bulldozer,4,70.8,5138.0
TSK-00592,2026-09-14,OP-011,MC-003,SITE-C,Grading,High Wind,Hard Soil,13.9,39.2,Medium,Medium,Scheduled,84.0,100.0,16.0,23.8,100.0,2,1,6.120792079207921,20.3,85.29207920792079,3.0840594059405944,2.9,4,Intermediate,Backhoe,5,44.1,5383.0
TSK-00593,2026-09-14,OP-011,MC-007,SITE-D,Grading,Rain,Muddy,10.6,52.2,Medium,High,Scheduled,103.0,123.0,20.0,22.6,100.0,1,1,5.90483870967742,15.3,85.875,2.986048387096774,2.4,4,Intermediate,Backhoe,10,37.7,9166.0
TSK-00594,2026-09-14,OP-012,MC-010,SITE-D,Demolition,Rain,Soft Soil,10.3,54.4,Low,Low,Scheduled,127.0,141.0,14.0,5.6,100.0,3,1,7.38661971830986,16.9,84.39084507042253,3.0728873239436623,3.4,4,Intermediate,Bulldozer,9,35.0,10882.0
TSK-00595,2026-09-14,OP-012,MC-003,SITE-B,Excavation,Clear,Muddy,27.4,90.6,Medium,Low,Scheduled,116.0,120.0,4.0,8.3,100.0,0,0,6.886776859504132,14.7,84.09586776859504,2.916115702479339,8.0,4,Intermediate,Backhoe,5,44.1,5383.0
TSK-00596,2026-09-14,OP-013,MC-005,SITE-D,Material Loading,Clear,Rocky,13.3,67.2,Medium,High,Scheduled,66.0,64.0,-2.0,9.2,100.0,0,0,7.893846153846154,14.7,84.06461538461538,2.9766153846153847,5.0,6,Intermediate,Wheel Loader,11,35.0,14731.0
TSK-00597,2026-09-14,OP-013,MC-005,SITE-B,Excavation,Clear,Muddy,19.7,68.2,Medium,High,Scheduled,117.0,116.0,-1.0,4.3,100.0,0,0,7.785470085470085,19.1,84.27863247863249,2.9114529914529914,13.5,6,Intermediate,Wheel Loader,11,35.0,14731.0
TSK-00598,2026-09-14,OP-014,MC-003,SITE-D,Excavation,Clear,Muddy,23.8,90.3,Low,Medium,Scheduled,109.0,102.0,-7.0,4.9,100.0,0,0,7.371844660194174,15.8,86.20873786407768,2.95,9.5,0,Beginner,Backhoe,5,44.1,5383.0
TSK-00599,2026-09-14,OP-015,MC-010,SITE-C,Excavation,Clear,Hard Soil,14.9,91.6,Low,High,Scheduled,95.0,97.0,2.0,3.1,100.0,0,0,7.760204081632653,14.9,83.83469387755102,3.0585714285714287,14.9,0,Beginner,Bulldozer,9,35.0,10882.0
TSK-00600,2026-09-15,OP-001,MC-009,SITE-B,Excavation,Clear,Muddy,25.6,68.0,High,Low,Scheduled,129.0,155.0,26.0,5.1,100.0,0,0,7.641025641025641,15.3,85.6076923076923,3.013333333333333,6.8,7,Intermediate,Wheel Loader,6,36.1,6061.0
TSK-00601,2026-09-15,OP-001,MC-009,SITE-B,Excavation,Dust Storm,Hard Soil,26.7,5.0,Medium,Medium,Scheduled,129.0,127.0,-2.0,3.1,100.0,2,0,7.6625,15.6,85.21015625,2.7975,4.2,7,Intermediate,Wheel Loader,6,36.1,6061.0
TSK-00602,2026-09-15,OP-001,MC-007,SITE-B,Grading,Clear,Hard Soil,25.1,84.9,Low,Medium,Scheduled,87.0,79.0,-8.0,7.5,100.0,0,0,7.39875,15.4,83.405,3.0,7.2,7,Intermediate,Backhoe,10,37.7,9166.0
TSK-00603,2026-09-15,OP-002,MC-001,SITE-D,Trenching,Clear,Muddy,26.3,94.9,Medium,High,Scheduled,112.0,140.0,28.0,17.7,100.0,0,0,7.020567375886524,18.0,83.70780141843971,3.1034042553191488,9.5,5,Intermediate,Wheel Loader,3,60.2,3118.0
TSK-00604,2026-09-15,OP-003,MC-009,SITE-B,Demolition,Dust Storm,Rocky,25.7,23.6,Medium,High,Scheduled,231.0,231.0,0.0,5.2,100.0,0,0,7.74094827586207,16.2,85.42715517241379,3.0560775862068965,12.3,8,Advanced,Wheel Loader,6,36.1,6061.0
TSK-00605,2026-09-15,OP-004,MC-008,SITE-A,Demolition,Clear,Soft Soil,23.6,96.6,High,Medium,Scheduled,117.0,129.0,12.0,5.4,100.0,2,0,8.03076923076923,15.4,85.35692307692307,2.9265384615384615,1.8,12,Advanced,Excavator,10,35.0,11262.0
TSK-00606,2026-09-15,OP-004,MC-006,SITE-A,Grading,Clear,Muddy,35.4,88.1,Medium,High,Scheduled,108.0,99.0,-9.0,6.0,100.0,0,0,7.398,15.0,86.36200000000001,3.0024,10.8,12,Advanced,Bulldozer,7,46.4,9831.0
TSK-00607,2026-09-15,OP-005,MC-004,SITE-D,Excavation,Rain,Rocky,12.1,39.5,Low,Low,Scheduled,140.0,143.0,3.0,4.2,100.0,3,2,8.040277777777778,17.1,84.48124999999999,3.0345833333333334,3.0,5,Intermediate,Excavator,10,35.0,11223.0
TSK-00608,2026-09-15,OP-006,MC-003,SITE-A,Excavation,Clear,Hard Soil,35.3,96.1,High,Medium,Scheduled,107.0,137.0,30.0,5.8,100.0,3,0,7.585507246376811,16.0,84.20217391304348,3.169202898550725,3.2,5,Intermediate,Backhoe,5,44.1,5383.0
TSK-00609,2026-09-15,OP-006,MC-005,SITE-D,Demolition,Clear,Hard Soil,26.4,86.4,Low,Medium,Scheduled,127.0,132.0,5.0,6.0,100.0,2,0,7.4067669172932336,14.6,85.01278195488722,2.985112781954887,2.1,5,Intermediate,Wheel Loader,11,35.0,14731.0
TSK-00610,2026-09-15,OP-006,MC-007,SITE-C,Material Loading,Clear,Rocky,24.8,90.1,Low,Low,Scheduled,68.0,70.0,2.0,4.2,100.0,0,0,7.295774647887324,14.8,85.85352112676057,2.56,15.4,5,Intermediate,Backhoe,10,37.7,9166.0
TSK-00611,2026-09-15,OP-007,MC-004,SITE-D,Demolition,Clear,Hard Soil,21.5,75.6,Low,Low,Scheduled,133.0,145.0,12.0,24.7,100.0,0,0,6.315068493150685,14.9,84.40068493150685,3.012876712328767,9.0,12,Advanced,Excavator,10,35.0,11223.0
TSK-00612,2026-09-15,OP-007,MC-008,SITE-D,Grading,Rain,Soft Soil,12.1,49.2,High,High,Scheduled,80.0,105.0,25.0,21.7,100.0,2,2,6.733018867924529,24.3,85.02641509433961,2.9439622641509433,3.7,12,Advanced,Excavator,10,35.0,11262.0
TSK-00613,2026-09-15,OP-007,MC-007,SITE-B,Material Loading,Clear,Hard Soil,20.4,75.1,Low,Medium,Scheduled,53.0,56.0,3.0,24.6,100.0,0,0,5.457894736842106,12.0,85.22982456140352,3.009122807017544,17.3,12,Advanced,Backhoe,10,37.7,9166.0
TSK-00614,2026-09-15,OP-008,MC-006,SITE-A,Trenching,Rain,Rocky,24.1,62.7,High,Low,Scheduled,176.0,175.0,-1.0,5.7,100.0,1,0,7.6215909090909095,16.0,84.77556818181819,2.9301136363636364,4.9,9,Advanced,Bulldozer,7,46.4,9831.0
TSK-00615,2026-09-15,OP-009,MC-007,SITE-C,Trenching,Dust Storm,Muddy,30.6,24.3,Medium,High,Scheduled,155.0,143.0,-12.0,6.2,100.0,0,0,7.814583333333333,18.0,84.52430555555556,2.8838194444444443,14.0,4,Intermediate,Backhoe,10,37.7,9166.0
TSK-00616,2026-09-15,OP-010,MC-002,SITE-D,Excavation,Rain,Muddy,27.2,72.2,High,High,Scheduled,114.0,106.0,-8.0,7.5,100.0,2,1,6.842056074766355,15.6,84.54018691588784,3.2073831775700934,2.9,8,Advanced,Bulldozer,4,70.8,5138.0
TSK-00617,2026-09-15,OP-010,MC-010,SITE-C,Grading,Clear,Soft Soil,29.4,84.3,Medium,Medium,Scheduled,68.0,60.0,-8.0,6.6,100.0,2,0,7.822950819672131,16.8,84.58524590163934,2.9585245901639343,2.8,8,Advanced,Bulldozer,9,35.0,10882.0
TSK-00618,2026-09-15,OP-011,MC-010,SITE-B,Material Loading,Clear,Soft Soil,21.7,82.2,High,High,Scheduled,53.0,67.0,14.0,29.4,100.0,2,2,6.464705882352941,16.9,85.46029411764707,3.057058823529412,4.0,4,Intermediate,Bulldozer,9,35.0,10882.0
TSK-00619,2026-09-15,OP-012,MC-006,SITE-C,Excavation,Rain,Rocky,18.7,69.4,Low,Medium,Scheduled,147.0,155.0,8.0,7.1,100.0,3,0,7.601923076923078,15.0,85.36282051282052,2.943717948717949,2.5,4,Intermediate,Bulldozer,7,46.4,9831.0
TSK-00620,2026-09-15,OP-013,MC-002,SITE-C,Grading,Clear,Rocky,28.2,65.5,Low,Low,Scheduled,102.0,99.0,-3.0,2.0,100.0,0,0,7.906000000000001,14.9,85.714,3.0592,7.6,6,Intermediate,Bulldozer,4,70.8,5138.0
TSK-00621,2026-09-15,OP-014,MC-008,SITE-D,Demolition,Clear,Muddy,12.5,92.8,Low,Medium,Scheduled,155.0,198.0,43.0,6.5,100.0,2,0,7.591457286432161,15.2,85.34371859296483,2.8864824120603014,3.9,0,Beginner,Excavator,10,35.0,11262.0
TSK-00622,2026-09-15,OP-015,MC-009,SITE-C,Demolition,Clear,Soft Soil,21.7,80.0,Medium,Medium,Scheduled,134.0,161.0,27.0,6.8,100.0,0,0,7.611728395061728,17.5,85.7783950617284,2.939135802469136,6.9,0,Beginner,Wheel Loader,6,36.1,6061.0
TSK-00623,2026-09-15,OP-015,MC-001,SITE-A,Demolition,Clear,Soft Soil,18.3,85.6,High,High,Scheduled,116.0,139.0,23.0,7.1,100.0,0,0,7.241428571428571,14.4,86.38857142857142,3.0740000000000003,8.3,0,Beginner,Wheel Loader,3,60.2,3118.0
TSK-00624,2026-09-16,OP-001,MC-003,SITE-A,Grading,Clear,Rocky,22.1,71.5,Medium,Medium,Scheduled,94.0,104.0,10.0,5.7,100.0,0,0,7.359999999999999,15.4,84.73714285714286,2.8958095238095236,9.7,7,Intermediate,Backhoe,5,44.1,5383.0
TSK-00625,2026-09-16,OP-001,MC-009,SITE-A,Material Loading,Clear,Hard Soil,23.1,81.2,Low,Medium,Scheduled,45.0,48.0,3.0,0.0,100.0,1,0,8.183673469387756,12.6,85.66122448979591,2.952857142857143,6.5,7,Intermediate,Wheel Loader,6,36.1,6061.0
TSK-00626,2026-09-16,OP-002,MC-010,SITE-B,Demolition,High Wind,Rocky,26.5,58.1,Low,Medium,Scheduled,187.0,231.0,44.0,30.6,100.0,2,2,5.6482758620689655,20.7,85.1383620689655,3.0612068965517243,4.4,5,Intermediate,Bulldozer,9,35.0,10882.0
TSK-00627,2026-09-16,OP-002,MC-005,SITE-C,Grading,Clear,Soft Soil,24.3,90.1,Low,Low,Scheduled,64.0,76.0,12.0,35.1,100.0,0,0,5.315584415584416,14.5,84.33766233766234,3.102207792207792,14.5,5,Intermediate,Wheel Loader,11,35.0,14731.0
TSK-00628,2026-09-16,OP-003,MC-006,SITE-A,Grading,Clear,Muddy,11.2,65.0,High,Low,Scheduled,96.0,104.0,8.0,4.8,100.0,1,0,7.354285714285715,15.5,84.45523809523809,2.866190476190476,2.0,8,Advanced,Bulldozer,7,46.4,9831.0
TSK-00629,2026-09-16,OP-003,MC-007,SITE-A,Demolition,High Wind,Muddy,28.4,57.8,Low,High,Scheduled,180.0,163.0,-17.0,5.5,100.0,1,0,8.199390243902439,16.5,84.09573170731707,3.0673170731707318,1.4,8,Advanced,Backhoe,10,37.7,9166.0
TSK-00630,2026-09-16,OP-003,MC-006,SITE-D,Grading,Clear,Hard Soil,9.9,80.1,High,High,Scheduled,86.0,94.0,8.0,3.2,100.0,2,0,8.047368421052632,13.8,85.20105263157895,3.1685263157894736,3.2,8,Advanced,Bulldozer,7,46.4,9831.0
TSK-00631,2026-09-16,OP-004,MC-005,SITE-C,Excavation,Clear,Soft Soil,23.1,86.5,Low,Medium,Scheduled,82.0,79.0,-3.0,5.0,100.0,0,0,7.38125,15.3,84.83500000000001,2.9358750000000002,11.3,12,Advanced,Wheel Loader,11,35.0,14731.0
TSK-00632,2026-09-16,OP-004,MC-009,SITE-D,Material Loading,Dust Storm,Rocky,38.2,26.9,Medium,High,Scheduled,82.0,82.0,0.0,3.6,100.0,3,0,7.593975903614457,15.0,85.70240963855422,2.7455421686746986,1.5,12,Advanced,Wheel Loader,6,36.1,6061.0
TSK-00633,2026-09-16,OP-005,MC-002,SITE-D,Material Loading,Dust Storm,Soft Soil,25.7,18.6,Medium,Medium,Scheduled,59.0,61.0,2.0,1.6,100.0,1,1,7.383870967741935,14.1,84.00967741935484,3.3070967741935484,2.8,5,Intermediate,Bulldozer,4,70.8,5138.0
TSK-00634,2026-09-16,OP-006,MC-002,SITE-B,Trenching,Rain,Hard Soil,19.4,55.3,Medium,Low,Scheduled,146.0,128.0,-18.0,9.3,100.0,0,0,7.1217054263565895,15.2,85.31317829457365,3.2671317829457363,9.6,5,Intermediate,Bulldozer,4,70.8,5138.0
TSK-00635,2026-09-16,OP-006,MC-006,SITE-D,Demolition,Rain,Muddy,21.4,81.8,High,Low,Scheduled,175.0,188.0,13.0,4.2,100.0,1,0,7.707936507936508,16.5,85.0089947089947,2.964074074074074,3.8,5,Intermediate,Bulldozer,7,46.4,9831.0
TSK-00636,2026-09-16,OP-006,MC-001,SITE-A,Excavation,Rain,Muddy,32.2,71.4,High,Medium,Scheduled,94.0,105.0,11.0,2.8,100.0,2,0,7.841509433962265,14.9,83.1245283018868,2.980754716981132,2.2,5,Intermediate,Wheel Loader,3,60.2,3118.0
TSK-00637,2026-09-16,OP-007,MC-002,SITE-D,Excavation,Clear,Muddy,21.9,84.9,Medium,Low,Scheduled,116.0,140.0,24.0,27.0,100.0,3,3,6.033333333333333,20.1,85.1936170212766,2.896028368794326,5.5,12,Advanced,Bulldozer,4,70.8,5138.0
TSK-00638,2026-09-16,OP-008,MC-001,SITE-B,Grading,Dust Storm,Soft Soil,32.8,37.2,Medium,High,Scheduled,88.0,83.0,-5.0,3.6,100.0,2,0,7.755952380952381,14.5,84.83571428571429,2.850714285714286,3.5,9,Advanced,Wheel Loader,3,60.2,3118.0
TSK-00639,2026-09-16,OP-009,MC-005,SITE-D,Grading,Rain,Muddy,20.0,22.9,Low,High,Scheduled,97.0,103.0,6.0,5.8,100.0,1,0,7.436538461538461,13.7,83.80000000000001,3.0023076923076926,6.5,4,Intermediate,Wheel Loader,11,35.0,14731.0
TSK-00640,2026-09-16,OP-009,MC-003,SITE-C,Material Loading,High Wind,Muddy,22.8,67.3,High,Low,Scheduled,63.0,68.0,5.0,1.4,100.0,1,0,8.26086956521739,14.2,85.89275362318841,2.8615942028985506,2.3,4,Intermediate,Backhoe,5,44.1,5383.0
TSK-00641,2026-09-16,OP-010,MC-004,SITE-A,Excavation,Clear,Soft Soil,29.0,89.5,High,Low,Scheduled,102.0,106.0,4.0,9.3,100.0,2,0,7.47196261682243,17.2,84.93177570093458,3.1,2.9,8,Advanced,Excavator,10,35.0,11223.0
TSK-00642,2026-09-16,OP-010,MC-004,SITE-C,Trenching,Dust Storm,Hard Soil,25.7,26.5,Medium,High,Scheduled,126.0,143.0,17.0,7.6,100.0,1,0,7.427083333333333,15.0,84.73819444444445,3.1766666666666667,4.2,8,Advanced,Excavator,10,35.0,11223.0
TSK-00643,2026-09-16,OP-011,MC-002,SITE-D,Demolition,Clear,Muddy,19.5,81.4,Low,Medium,Scheduled,153.0,191.0,38.0,20.3,100.0,2,1,6.877083333333334,21.1,85.06302083333334,3.0817187500000003,4.0,4,Intermediate,Bulldozer,4,70.8,5138.0
TSK-00644,2026-09-16,OP-011,MC-008,SITE-C,Material Loading,Dust Storm,Hard Soil,36.3,36.3,High,Low,Scheduled,62.0,82.0,20.0,20.5,100.0,0,0,6.280722891566264,15.5,83.76867469879518,3.0203614457831325,16.1,4,Intermediate,Excavator,10,35.0,11262.0
TSK-00645,2026-09-16,OP-012,MC-002,SITE-D,Excavation,Rain,Hard Soil,28.7,68.7,Low,Medium,Scheduled,113.0,108.0,-5.0,6.4,100.0,0,0,7.343119266055045,16.6,84.91100917431191,3.030275229357798,10.4,4,Intermediate,Bulldozer,4,70.8,5138.0
TSK-00646,2026-09-16,OP-013,MC-007,SITE-B,Demolition,Clear,Muddy,22.9,73.4,High,High,Scheduled,170.0,190.0,20.0,7.3,100.0,1,0,7.4167539267015705,15.6,85.46910994764399,2.926073298429319,4.2,6,Intermediate,Backhoe,10,37.7,9166.0
TSK-00647,2026-09-16,OP-013,MC-001,SITE-A,Demolition,Clear,Hard Soil,22.0,79.8,Medium,Medium,Scheduled,118.0,105.0,-13.0,3.8,100.0,0,0,7.642452830188679,15.8,84.22075471698113,3.009622641509434,5.0,6,Intermediate,Wheel Loader,3,60.2,3118.0
TSK-00648,2026-09-16,OP-013,MC-007,SITE-C,Excavation,Clear,Muddy,14.7,84.4,Low,High,Scheduled,126.0,132.0,6.0,7.5,100.0,0,0,7.178195488721805,15.3,85.33759398496241,3.0234586466165414,8.0,6,Intermediate,Backhoe,10,37.7,9166.0
TSK-00649,2026-09-16,OP-014,MC-006,SITE-B,Demolition,Clear,Soft Soil,28.7,99.1,High,High,Scheduled,119.0,128.0,9.0,5.4,100.0,1,0,7.710077519379845,15.8,85.88837209302326,3.0366666666666666,2.5,0,Beginner,Bulldozer,7,46.4,9831.0
TSK-00650,2026-09-16,OP-015,MC-007,SITE-C,Trenching,Clear,Soft Soil,23.6,75.1,Low,Medium,Scheduled,102.0,93.0,-9.0,3.2,100.0,0,0,7.247872340425531,14.3,86.7404255319149,2.9051063829787234,12.3,0,Beginner,Backhoe,10,37.7,9166.0
TSK-00651,2026-09-17,OP-001,MC-010,SITE-C,Demolition,Clear,Rocky,16.5,82.1,Low,High,Scheduled,151.0,141.0,-10.0,2.8,100.0,0,0,7.7133802816901404,16.6,84.94154929577465,2.9892253521126757,14.4,7,Intermediate,Bulldozer,9,35.0,10882.0
TSK-00652,2026-09-17,OP-001,MC-005,SITE-C,Material Loading,Dust Storm,Soft Soil,20.8,18.8,Low,Medium,Scheduled,47.0,54.0,7.0,3.6,100.0,3,0,8.34,14.6,84.13818181818182,2.928181818181818,1.3,7,Intermediate,Wheel Loader,11,35.0,14731.0
TSK-00653,2026-09-17,OP-002,MC-003,SITE-B,Material Loading,Rain,Rocky,23.1,48.8,Low,High,Scheduled,59.0,86.0,27.0,21.8,100.0,1,0,6.26551724137931,16.4,84.55862068965517,2.9582758620689655,1.8,5,Intermediate,Backhoe,5,44.1,5383.0
TSK-00654,2026-09-17,OP-002,MC-007,SITE-B,Trenching,High Wind,Hard Soil,21.2,94.2,Medium,Medium,Scheduled,122.0,149.0,27.0,24.0,100.0,0,0,6.505333333333333,17.2,86.11800000000001,2.9844666666666666,10.2,5,Intermediate,Backhoe,10,37.7,9166.0
TSK-00655,2026-09-17,OP-003,MC-006,SITE-D,Material Loading,Clear,Soft Soil,22.6,80.4,High,Medium,Scheduled,46.0,46.0,0.0,4.3,100.0,1,0,7.548936170212766,15.8,83.96170212765956,2.861276595744681,3.2,8,Advanced,Bulldozer,7,46.4,9831.0
TSK-00656,2026-09-17,OP-004,MC-009,SITE-D,Grading,Clear,Muddy,21.6,98.3,Low,Low,Scheduled,98.0,99.0,1.0,5.0,0.0,1,1,7.52,13.7,85.369,3.0549,4.4,12,Advanced,Wheel Loader,6,36.1,6061.0
TSK-00657,2026-09-17,OP-004,MC-009,SITE-C,Excavation,Rain,Soft Soil,19.8,65.3,Low,Medium,Scheduled,105.0,83.0,-22.0,6.0,100.0,0,0,7.519047619047619,12.5,87.30714285714286,2.937261904761905,7.9,12,Advanced,Wheel Loader,6,36.1,6061.0
TSK-00658,2026-09-17,OP-004,MC-003,SITE-C,Trenching,Clear,Hard Soil,24.7,100.0,Medium,Medium,Scheduled,103.0,87.0,-16.0,5.7,100.0,0,0,7.920454545454546,16.0,84.90568181818182,2.9131818181818185,8.0,12,Advanced,Backhoe,5,44.1,5383.0
TSK-00659,2026-09-17,OP-005,MC-005,SITE-B,Excavation,Clear,Muddy,24.2,69.8,Low,High,Scheduled,123.0,132.0,9.0,5.3,100.0,2,1,7.621052631578948,14.1,84.90977443609023,2.9160902255639094,1.0,5,Intermediate,Wheel Loader,11,35.0,14731.0
TSK-00660,2026-09-17,OP-005,MC-004,SITE-A,Trenching,Clear,Rocky,17.7,82.7,High,Low,Scheduled,151.0,165.0,14.0,6.0,100.0,3,0,7.048795180722891,14.9,84.57831325301204,2.953253012048193,1.4,5,Intermediate,Excavator,10,35.0,11223.0
TSK-00661,2026-09-17,OP-006,MC-002,SITE-D,Demolition,Clear,Hard Soil,23.8,92.8,High,High,Scheduled,138.0,141.0,3.0,7.7,100.0,0,0,7.052112676056338,14.9,83.91197183098592,3.0178169014084504,11.8,5,Intermediate,Bulldozer,4,70.8,5138.0
TSK-00662,2026-09-17,OP-006,MC-005,SITE-B,Excavation,Clear,Soft Soil,33.8,91.3,High,Medium,Scheduled,88.0,87.0,-1.0,9.1,100.0,0,0,7.435227272727272,15.5,85.94886363636364,3.0237499999999997,12.0,5,Intermediate,Wheel Loader,11,35.0,14731.0
TSK-00663,2026-09-17,OP-007,MC-006,SITE-A,Grading,Rain,Rocky,16.5,49.6,High,Low,Scheduled,121.0,146.0,25.0,25.2,100.0,3,2,6.474149659863946,21.5,85.06394557823128,3.0074149659863942,1.8,12,Advanced,Bulldozer,7,46.4,9831.0
TSK-00664,2026-09-17,OP-008,MC-006,SITE-B,Excavation,High Wind,Soft Soil,33.0,74.8,Low,Medium,Scheduled,97.0,89.0,-8.0,12.2,100.0,3,0,7.15,13.6,83.95111111111112,3.0673333333333335,2.0,9,Advanced,Bulldozer,7,46.4,9831.0
TSK-00665,2026-09-17,OP-009,MC-010,SITE-A,Material Loading,Rain,Rocky,9.4,40.8,Medium,Medium,Scheduled,79.0,77.0,-2.0,2.6,100.0,3,1,8.167948717948718,18.1,85.4551282051282,2.849871794871795,2.9,4,Intermediate,Bulldozer,9,35.0,10882.0
TSK-00666,2026-09-17,OP-010,MC-009,SITE-C,Material Loading,Clear,Soft Soil,28.7,92.5,Medium,Medium,Scheduled,44.0,39.0,-5.0,0.0,100.0,0,0,7.695,14.3,83.505,2.70825,12.3,8,Advanced,Wheel Loader,6,36.1,6061.0
TSK-00667,2026-09-17,OP-010,MC-010,SITE-C,Material Loading,High Wind,Rocky,19.5,94.6,Low,Medium,Scheduled,66.0,60.0,-6.0,1.6,100.0,2,1,8.37704918032787,17.3,86.6360655737705,3.0477049180327866,2.3,8,Advanced,Bulldozer,9,35.0,10882.0
TSK-00668,2026-09-17,OP-010,MC-003,SITE-B,Trenching,Rain,Hard Soil,28.8,63.6,Low,Low,Scheduled,110.0,101.0,-9.0,6.9,100.0,2,0,7.2823529411764705,14.6,85.91666666666667,3.0055882352941174,3.4,8,Advanced,Backhoe,5,44.1,5383.0
TSK-00669,2026-09-17,OP-011,MC-010,SITE-D,Excavation,Rain,Soft Soil,18.2,60.7,Low,Medium,Scheduled,97.0,118.0,21.0,23.5,100.0,1,0,6.129411764705882,14.0,86.7873949579832,2.916386554621849,6.4,4,Intermediate,Bulldozer,9,35.0,10882.0
TSK-00670,2026-09-17,OP-012,MC-005,SITE-A,Material Loading,High Wind,Muddy,19.9,77.5,Medium,Medium,Scheduled,68.0,65.0,-3.0,9.1,0.0,2,1,8.012121212121212,15.7,85.51818181818182,3.0475757575757574,2.0,4,Intermediate,Wheel Loader,11,35.0,14731.0
TSK-00671,2026-09-17,OP-013,MC-009,SITE-D,Excavation,Clear,Muddy,19.5,67.0,Medium,Medium,Scheduled,103.0,105.0,2.0,5.7,100.0,0,0,7.444339622641509,14.2,83.80094339622642,3.255943396226415,11.8,6,Intermediate,Wheel Loader,6,36.1,6061.0
TSK-00672,2026-09-17,OP-014,MC-002,SITE-C,Trenching,Clear,Rocky,32.6,92.5,Low,Medium,Scheduled,140.0,149.0,9.0,6.0,100.0,2,1,7.5986666666666665,17.1,84.674,3.095133333333333,3.0,0,Beginner,Bulldozer,4,70.8,5138.0
TSK-00673,2026-09-17,OP-015,MC-008,SITE-A,Grading,Dust Storm,Rocky,27.1,5.0,Medium,Medium,Scheduled,106.0,119.0,13.0,1.7,100.0,2,0,7.745,15.4,84.59583333333333,3.1740833333333334,2.4,0,Beginner,Excavator,10,35.0,11262.0
TSK-00674,2026-09-17,OP-015,MC-010,SITE-D,Trenching,Dust Storm,Rocky,25.6,30.1,Low,Low,Scheduled,145.0,163.0,18.0,3.7,100.0,1,0,7.623780487804877,15.3,85.06280487804878,2.9223170731707317,2.6,0,Beginner,Bulldozer,9,35.0,10882.0
TSK-00675,2026-09-18,OP-001,MC-006,SITE-B,Demolition,Clear,Soft Soil,24.5,71.1,Medium,Medium,Scheduled,130.0,133.0,3.0,3.7,100.0,0,0,7.797761194029851,15.5,84.34029850746269,2.8831343283582087,11.0,7,Intermediate,Bulldozer,7,46.4,9831.0
TSK-00676,2026-09-18,OP-002,MC-009,SITE-A,Excavation,Clear,Rocky,24.2,92.0,Medium,High,Scheduled,120.0,165.0,45.0,22.9,100.0,0,0,6.477710843373494,15.3,84.0012048192771,2.8777108433734937,8.8,5,Intermediate,Wheel Loader,6,36.1,6061.0
TSK-00677,2026-09-18,OP-003,MC-006,SITE-B,Excavation,Rain,Hard Soil,15.4,33.7,Low,High,Scheduled,124.0,119.0,-5.0,5.0,100.0,2,0,7.860833333333333,17.6,85.71000000000001,2.9491666666666663,2.8,8,Advanced,Bulldozer,7,46.4,9831.0
TSK-00678,2026-09-18,OP-003,MC-004,SITE-A,Excavation,Clear,Hard Soil,9.5,63.5,Medium,Low,Scheduled,98.0,90.0,-8.0,2.2,100.0,0,0,7.71978021978022,16.1,85.45714285714286,2.8959340659340658,7.5,8,Advanced,Excavator,10,35.0,11223.0
TSK-00679,2026-09-18,OP-003,MC-003,SITE-D,Excavation,Rain,Soft Soil,24.4,69.6,Low,Medium,Scheduled,91.0,89.0,-2.0,2.2,100.0,0,0,7.704444444444444,14.6,85.66222222222223,3.2581111111111114,5.9,8,Advanced,Backhoe,5,44.1,5383.0
TSK-00680,2026-09-18,OP-004,MC-009,SITE-C,Material Loading,Clear,Hard Soil,34.3,94.0,Medium,Low,Scheduled,47.0,41.0,-6.0,7.1,0.0,2,1,7.283333333333333,12.6,83.45714285714286,3.0704761904761906,1.7,12,Advanced,Wheel Loader,6,36.1,6061.0
TSK-00681,2026-09-18,OP-004,MC-002,SITE-B,Material Loading,Clear,Soft Soil,31.2,93.5,Low,Low,Scheduled,57.0,43.0,-14.0,4.5,0.0,0,1,8.284090909090908,15.9,85.18636363636364,3.0943181818181817,15.6,12,Advanced,Bulldozer,4,70.8,5138.0
TSK-00682,2026-09-18,OP-004,MC-009,SITE-C,Grading,Clear,Muddy,25.0,80.9,High,Low,Scheduled,97.0,101.0,4.0,1.0,0.0,0,1,7.91078431372549,13.9,84.55588235294118,3.0975490196078432,10.3,12,Advanced,Wheel Loader,6,36.1,6061.0
TSK-00683,2026-09-18,OP-005,MC-002,SITE-D,Trenching,Rain,Soft Soil,21.1,82.9,Low,High,Scheduled,110.0,108.0,-2.0,6.4,100.0,3,0,7.522935779816514,16.2,85.2908256880734,2.7670642201834865,2.6,5,Intermediate,Bulldozer,4,70.8,5138.0
TSK-00684,2026-09-18,OP-006,MC-005,SITE-D,Grading,Rain,Muddy,17.7,62.9,Low,High,Scheduled,104.0,109.0,5.0,5.5,100.0,3,0,7.715454545454546,17.1,85.07272727272728,2.950909090909091,2.9,5,Intermediate,Wheel Loader,11,35.0,14731.0
TSK-00685,2026-09-18,OP-006,MC-010,SITE-D,Demolition,Clear,Hard Soil,32.8,100.0,Medium,High,Scheduled,140.0,140.0,0.0,4.3,100.0,3,0,7.582978723404255,14.9,85.01418439716312,2.9958156028368794,1.6,5,Intermediate,Bulldozer,9,35.0,10882.0
TSK-00686,2026-09-18,OP-007,MC-007,SITE-A,Material Loading,Rain,Rocky,14.8,35.3,Medium,Low,Scheduled,75.0,79.0,4.0,25.0,100.0,1,1,6.01,17.9,85.21875,2.8375,3.3,12,Advanced,Backhoe,10,37.7,9166.0
TSK-00687,2026-09-18,OP-007,MC-009,SITE-C,Trenching,Dust Storm,Hard Soil,31.7,18.1,Medium,Low,Scheduled,160.0,178.0,18.0,24.0,100.0,1,1,6.469832402234636,20.3,85.34357541899442,3.131508379888268,2.5,12,Advanced,Wheel Loader,6,36.1,6061.0
TSK-00688,2026-09-18,OP-007,MC-001,SITE-D,Excavation,Clear,Hard Soil,25.1,80.7,Low,Medium,Scheduled,96.0,96.0,0.0,17.5,100.0,1,1,6.923711340206186,22.2,85.84226804123712,2.9944329896907216,3.0,12,Advanced,Wheel Loader,3,60.2,3118.0
TSK-00689,2026-09-18,OP-008,MC-008,SITE-A,Demolition,Clear,Soft Soil,17.8,83.7,Medium,Medium,Scheduled,119.0,107.0,-12.0,4.6,100.0,2,0,7.537962962962963,13.8,85.4462962962963,2.814722222222222,2.9,9,Advanced,Excavator,10,35.0,11262.0
TSK-00690,2026-09-18,OP-008,MC-001,SITE-A,Trenching,Clear,Hard Soil,24.3,82.2,High,Medium,Scheduled,110.0,102.0,-8.0,3.9,100.0,2,0,7.4864077669902915,15.4,85.64077669902913,2.9648543689320386,2.6,9,Advanced,Wheel Loader,3,60.2,3118.0
TSK-00691,2026-09-18,OP-008,MC-001,SITE-B,Grading,Rain,Rocky,26.4,58.4,High,Low,Scheduled,134.0,138.0,4.0,5.8,100.0,0,0,7.347482014388489,15.7,84.32374100719424,3.052517985611511,5.8,9,Advanced,Wheel Loader,3,60.2,3118.0
TSK-00692,2026-09-18,OP-009,MC-001,SITE-B,Trenching,Rain,Hard Soil,17.7,47.9,High,Medium,Scheduled,133.0,139.0,6.0,2.1,100.0,0,0,7.795,13.9,83.99785714285714,3.0949285714285715,11.1,4,Intermediate,Wheel Loader,3,60.2,3118.0
TSK-00693,2026-09-18,OP-010,MC-010,SITE-B,Grading,High Wind,Muddy,27.9,80.6,Medium,Medium,Scheduled,95.0,100.0,5.0,3.0,100.0,0,0,8.067326732673267,17.6,83.74554455445544,2.9261386138613865,14.3,8,Advanced,Bulldozer,9,35.0,10882.0
TSK-00694,2026-09-18,OP-011,MC-009,SITE-C,Material Loading,High Wind,Hard Soil,12.6,67.0,Low,Medium,Scheduled,56.0,84.0,28.0,23.5,100.0,1,1,6.018823529411765,16.5,83.62470588235294,3.106117647058823,3.8,4,Intermediate,Wheel Loader,6,36.1,6061.0
TSK-00695,2026-09-18,OP-012,MC-002,SITE-D,Grading,Clear,Rocky,20.8,90.1,High,High,Scheduled,104.0,107.0,3.0,6.5,100.0,0,0,7.092592592592593,15.4,85.62222222222223,3.057962962962963,14.6,4,Intermediate,Bulldozer,4,70.8,5138.0
TSK-00696,2026-09-18,OP-012,MC-002,SITE-B,Excavation,Clear,Hard Soil,20.8,90.4,Medium,Low,Scheduled,119.0,107.0,-12.0,0.9,100.0,1,0,8.042592592592593,15.6,85.38425925925925,2.928055555555556,2.4,4,Intermediate,Bulldozer,4,70.8,5138.0
TSK-00697,2026-09-18,OP-012,MC-005,SITE-D,Excavation,Dust Storm,Rocky,26.2,30.9,High,Low,Scheduled,140.0,165.0,25.0,6.0,100.0,1,0,7.936746987951807,17.6,85.62349397590361,2.949096385542169,3.8,4,Intermediate,Wheel Loader,11,35.0,14731.0
TSK-00698,2026-09-18,OP-013,MC-009,SITE-D,Demolition,Clear,Hard Soil,14.3,81.0,High,Medium,Scheduled,137.0,152.0,15.0,4.6,100.0,1,0,7.901960784313726,15.9,85.15686274509804,2.9990849673202615,2.1,6,Intermediate,Wheel Loader,6,36.1,6061.0
TSK-00699,2026-09-18,OP-013,MC-006,SITE-A,Trenching,Clear,Muddy,12.7,81.6,High,High,Scheduled,147.0,159.0,12.0,5.0,100.0,2,1,7.354375,15.1,85.150625,3.055125,2.5,6,Intermediate,Bulldozer,7,46.4,9831.0
TSK-00700,2026-09-18,OP-014,MC-005,SITE-D,Material Loading,High Wind,Hard Soil,29.3,76.5,Low,Low,Scheduled,58.0,71.0,13.0,2.8,100.0,1,0,8.075,14.3,82.84583333333333,3.142361111111111,5.4,0,Beginner,Wheel Loader,11,35.0,14731.0
TSK-00701,2026-09-18,OP-015,MC-010,SITE-C,Demolition,Clear,Muddy,21.3,73.2,Medium,Low,Scheduled,145.0,165.0,20.0,4.8,100.0,1,0,7.636144578313252,17.2,86.24036144578314,2.8957831325301204,3.6,0,Beginner,Bulldozer,9,35.0,10882.0
TSK-00702,2026-09-18,OP-015,MC-001,SITE-D,Trenching,Clear,Rocky,16.9,79.0,High,High,Scheduled,119.0,126.0,7.0,6.3,100.0,1,0,7.056692913385827,12.8,84.6732283464567,2.925275590551181,5.3,0,Beginner,Wheel Loader,3,60.2,3118.0
TSK-00703,2026-09-18,OP-015,MC-004,SITE-C,Trenching,Clear,Rocky,22.1,82.9,Medium,Medium,Scheduled,167.0,180.0,13.0,4.4,100.0,0,0,7.902209944751381,16.1,84.03425414364641,2.946740331491713,7.8,0,Beginner,Excavator,10,35.0,11223.0
TSK-00704,2026-09-19,OP-001,MC-009,SITE-C,Trenching,Dust Storm,Soft Soil,32.4,16.8,Low,High,Scheduled,110.0,120.0,10.0,5.8,100.0,1,0,7.594214876033058,14.4,84.0702479338843,2.8197520661157025,2.8,7,Intermediate,Wheel Loader,6,36.1,6061.0
TSK-00705,2026-09-19,OP-002,MC-004,SITE-B,Grading,Clear,Rocky,33.4,87.7,Medium,High,Scheduled,96.0,131.0,35.0,28.8,100.0,2,1,6.079545454545454,17.5,85.5280303030303,2.9379545454545455,2.5,5,Intermediate,Excavator,10,35.0,11223.0
TSK-00706,2026-09-19,OP-003,MC-009,SITE-B,Demolition,Clear,Rocky,27.4,91.8,Medium,Medium,Scheduled,176.0,212.0,36.0,3.8,100.0,1,0,7.623943661971832,16.3,85.54084507042253,3.065492957746479,5.9,8,Advanced,Wheel Loader,6,36.1,6061.0
TSK-00707,2026-09-19,OP-004,MC-001,SITE-A,Trenching,Clear,Rocky,23.5,100.0,High,Low,Scheduled,111.0,102.0,-9.0,5.8,100.0,2,0,7.740776699029126,14.4,84.9621359223301,2.8244660194174758,3.6,12,Advanced,Wheel Loader,3,60.2,3118.0
TSK-00708,2026-09-19,OP-004,MC-008,SITE-D,Grading,Clear,Muddy,24.4,96.0,Low,Low,Scheduled,94.0,100.0,6.0,1.0,100.0,0,0,8.041584158415843,16.4,85.66534653465347,3.0634653465346537,16.2,12,Advanced,Excavator,10,35.0,11262.0
TSK-00709,2026-09-19,OP-004,MC-003,SITE-B,Trenching,Clear,Hard Soil,26.2,84.2,Low,High,Scheduled,96.0,84.0,-12.0,5.9,100.0,0,0,7.481176470588235,16.1,85.99176470588236,3.0071764705882353,6.8,12,Advanced,Backhoe,5,44.1,5383.0
TSK-00710,2026-09-19,OP-005,MC-008,SITE-C,Trenching,Clear,Hard Soil,24.3,83.1,Low,Low,Scheduled,98.0,109.0,11.0,6.4,100.0,1,0,7.7318181818181815,17.3,86.01727272727273,2.996090909090909,5.3,5,Intermediate,Excavator,10,35.0,11262.0
TSK-00711,2026-09-19,OP-006,MC-009,SITE-A,Demolition,Dust Storm,Hard Soil,27.9,11.4,High,High,Scheduled,173.0,182.0,9.0,4.4,100.0,2,0,7.931147540983607,16.2,85.36721311475411,3.0017486338797816,2.6,5,Intermediate,Wheel Loader,6,36.1,6061.0
TSK-00712,2026-09-19,OP-007,MC-009,SITE-C,Trenching,Clear,Muddy,25.6,70.1,Low,Medium,Scheduled,120.0,127.0,7.0,28.1,100.0,0,0,5.91953125,14.3,85.09765625,2.9228125,13.1,12,Advanced,Wheel Loader,6,36.1,6061.0
TSK-00713,2026-09-19,OP-007,MC-007,SITE-B,Excavation,Clear,Rocky,18.5,73.2,Low,Low,Scheduled,112.0,137.0,25.0,29.7,100.0,1,1,6.02536231884058,15.9,84.98333333333333,3.0263043478260867,4.0,12,Advanced,Backhoe,10,37.7,9166.0
TSK-00714,2026-09-19,OP-008,MC-008,SITE-B,Grading,High Wind,Hard Soil,32.3,80.0,Low,Medium,Scheduled,59.0,56.0,-3.0,3.5,100.0,0,0,7.0964912280701755,15.3,85.4298245614035,3.133508771929825,12.2,9,Advanced,Excavator,10,35.0,11262.0
TSK-00715,2026-09-19,OP-008,MC-010,SITE-B,Grading,Clear,Rocky,38.0,90.8,Low,High,Scheduled,106.0,102.0,-4.0,6.8,100.0,3,0,7.2873786407767,13.9,86.43300970873787,2.9915533980582523,1.4,9,Advanced,Bulldozer,9,35.0,10882.0
TSK-00716,2026-09-19,OP-009,MC-005,SITE-C,Demolition,Clear,Muddy,20.2,86.4,High,Medium,Scheduled,168.0,177.0,9.0,5.6,100.0,0,0,7.943258426966293,14.9,85.50730337078652,2.996685393258427,12.1,4,Intermediate,Wheel Loader,11,35.0,14731.0
TSK-00717,2026-09-19,OP-009,MC-001,SITE-B,Grading,High Wind,Rocky,11.0,78.2,Low,Medium,Scheduled,105.0,114.0,9.0,3.5,0.0,0,1,7.99304347826087,16.6,84.08086956521738,3.1456521739130436,5.0,4,Intermediate,Wheel Loader,3,60.2,3118.0
TSK-00718,2026-09-19,OP-010,MC-002,SITE-D,Trenching,Clear,Soft Soil,24.0,96.1,High,High,Scheduled,88.0,89.0,1.0,5.6,100.0,2,0,7.5088888888888885,13.3,85.56777777777778,3.0414444444444446,4.7,8,Advanced,Bulldozer,4,70.8,5138.0
TSK-00719,2026-09-19,OP-011,MC-009,SITE-C,Trenching,Clear,Hard Soil,29.2,67.9,Low,High,Scheduled,119.0,168.0,49.0,22.5,100.0,2,2,6.822485207100592,28.7,85.60710059171598,3.061360946745562,2.6,4,Intermediate,Wheel Loader,6,36.1,6061.0
TSK-00720,2026-09-19,OP-012,MC-003,SITE-C,Demolition,Clear,Soft Soil,25.1,88.8,Medium,High,Scheduled,122.0,139.0,17.0,5.7,100.0,0,0,7.980714285714285,16.9,86.11285714285714,2.9435,9.6,4,Intermediate,Backhoe,5,44.1,5383.0
TSK-00721,2026-09-19,OP-013,MC-006,SITE-B,Material Loading,Clear,Soft Soil,13.9,72.3,Medium,Medium,Scheduled,51.0,57.0,6.0,3.4,100.0,1,0,8.055172413793104,16.0,84.04310344827586,2.8660344827586206,2.5,6,Intermediate,Bulldozer,7,46.4,9831.0
TSK-00722,2026-09-19,OP-013,MC-007,SITE-C,Demolition,Clear,Muddy,18.4,73.3,Low,Medium,Scheduled,144.0,144.0,0.0,3.4,100.0,1,0,7.442068965517241,15.3,85.3503448275862,3.067310344827586,2.4,6,Intermediate,Backhoe,10,37.7,9166.0
TSK-00723,2026-09-19,OP-013,MC-009,SITE-C,Trenching,Clear,Muddy,26.8,80.7,Low,High,Scheduled,145.0,155.0,10.0,5.1,100.0,1,0,7.996153846153847,15.1,85.48397435897436,3.098653846153846,3.9,6,Intermediate,Wheel Loader,6,36.1,6061.0
TSK-00724,2026-09-19,OP-014,MC-007,SITE-A,Excavation,High Wind,Muddy,14.9,69.9,Low,Medium,Scheduled,120.0,134.0,14.0,2.2,100.0,0,0,7.963703703703703,17.2,84.61777777777777,2.9282222222222223,7.9,0,Beginner,Backhoe,10,37.7,9166.0
TSK-00725,2026-09-19,OP-014,MC-005,SITE-B,Grading,Clear,Hard Soil,37.1,89.6,Low,Medium,Scheduled,89.0,104.0,15.0,3.8,100.0,0,0,7.006666666666667,15.5,85.9352380952381,3.0509523809523813,5.0,0,Beginner,Wheel Loader,11,35.0,14731.0
TSK-00726,2026-09-19,OP-015,MC-002,SITE-A,Demolition,Dust Storm,Rocky,37.2,28.1,Medium,Low,Scheduled,183.0,213.0,30.0,5.1,100.0,1,0,7.708878504672898,16.3,84.96448598130841,2.9378971962616824,4.5,0,Beginner,Bulldozer,4,70.8,5138.0
TSK-00727,2026-09-19,OP-015,MC-009,SITE-C,Excavation,Clear,Muddy,22.0,66.3,Medium,High,Scheduled,109.0,128.0,19.0,3.9,100.0,2,0,7.618604651162791,15.6,84.71937984496124,2.7322480620155036,2.1,0,Beginner,Wheel Loader,6,36.1,6061.0
TSK-00728,2026-09-19,OP-015,MC-008,SITE-B,Trenching,Clear,Rocky,26.5,79.2,High,Medium,Scheduled,131.0,178.0,47.0,4.5,100.0,0,0,7.770391061452514,16.8,84.74357541899441,2.9870949720670392,8.4,0,Beginner,Excavator,10,35.0,11262.0
TSK-00729,2026-09-20,OP-001,MC-006,SITE-C,Excavation,Rain,Muddy,18.2,50.9,Low,Low,Scheduled,138.0,132.0,-6.0,1.5,100.0,2,1,8.237593984962405,16.2,84.57067669172932,3.0201503759398496,3.4,7,Intermediate,Bulldozer,7,46.4,9831.0
TSK-00730,2026-09-20,OP-001,MC-010,SITE-B,Material Loading,Clear,Hard Soil,24.2,71.4,Low,Medium,Scheduled,49.0,45.0,-4.0,8.7,100.0,0,0,7.626086956521739,13.8,84.79565217391304,3.0539130434782606,15.4,7,Intermediate,Bulldozer,9,35.0,10882.0
TSK-00731,2026-09-20,OP-001,MC-002,SITE-A,Demolition,Clear,Soft Soil,18.6,61.7,Medium,Low,Scheduled,129.0,145.0,16.0,4.1,100.0,1,0,7.673287671232877,18.7,85.2472602739726,2.905821917808219,3.9,7,Intermediate,Bulldozer,4,70.8,5138.0
TSK-00732,2026-09-20,OP-002,MC-003,SITE-C,Material Loading,Dust Storm,Rocky,19.1,64.9,Medium,Low,Scheduled,74.0,93.0,19.0,28.7,100.0,0,0,5.588297872340425,14.7,84.06382978723404,2.765744680851064,5.0,5,Intermediate,Backhoe,5,44.1,5383.0
TSK-00733,2026-09-20,OP-002,MC-004,SITE-C,Grading,Dust Storm,Soft Soil,27.1,5.6,Low,Medium,Scheduled,78.0,103.0,25.0,21.2,100.0,3,2,6.953846153846154,26.0,85.87596153846154,2.993269230769231,2.0,5,Intermediate,Excavator,10,35.0,11223.0
TSK-00734,2026-09-20,OP-003,MC-006,SITE-C,Excavation,High Wind,Hard Soil,22.0,43.1,Low,High,Scheduled,110.0,114.0,4.0,7.0,100.0,2,0,7.785217391304347,17.4,83.55391304347826,3.1509565217391304,3.3,8,Advanced,Bulldozer,7,46.4,9831.0
TSK-00735,2026-09-20,OP-003,MC-001,SITE-A,Excavation,Clear,Soft Soil,22.7,80.3,High,Medium,Scheduled,69.0,60.0,-9.0,3.3,100.0,2,0,8.573770491803279,14.7,84.2016393442623,2.7990163934426233,2.6,8,Advanced,Wheel Loader,3,60.2,3118.0
TSK-00736,2026-09-20,OP-003,MC-003,SITE-B,Grading,Dust Storm,Rocky,28.0,20.4,Medium,Low,Scheduled,121.0,122.0,1.0,7.3,100.0,0,0,7.484552845528455,16.9,83.99918699186992,2.9965040650406505,10.5,8,Advanced,Backhoe,5,44.1,5383.0
TSK-00737,2026-09-20,OP-004,MC-006,SITE-B,Grading,Clear,Hard Soil,29.6,88.0,High,High,Scheduled,79.0,80.0,1.0,0.0,100.0,2,0,8.058024691358025,15.8,84.0,3.033456790123457,2.7,12,Advanced,Bulldozer,7,46.4,9831.0
TSK-00738,2026-09-20,OP-005,MC-006,SITE-A,Trenching,Clear,Muddy,24.6,72.7,Low,High,Scheduled,143.0,177.0,34.0,4.5,100.0,0,0,7.603932584269663,15.4,83.80955056179775,3.173089887640449,5.0,5,Intermediate,Bulldozer,7,46.4,9831.0
TSK-00739,2026-09-20,OP-006,MC-009,SITE-D,Excavation,Clear,Rocky,21.5,91.5,Low,Low,Scheduled,111.0,121.0,10.0,4.1,100.0,0,0,7.715573770491803,16.8,85.88688524590165,3.1459016393442623,11.2,5,Intermediate,Wheel Loader,6,36.1,6061.0
TSK-00740,2026-09-20,OP-007,MC-005,SITE-B,Grading,Clear,Hard Soil,29.1,71.4,Medium,Medium,Scheduled,91.0,111.0,20.0,26.8,100.0,0,0,5.913392857142857,16.6,84.83482142857143,2.966339285714286,5.0,12,Advanced,Wheel Loader,11,35.0,14731.0
TSK-00741,2026-09-20,OP-008,MC-006,SITE-C,Demolition,Clear,Hard Soil,26.3,93.4,Medium,High,Scheduled,128.0,127.0,-1.0,6.2,100.0,1,1,7.146875,14.9,84.88984375,2.971875,2.7,9,Advanced,Bulldozer,7,46.4,9831.0
TSK-00742,2026-09-20,OP-008,MC-004,SITE-A,Material Loading,Clear,Hard Soil,33.0,90.6,Medium,High,Scheduled,49.0,43.0,-6.0,6.8,100.0,0,0,7.0181818181818185,14.2,82.97272727272728,2.791590909090909,16.9,9,Advanced,Excavator,10,35.0,11223.0
TSK-00743,2026-09-20,OP-009,MC-009,SITE-B,Material Loading,High Wind,Muddy,14.7,60.0,Medium,Low,Scheduled,69.0,80.0,11.0,1.2,100.0,2,1,8.455555555555556,16.1,85.79506172839505,3.1133333333333333,3.7,4,Intermediate,Wheel Loader,6,36.1,6061.0
TSK-00744,2026-09-20,OP-010,MC-008,SITE-D,Trenching,Clear,Hard Soil,20.6,89.1,Low,Low,Scheduled,115.0,103.0,-12.0,5.8,100.0,0,0,7.514423076923077,15.4,83.97692307692309,3.029326923076923,10.6,8,Advanced,Excavator,10,35.0,11262.0
TSK-00745,2026-09-20,OP-010,MC-008,SITE-D,Trenching,Clear,Hard Soil,33.9,100.0,High,High,Scheduled,98.0,97.0,-1.0,4.1,100.0,2,0,7.912244897959184,15.4,84.75816326530611,2.980204081632653,1.8,8,Advanced,Excavator,10,35.0,11262.0
TSK-00746,2026-09-20,OP-011,MC-010,SITE-A,Trenching,Clear,Soft Soil,23.1,69.7,Medium,Low,Scheduled,101.0,118.0,17.0,23.5,100.0,1,0,6.102521008403362,15.5,86.3016806722689,2.8210084033613443,2.2,4,Intermediate,Bulldozer,9,35.0,10882.0
TSK-00747,2026-09-20,OP-012,MC-004,SITE-C,Grading,High Wind,Muddy,18.7,73.3,Medium,High,Scheduled,88.0,104.0,16.0,5.7,100.0,1,0,7.614285714285714,14.0,85.91619047619048,3.010666666666667,2.9,4,Intermediate,Excavator,10,35.0,11223.0
TSK-00748,2026-09-20,OP-012,MC-002,SITE-C,Excavation,Clear,Muddy,28.2,100.0,Low,Low,Scheduled,120.0,122.0,2.0,5.7,100.0,3,0,7.921951219512195,16.7,83.60243902439025,3.027560975609756,1.0,4,Intermediate,Bulldozer,4,70.8,5138.0
TSK-00749,2026-09-20,OP-012,MC-003,SITE-B,Grading,Clear,Soft Soil,31.8,80.4,Low,Medium,Scheduled,55.0,57.0,2.0,1.7,100.0,0,0,6.836206896551724,12.6,84.28448275862068,2.9891379310344828,6.2,4,Intermediate,Backhoe,5,44.1,5383.0
TSK-00750,2026-09-20,OP-013,MC-009,SITE-D,Trenching,Clear,Muddy,22.8,79.7,Low,Medium,Scheduled,120.0,131.0,11.0,3.8,100.0,0,0,7.612878787878787,13.8,85.97651515151514,2.9678030303030303,7.8,6,Intermediate,Wheel Loader,6,36.1,6061.0
TSK-00751,2026-09-20,OP-014,MC-008,SITE-D,Trenching,Rain,Muddy,21.1,69.6,Medium,Medium,Scheduled,160.0,181.0,21.0,7.7,100.0,1,0,7.468131868131868,15.8,86.47142857142856,3.094120879120879,2.4,0,Beginner,Excavator,10,35.0,11262.0
TSK-00752,2026-09-20,OP-014,MC-010,SITE-A,Trenching,Clear,Muddy,25.3,81.7,Medium,Low,Scheduled,145.0,167.0,22.0,4.8,100.0,3,0,7.619642857142857,14.2,84.67678571428571,3.0683333333333334,1.6,0,Beginner,Bulldozer,9,35.0,10882.0
TSK-00753,2026-09-20,OP-015,MC-001,SITE-A,Excavation,Dust Storm,Muddy,26.8,19.3,High,Medium,Scheduled,125.0,146.0,21.0,4.1,100.0,1,0,7.8414965986394565,16.7,84.5952380952381,2.946326530612245,4.0,0,Beginner,Wheel Loader,3,60.2,3118.0
TSK-00754,2026-09-21,OP-001,MC-003,SITE-A,Trenching,Rain,Muddy,16.1,66.7,Medium,Medium,Scheduled,142.0,147.0,5.0,6.8,100.0,0,0,7.426351351351351,14.3,85.37364864864864,3.193851351351351,5.0,7,Intermediate,Backhoe,5,44.1,5383.0
TSK-00755,2026-09-21,OP-002,MC-003,SITE-A,Trenching,High Wind,Soft Soil,25.9,69.4,Medium,Medium,Scheduled,113.0,144.0,31.0,23.4,100.0,2,2,6.528275862068965,18.9,84.23172413793104,3.003793103448276,3.4,5,Intermediate,Backhoe,5,44.1,5383.0
TSK-00756,2026-09-21,OP-003,MC-006,SITE-A,Grading,Clear,Rocky,28.4,70.8,Medium,Low,Scheduled,105.0,102.0,-3.0,2.9,100.0,1,0,8.00873786407767,15.6,84.01553398058253,2.9575728155339807,3.2,8,Advanced,Bulldozer,7,46.4,9831.0
TSK-00757,2026-09-21,OP-003,MC-006,SITE-D,Trenching,Rain,Muddy,14.7,35.2,Medium,Medium,Scheduled,126.0,115.0,-11.0,5.2,100.0,1,0,7.1129310344827585,14.6,83.79137931034482,2.982413793103448,4.4,8,Advanced,Bulldozer,7,46.4,9831.0
TSK-00758,2026-09-21,OP-003,MC-003,SITE-D,Material Loading,Rain,Rocky,9.5,37.2,Medium,Medium,Scheduled,81.0,90.0,9.0,3.3,0.0,1,1,7.926373626373626,15.3,84.87582417582418,2.8587912087912084,4.0,8,Advanced,Backhoe,5,44.1,5383.0
TSK-00759,2026-09-21,OP-004,MC-007,SITE-A,Trenching,Rain,Rocky,23.8,60.7,Low,Medium,Scheduled,153.0,142.0,-11.0,4.9,100.0,0,0,7.904895104895106,16.3,85.5104895104895,3.1709790209790207,10.9,12,Advanced,Backhoe,10,37.7,9166.0
TSK-00760,2026-09-21,OP-004,MC-001,SITE-D,Grading,Clear,Hard Soil,21.6,96.1,Low,High,Scheduled,86.0,71.0,-15.0,1.4,0.0,0,1,7.690277777777778,15.4,85.3138888888889,2.965138888888889,14.1,12,Advanced,Wheel Loader,3,60.2,3118.0
TSK-00761,2026-09-21,OP-005,MC-010,SITE-A,Material Loading,Dust Storm,Soft Soil,19.1,5.0,Medium,Medium,Scheduled,59.0,65.0,6.0,4.5,100.0,3,0,7.786363636363636,19.1,86.24242424242425,2.937121212121212,2.2,5,Intermediate,Bulldozer,9,35.0,10882.0
TSK-00762,2026-09-21,OP-006,MC-008,SITE-C,Demolition,Clear,Muddy,25.3,95.3,Low,Medium,Scheduled,158.0,175.0,17.0,6.2,100.0,0,0,7.416477272727272,16.3,85.40625,2.9275,5.0,5,Intermediate,Excavator,10,35.0,11262.0
TSK-00763,2026-09-21,OP-006,MC-005,SITE-D,Trenching,Clear,Soft Soil,16.5,89.8,Low,Medium,Scheduled,94.0,104.0,10.0,5.7,100.0,2,0,7.415238095238095,15.6,87.05809523809525,3.029047619047619,2.8,5,Intermediate,Wheel Loader,11,35.0,14731.0
TSK-00764,2026-09-21,OP-006,MC-005,SITE-D,Grading,Clear,Rocky,23.9,100.0,Medium,Medium,Scheduled,100.0,108.0,8.0,5.5,100.0,1,0,7.369724770642201,17.2,86.77339449541283,3.020642201834862,4.8,5,Intermediate,Wheel Loader,11,35.0,14731.0
TSK-00765,2026-09-21,OP-007,MC-004,SITE-D,Demolition,Rain,Soft Soil,13.3,54.4,Low,Medium,Scheduled,112.0,131.0,19.0,21.2,100.0,0,0,6.211363636363636,14.3,84.03257575757576,3.1479545454545454,7.4,12,Advanced,Excavator,10,35.0,11223.0
TSK-00766,2026-09-21,OP-008,MC-008,SITE-A,Demolition,Rain,Soft Soil,25.3,67.2,Medium,High,Scheduled,121.0,127.0,6.0,4.7,100.0,1,0,7.03125,15.5,85.184375,3.01171875,4.7,9,Advanced,Excavator,10,35.0,11262.0
TSK-00767,2026-09-21,OP-009,MC-001,SITE-D,Material Loading,Clear,Soft Soil,11.4,73.6,Medium,Low,Scheduled,47.0,43.0,-4.0,15.9,100.0,1,1,6.486363636363635,14.4,84.01363636363637,2.8502272727272726,2.9,4,Intermediate,Wheel Loader,3,60.2,3118.0
TSK-00768,2026-09-21,OP-009,MC-008,SITE-D,Demolition,Clear,Muddy,15.2,71.8,Low,Low,Scheduled,172.0,190.0,18.0,2.6,100.0,2,0,7.5,15.4,84.56858638743455,2.8410994764397905,4.9,4,Intermediate,Excavator,10,35.0,11262.0
TSK-00769,2026-09-21,OP-009,MC-003,SITE-D,Material Loading,Clear,Muddy,8.2,68.0,High,Low,Scheduled,68.0,73.0,5.0,4.1,100.0,0,0,7.5864864864864865,17.5,86.44054054054054,2.60527027027027,9.1,4,Intermediate,Backhoe,5,44.1,5383.0
TSK-00770,2026-09-21,OP-010,MC-004,SITE-C,Grading,Clear,Hard Soil,25.0,88.1,Medium,Medium,Scheduled,75.0,70.0,-5.0,7.0,100.0,0,0,7.8605633802816905,14.2,85.84788732394365,2.970422535211268,7.9,8,Advanced,Excavator,10,35.0,11223.0
TSK-00771,2026-09-21,OP-011,MC-003,SITE-C,Grading,Dust Storm,Soft Soil,28.3,22.1,Medium,Medium,Scheduled,80.0,110.0,30.0,19.8,100.0,3,1,6.897297297297298,21.6,85.55945945945946,2.986846846846847,2.4,4,Intermediate,Backhoe,5,44.1,5383.0
TSK-00772,2026-09-21,OP-011,MC-008,SITE-B,Grading,Clear,Soft Soil,17.8,83.2,Low,Medium,Scheduled,60.0,68.0,8.0,27.5,100.0,2,2,6.02463768115942,19.7,85.57536231884058,2.8692753623188403,3.4,4,Intermediate,Excavator,10,35.0,11262.0
TSK-00773,2026-09-21,OP-011,MC-006,SITE-D,Grading,Clear,Soft Soil,27.4,68.8,Low,Medium,Scheduled,73.0,98.0,25.0,26.3,100.0,2,0,6.056565656565657,14.5,84.46565656565657,2.995050505050505,2.2,4,Intermediate,Bulldozer,7,46.4,9831.0
TSK-00774,2026-09-21,OP-012,MC-002,SITE-A,Excavation,High Wind,Muddy,26.6,95.9,Low,Medium,Scheduled,93.0,87.0,-6.0,1.1,100.0,0,0,8.204545454545455,15.7,84.31363636363636,2.9107954545454544,16.1,4,Intermediate,Bulldozer,4,70.8,5138.0
TSK-00775,2026-09-21,OP-013,MC-008,SITE-A,Material Loading,High Wind,Muddy,18.1,23.4,High,Low,Scheduled,68.0,79.0,11.0,2.5,100.0,1,1,8.02375,16.4,86.62375,2.73825,5.7,6,Intermediate,Excavator,10,35.0,11262.0
TSK-00776,2026-09-21,OP-013,MC-008,SITE-B,Demolition,Clear,Soft Soil,25.5,77.4,Medium,High,Scheduled,126.0,152.0,26.0,7.2,100.0,0,0,7.55686274509804,17.0,85.13660130718954,3.050261437908497,10.1,6,Intermediate,Excavator,10,35.0,11262.0
TSK-00777,2026-09-21,OP-014,MC-003,SITE-C,Grading,Clear,Muddy,28.9,76.6,High,Low,Scheduled,84.0,107.0,23.0,7.4,100.0,2,0,7.440740740740741,14.5,84.91851851851852,3.0175,3.8,0,Beginner,Backhoe,5,44.1,5383.0
TSK-00778,2026-09-21,OP-015,MC-003,SITE-B,Trenching,Clear,Rocky,17.2,80.4,Medium,Low,Scheduled,118.0,144.0,26.0,3.4,100.0,0,0,7.968275862068966,17.2,85.19586206896551,2.932758620689655,14.4,0,Beginner,Backhoe,5,44.1,5383.0
TSK-00779,2026-09-22,OP-001,MC-001,SITE-D,Material Loading,Clear,Hard Soil,30.3,73.2,High,Medium,Scheduled,55.0,53.0,-2.0,0.0,100.0,1,0,7.942592592592592,19.4,86.18333333333332,3.061851851851852,4.0,7,Intermediate,Wheel Loader,3,60.2,3118.0
TSK-00780,2026-09-22,OP-001,MC-005,SITE-A,Excavation,Rain,Soft Soil,22.0,65.5,High,High,Scheduled,92.0,93.0,1.0,5.3,100.0,0,0,7.281914893617022,14.4,85.52446808510639,3.1861702127659575,12.5,7,Intermediate,Wheel Loader,11,35.0,14731.0
TSK-00781,2026-09-22,OP-002,MC-004,SITE-A,Trenching,Clear,Hard Soil,34.2,92.0,Medium,Medium,Scheduled,135.0,174.0,39.0,28.6,100.0,0,0,6.054857142857142,16.3,84.46685714285715,2.985142857142857,7.2,5,Intermediate,Excavator,10,35.0,11223.0
TSK-00782,2026-09-22,OP-002,MC-006,SITE-C,Material Loading,Clear,Hard Soil,30.2,100.0,Low,Medium,Scheduled,56.0,74.0,18.0,24.0,100.0,1,1,6.382666666666666,25.5,84.62533333333333,2.9468,5.0,5,Intermediate,Bulldozer,7,46.4,9831.0
TSK-00783,2026-09-22,OP-003,MC-005,SITE-D,Excavation,Rain,Rocky,15.2,56.0,High,Medium,Scheduled,132.0,148.0,16.0,2.0,100.0,3,0,8.43758389261745,15.5,85.36308724832215,2.882953020134228,1.9,8,Advanced,Wheel Loader,11,35.0,14731.0
TSK-00784,2026-09-22,OP-003,MC-002,SITE-D,Grading,Dust Storm,Soft Soil,32.6,25.0,Medium,High,Scheduled,114.0,109.0,-5.0,2.7,100.0,1,1,7.8109090909090915,14.7,84.97636363636363,3.011454545454545,4.9,8,Advanced,Bulldozer,4,70.8,5138.0
TSK-00785,2026-09-22,OP-004,MC-006,SITE-D,Grading,Rain,Soft Soil,19.9,74.3,Medium,Low,Scheduled,87.0,77.0,-10.0,2.6,0.0,0,1,8.147435897435898,14.2,84.26410256410257,3.01051282051282,14.2,12,Advanced,Bulldozer,7,46.4,9831.0
TSK-00786,2026-09-22,OP-004,MC-005,SITE-D,Material Loading,Clear,Rocky,31.1,93.4,Medium,Low,Scheduled,80.0,65.0,-15.0,4.5,100.0,2,0,7.609090909090909,13.3,84.12727272727273,2.9692424242424242,2.0,12,Advanced,Wheel Loader,11,35.0,14731.0
TSK-00787,2026-09-22,OP-005,MC-004,SITE-B,Material Loading,Dust Storm,Muddy,22.7,41.1,Medium,Medium,Scheduled,79.0,85.0,6.0,4.7,100.0,1,0,6.9441860465116285,13.4,85.64651162790697,2.67453488372093,5.7,5,Intermediate,Excavator,10,35.0,11223.0
TSK-00788,2026-09-22,OP-006,MC-010,SITE-B,Grading,Clear,Rocky,28.7,84.1,Medium,High,Scheduled,101.0,114.0,13.0,4.3,100.0,0,0,7.703478260869565,14.6,84.2695652173913,3.1038260869565217,6.5,5,Intermediate,Bulldozer,9,35.0,10882.0
TSK-00789,2026-09-22,OP-006,MC-009,SITE-B,Demolition,Clear,Soft Soil,30.2,95.3,Medium,Low,Scheduled,114.0,121.0,7.0,4.9,100.0,1,0,7.811475409836065,15.0,84.93032786885246,3.0768032786885247,1.7,5,Intermediate,Wheel Loader,6,36.1,6061.0
TSK-00790,2026-09-22,OP-007,MC-004,SITE-B,Excavation,Clear,Hard Soil,18.1,68.3,Medium,Medium,Scheduled,85.0,96.0,11.0,21.6,100.0,0,0,6.237113402061856,13.2,86.03505154639174,3.194639175257732,9.3,12,Advanced,Excavator,10,35.0,11223.0
TSK-00791,2026-09-22,OP-007,MC-007,SITE-B,Excavation,High Wind,Soft Soil,19.5,42.5,Medium,High,Scheduled,91.0,92.0,1.0,22.6,100.0,1,1,6.732258064516129,20.1,85.1247311827957,3.0646236559139783,4.8,12,Advanced,Backhoe,10,37.7,9166.0
TSK-00792,2026-09-22,OP-007,MC-003,SITE-D,Grading,Clear,Hard Soil,30.9,64.8,High,Low,Scheduled,79.0,86.0,7.0,34.5,100.0,2,2,5.51264367816092,21.9,85.55632183908045,2.960804597701149,3.4,12,Advanced,Backhoe,5,44.1,5383.0
TSK-00793,2026-09-22,OP-008,MC-009,SITE-B,Grading,Rain,Rocky,25.8,66.6,Medium,Low,Scheduled,122.0,126.0,4.0,5.5,100.0,1,0,7.095275590551181,15.2,85.68031496062991,3.1053543307086615,5.4,9,Advanced,Wheel Loader,6,36.1,6061.0
TSK-00794,2026-09-22,OP-008,MC-006,SITE-A,Grading,Clear,Rocky,27.1,93.0,High,Medium,Scheduled,119.0,111.0,-8.0,6.2,100.0,0,0,7.216964285714285,17.6,85.05,2.8648214285714286,7.0,9,Advanced,Bulldozer,7,46.4,9831.0
TSK-00795,2026-09-22,OP-008,MC-002,SITE-D,Grading,Clear,Muddy,29.0,90.8,High,High,Scheduled,100.0,101.0,1.0,1.0,100.0,1,0,8.373529411764705,16.3,84.7656862745098,3.32,4.3,9,Advanced,Bulldozer,4,70.8,5138.0
TSK-00796,2026-09-22,OP-009,MC-003,SITE-D,Excavation,Rain,Rocky,12.4,50.0,Low,Medium,Scheduled,152.0,155.0,3.0,3.8,100.0,0,0,7.543589743589743,16.4,84.66346153846153,2.981474358974359,6.3,4,Intermediate,Backhoe,5,44.1,5383.0
TSK-00797,2026-09-22,OP-010,MC-005,SITE-A,Material Loading,Clear,Muddy,22.9,86.5,High,Low,Scheduled,65.0,60.0,-5.0,4.9,100.0,2,1,7.6786885245901635,14.4,85.02950819672131,2.9959016393442623,3.6,8,Advanced,Wheel Loader,11,35.0,14731.0
TSK-00798,2026-09-22,OP-010,MC-002,SITE-A,Grading,Clear,Rocky,28.0,94.4,High,Medium,Scheduled,82.0,71.0,-11.0,4.2,100.0,1,0,7.4125000000000005,16.2,86.19861111111112,3.1661111111111113,2.3,8,Advanced,Bulldozer,4,70.8,5138.0
TSK-00799,2026-09-22,OP-011,MC-007,SITE-A,Grading,Clear,Muddy,27.1,80.9,Medium,Medium,Scheduled,81.0,107.0,26.0,25.0,100.0,1,0,6.050925925925926,16.3,86.59166666666667,2.9939814814814816,3.2,4,Intermediate,Backhoe,10,37.7,9166.0
TSK-00800,2026-09-22,OP-012,MC-007,SITE-D,Demolition,Clear,Rocky,30.8,88.4,High,High,Scheduled,199.0,236.0,37.0,5.1,100.0,0,0,7.791983122362869,15.6,85.35358649789029,2.961898734177215,6.2,4,Intermediate,Backhoe,10,37.7,9166.0
TSK-00801,2026-09-22,OP-012,MC-007,SITE-C,Material Loading,Clear,Hard Soil,26.4,82.7,Medium,Low,Scheduled,61.0,71.0,10.0,6.9,100.0,2,0,7.748611111111111,12.7,86.06805555555555,3.087222222222222,4.0,4,Intermediate,Backhoe,10,37.7,9166.0
TSK-00802,2026-09-22,OP-013,MC-010,SITE-A,Grading,Clear,Soft Soil,19.7,75.9,Medium,Medium,Scheduled,71.0,73.0,2.0,9.5,100.0,2,0,7.243243243243243,15.3,85.13243243243244,3.0317567567567565,2.5,6,Intermediate,Bulldozer,9,35.0,10882.0
TSK-00803,2026-09-22,OP-013,MC-009,SITE-A,Excavation,High Wind,Muddy,18.1,67.8,Medium,High,Scheduled,125.0,133.0,8.0,3.7,100.0,0,0,8.25,15.9,84.66044776119404,3.07,5.5,6,Intermediate,Wheel Loader,6,36.1,6061.0
TSK-00804,2026-09-22,OP-013,MC-001,SITE-B,Grading,Clear,Soft Soil,21.6,65.4,High,Medium,Scheduled,63.0,69.0,6.0,7.1,100.0,0,0,7.775714285714285,15.4,84.44428571428573,3.137857142857143,10.9,6,Intermediate,Wheel Loader,3,60.2,3118.0
TSK-00805,2026-09-22,OP-014,MC-005,SITE-A,Trenching,Clear,Hard Soil,23.2,94.7,High,Medium,Scheduled,127.0,165.0,38.0,3.6,100.0,0,0,7.654819277108434,16.8,84.08795180722892,3.086144578313253,10.2,0,Beginner,Wheel Loader,11,35.0,14731.0
TSK-00806,2026-09-22,OP-015,MC-003,SITE-C,Trenching,Clear,Soft Soil,18.1,79.0,Low,Low,Scheduled,109.0,130.0,21.0,7.6,100.0,2,0,7.195419847328244,15.0,84.43893129770993,2.9997709923664124,2.6,0,Beginner,Backhoe,5,44.1,5383.0
