task_id,date,operator_id,machine_id,site_id,task_type,environmental_condition,terrain_type,ambient_temp_c,visibility_pct,site_traffic_density,scheduled_start,scheduled_end,priority,status
TSK-00001,2026-08-24,OP-001,MC-008,SITE-C,Grading,Dust Storm,Soft Soil,26.2,23.5,Medium,2026-08-24T19:00:00,2026-08-24T20:27:00,High,Scheduled
TSK-00002,2026-08-24,OP-002,MC-010,SITE-B,Trenching,Rain,Muddy,23.6,49.8,Low,2026-08-24T07:00:00,2026-08-24T09:24:00,Low,Scheduled
TSK-00003,2026-08-24,OP-002,MC-001,SITE-C,Demolition,Rain,Muddy,13.3,52.5,Low,2026-08-24T09:39:00,2026-08-24T12:51:00,Low,Scheduled
TSK-00004,2026-08-24,OP-003,MC-003,SITE-A,Grading,Rain,Soft Soil,21.6,54.8,High,2026-08-24T19:00:00,2026-08-24T20:22:00,High,Scheduled
TSK-00005,2026-08-24,OP-003,MC-002,SITE-D,Excavation,Clear,Soft Soil,23.3,71.5,Medium,2026-08-24T20:52:00,2026-08-24T22:22:00,Medium,Scheduled
TSK-00006,2026-08-24,OP-003,MC-007,SITE-D,Material Loading,Clear,Soft Soil,27.0,79.3,High,2026-08-24T22:42:00,2026-08-24T23:24:00,High,Scheduled
TSK-00007,2026-08-24,OP-004,MC-002,SITE-B,Demolition,Clear,Hard Soil,29.8,88.1,High,2026-08-24T07:00:00,2026-08-24T09:09:00,High,Scheduled
TSK-00008,2026-08-24,OP-004,MC-008,SITE-C,Material Loading,Clear,Soft Soil,23.2,92.9,Medium,2026-08-24T09:19:00,2026-08-24T10:07:00,Low,Scheduled
TSK-00009,2026-08-24,OP-005,MC-002,SITE-B,Excavation,Dust Storm,Soft Soil,15.6,19.9,Medium,2026-08-24T19:00:00,2026-08-24T20:46:00,Low,Scheduled
TSK-00010,2026-08-24,OP-006,MC-009,SITE-D,Material Loading,High Wind,Hard Soil,20.2,70.9,Medium,2026-08-24T07:00:00,2026-08-24T07:58:00,Low,Scheduled
TSK-00011,2026-08-24,OP-007,MC-002,SITE-C,Trenching,Clear,Rocky,29.8,76.9,Medium,2026-08-24T19:00:00,2026-08-24T21:03:00,Medium,Scheduled
TSK-00012,2026-08-24,OP-008,MC-004,SITE-B,Excavation,Clear,Soft Soil,24.0,91.0,Medium,2026-08-24T07:00:00,2026-08-24T08:26:00,Low,Scheduled
TSK-00013,2026-08-24,OP-009,MC-003,SITE-A,Demolition,Dust Storm,Soft Soil,16.4,22.6,Medium,2026-08-24T19:00:00,2026-08-24T21:31:00,High,Scheduled
TSK-00014,2026-08-24,OP-010,MC-007,SITE-B,Grading,Rain,Muddy,21.0,58.1,Low,2026-08-24T07:00:00,2026-08-24T08:47:00,Medium,Scheduled
TSK-00015,2026-08-24,OP-010,MC-002,SITE-D,Excavation,Clear,Soft Soil,24.0,100.0,Low,2026-08-24T09:17:00,2026-08-24T10:43:00,Low,Scheduled
TSK-00016,2026-08-24,OP-010,MC-010,SITE-B,Grading,Clear,Muddy,30.2,85.4,Medium,2026-08-24T11:03:00,2026-08-24T12:42:00,Medium,Scheduled
TSK-00017,2026-08-24,OP-011,MC-008,SITE-A,Excavation,Clear,Soft Soil,22.3,67.1,High,2026-08-24T19:00:00,2026-08-24T20:23:00,Low,Scheduled
TSK-00018,2026-08-24,OP-012,MC-008,SITE-D,Trenching,Clear,Hard Soil,28.6,98.0,High,2026-08-24T07:00:00,2026-08-24T08:35:00,Medium,Scheduled
TSK-00019,2026-08-24,OP-013,MC-008,SITE-D,Material Loading,Clear,Muddy,27.5,88.3,Medium,2026-08-24T19:00:00,2026-08-24T20:04:00,Low,Scheduled
TSK-00020,2026-08-24,OP-014,MC-010,SITE-C,Demolition,Clear,Muddy,31.3,86.2,High,2026-08-24T07:00:00,2026-08-24T09:16:00,Low,Scheduled
TSK-00021,2026-08-24,OP-015,MC-006,SITE-B,Grading,Clear,Soft Soil,19.9,76.9,Medium,2026-08-24T19:00:00,2026-08-24T20:17:00,Low,Scheduled
TSK-00022,2026-08-25,OP-001,MC-001,SITE-C,Material Loading,High Wind,Hard Soil,23.0,82.7,Low,2026-08-25T19:00:00,2026-08-25T20:06:00,Medium,Scheduled
TSK-00023,2026-08-25,OP-001,MC-007,SITE-C,Excavation,High Wind,Soft Soil,20.0,69.2,Low,2026-08-25T20:36:00,2026-08-25T22:14:00,Medium,Scheduled
TSK-00024,2026-08-25,OP-001,MC-002,SITE-B,Grading,High Wind,Soft Soil,16.2,64.0,Medium,2026-08-25T22:24:00,2026-08-25T23:34:00,Medium,Scheduled
TSK-00025,2026-08-25,OP-002,MC-001,SITE-C,Grading,High Wind,Soft Soil,26.8,80.6,Low,2026-08-25T07:00:00,2026-08-25T08:18:00,High,Scheduled
TSK-00026,2026-08-25,OP-003,MC-004,SITE-C,Material Loading,Clear,Hard Soil,14.3,71.1,Low,2026-08-25T19:00:00,2026-08-25T19:58:00,Low,Scheduled
TSK-00027,2026-08-25,OP-004,MC-006,SITE-D,Excavation,Dust Storm,Soft Soil,32.8,27.0,Medium,2026-08-25T07:00:00,2026-08-25T08:53:00,High,Scheduled
TSK-00028,2026-08-25,OP-005,MC-009,SITE-B,Demolition,Rain,Muddy,16.4,44.1,Low,2026-08-25T19:00:00,2026-08-25T21:44:00,Low,Scheduled
TSK-00029,2026-08-25,OP-005,MC-008,SITE-A,Trenching,Dust Storm,Hard Soil,15.0,13.8,Low,2026-08-25T21:54:00,2026-08-26T00:19:00,Low,Scheduled
TSK-00030,2026-08-25,OP-006,MC-006,SITE-B,Material Loading,Rain,Soft Soil,19.3,46.4,High,2026-08-25T07:00:00,2026-08-25T08:05:00,High,Scheduled
TSK-00031,2026-08-25,OP-006,MC-002,SITE-B,Grading,High Wind,Hard Soil,21.1,94.2,High,2026-08-25T08:35:00,2026-08-25T09:58:00,Medium,Scheduled
TSK-00032,2026-08-25,OP-007,MC-008,SITE-B,Trenching,Rain,Rocky,24.2,43.0,High,2026-08-25T19:00:00,2026-08-25T21:37:00,Low,Scheduled
TSK-00033,2026-08-25,OP-008,MC-008,SITE-A,Grading,Dust Storm,Hard Soil,33.0,46.3,High,2026-08-25T07:00:00,2026-08-25T08:27:00,Medium,Scheduled
TSK-00034,2026-08-25,OP-008,MC-010,SITE-C,Grading,Dust Storm,Hard Soil,40.7,25.8,Low,2026-08-25T08:57:00,2026-08-25T10:14:00,Medium,Scheduled
TSK-00035,2026-08-25,OP-008,MC-007,SITE-C,Material Loading,Clear,Soft Soil,29.4,88.3,Low,2026-08-25T10:29:00,2026-08-25T11:28:00,High,Scheduled
TSK-00036,2026-08-25,OP-009,MC-003,SITE-A,Grading,Clear,Rocky,22.0,78.8,High,2026-08-25T19:00:00,2026-08-25T20:33:00,Medium,Scheduled
TSK-00037,2026-08-25,OP-009,MC-003,SITE-C,Trenching,Clear,Soft Soil,26.5,75.0,Medium,2026-08-25T20:53:00,2026-08-25T22:51:00,Low,Scheduled
TSK-00038,2026-08-25,OP-010,MC-005,SITE-C,Demolition,Clear,Rocky,29.8,98.9,Low,2026-08-25T07:00:00,2026-08-25T09:22:00,High,Scheduled
TSK-00039,2026-08-25,OP-011,MC-010,SITE-C,Trenching,Rain,Rocky,14.7,41.4,Medium,2026-08-25T19:00:00,2026-08-25T21:54:00,Medium,Scheduled
TSK-00040,2026-08-25,OP-011,MC-006,SITE-B,Trenching,Rain,Rocky,5.0,65.3,Medium,2026-08-25T22:09:00,2026-08-26T00:28:00,High,Scheduled
TSK-00041,2026-08-25,OP-012,MC-009,SITE-D,Demolition,Clear,Hard Soil,28.4,87.9,Medium,2026-08-25T07:00:00,2026-08-25T09:43:00,High,Scheduled
TSK-00042,2026-08-25,OP-012,MC-001,SITE-A,Excavation,Clear,Rocky,30.5,92.3,High,2026-08-25T09:58:00,2026-08-25T12:14:00,High,Scheduled
TSK-00043,2026-08-25,OP-013,MC-005,SITE-B,Excavation,Dust Storm,Hard Soil,28.6,5.0,Low,2026-08-25T19:00:00,2026-08-25T21:00:00,Medium,Scheduled
TSK-00044,2026-08-25,OP-013,MC-009,SITE-D,Trenching,Dust Storm,Hard Soil,37.7,10.2,Medium,2026-08-25T21:30:00,2026-08-25T23:19:00,Low,Scheduled
TSK-00045,2026-08-25,OP-014,MC-008,SITE-B,Excavation,Clear,Muddy,27.5,94.4,Medium,2026-08-25T07:00:00,2026-08-25T08:54:00,Medium,Scheduled
TSK-00046,2026-08-25,OP-014,MC-007,SITE-B,Trenching,Dust Storm,Rocky,35.3,31.0,Medium,2026-08-25T09:04:00,2026-08-25T11:57:00,High,Scheduled
TSK-00047,2026-08-25,OP-014,MC-006,SITE-D,Trenching,Dust Storm,Muddy,41.7,49.4,Low,2026-08-25T12:27:00,2026-08-25T15:04:00,High,Scheduled
TSK-00048,2026-08-25,OP-015,MC-009,SITE-D,Trenching,Rain,Rocky,14.4,46.3,Low,2026-08-25T19:00:00,2026-08-25T21:38:00,High,Scheduled
TSK-00049,2026-08-25,OP-015,MC-005,SITE-A,Trenching,Clear,Hard Soil,22.1,65.9,High,2026-08-25T21:58:00,2026-08-25T23:44:00,High,Scheduled
TSK-00050,2026-08-26,OP-001,MC-002,SITE-D,Trenching,Clear,Muddy,28.9,77.6,High,2026-08-26T19:00:00,2026-08-26T20:54:00,Medium,Scheduled
TSK-00051,2026-08-26,OP-001,MC-008,SITE-D,Material Loading,Clear,Rocky,22.4,68.1,High,2026-08-26T21:04:00,2026-08-26T22:09:00,High,Scheduled
TSK-00052,2026-08-26,OP-001,MC-007,SITE-B,Trenching,Clear,Rocky,25.4,65.4,Medium,2026-08-26T22:39:00,2026-08-27T00:56:00,Medium,Scheduled
TSK-00053,2026-08-26,OP-002,MC-008,SITE-D,Trenching,High Wind,Soft Soil,25.0,70.7,Medium,2026-08-26T07:00:00,2026-08-26T08:50:00,Low,Scheduled
TSK-00054,2026-08-26,OP-003,MC-005,SITE-B,Excavation,Dust Storm,Hard Soil,28.9,5.0,Low,2026-08-26T19:00:00,2026-08-26T21:12:00,Medium,Scheduled
TSK-00055,2026-08-26,OP-003,MC-001,SITE-C,Material Loading,Rain,Muddy,18.7,47.5,Medium,2026-08-26T21:32:00,2026-08-26T22:40:00,Medium,Scheduled
TSK-00056,2026-08-26,OP-003,MC-001,SITE-B,Excavation,Rain,Soft Soil,21.6,42.5,High,2026-08-26T23:10:00,2026-08-27T00:30:00,Low,Scheduled
TSK-00057,2026-08-26,OP-004,MC-009,SITE-D,Trenching,Rain,Hard Soil,22.5,59.2,Medium,2026-08-26T07:00:00,2026-08-26T09:15:00,Low,Scheduled
TSK-00058,2026-08-26,OP-005,MC-010,SITE-B,Demolition,High Wind,Soft Soil,23.5,52.1,Low,2026-08-26T19:00:00,2026-08-26T21:11:00,Medium,Scheduled
TSK-00059,2026-08-26,OP-006,MC-009,SITE-B,Excavation,Clear,Hard Soil,20.8,90.9,Medium,2026-08-26T07:00:00,2026-08-26T08:43:00,High,Scheduled
TSK-00060,2026-08-26,OP-006,MC-008,SITE-A,Material Loading,Rain,Soft Soil,21.2,50.3,High,2026-08-26T09:03:00,2026-08-26T10:09:00,Low,Scheduled
TSK-00061,2026-08-26,OP-006,MC-002,SITE-C,Trenching,Clear,Muddy,26.6,78.2,Low,2026-08-26T10:29:00,2026-08-26T12:41:00,High,Scheduled
TSK-00062,2026-08-26,OP-007,MC-001,SITE-B,Demolition,Clear,Rocky,17.8,72.4,High,2026-08-26T19:00:00,2026-08-26T21:55:00,High,Scheduled
TSK-00063,2026-08-26,OP-007,MC-007,SITE-C,Excavation,Clear,Hard Soil,17.5,71.1,Low,2026-08-26T22:25:00,2026-08-27T00:11:00,High,Scheduled
TSK-00064,2026-08-26,OP-007,MC-003,SITE-D,Material Loading,Clear,Muddy,33.1,87.5,Low,2026-08-27T00:41:00,2026-08-27T01:42:00,Medium,Scheduled
TSK-00065,2026-08-26,OP-008,MC-006,SITE-A,Excavation,Clear,Hard Soil,29.1,97.0,Medium,2026-08-26T07:00:00,2026-08-26T08:45:00,Medium,Scheduled
TSK-00066,2026-08-26,OP-008,MC-003,SITE-B,Trenching,Rain,Muddy,12.9,74.6,High,2026-08-26T09:15:00,2026-08-26T11:40:00,Medium,Scheduled
TSK-00067,2026-08-26,OP-009,MC-005,SITE-D,Demolition,Rain,Rocky,24.0,63.2,Medium,2026-08-26T19:00:00,2026-08-26T22:11:00,Medium,Scheduled
TSK-00068,2026-08-26,OP-010,MC-009,SITE-D,Grading,Clear,Rocky,26.5,82.9,Low,2026-08-26T07:00:00,2026-08-26T08:35:00,Medium,Scheduled
TSK-00069,2026-08-26,OP-010,MC-008,SITE-A,Grading,Rain,Hard Soil,19.6,74.1,Medium,2026-08-26T08:50:00,2026-08-26T10:26:00,Medium,Scheduled
TSK-00070,2026-08-26,OP-011,MC-004,SITE-A,Grading,Dust Storm,Rocky,32.8,27.2,Medium,2026-08-26T19:00:00,2026-08-26T21:05:00,Medium,Scheduled
TSK-00071,2026-08-26,OP-011,MC-005,SITE-A,Grading,High Wind,Rocky,19.9,66.0,High,2026-08-26T21:25:00,2026-08-26T23:11:00,Medium,Scheduled
TSK-00072,2026-08-26,OP-012,MC-002,SITE-D,Excavation,Clear,Hard Soil,21.5,90.4,Low,2026-08-26T07:00:00,2026-08-26T08:46:00,Low,Scheduled
TSK-00073,2026-08-26,OP-012,MC-005,SITE-A,Demolition,Clear,Soft Soil,28.1,100.0,High,2026-08-26T09:16:00,2026-08-26T11:24:00,Low,Scheduled
TSK-00074,2026-08-26,OP-012,MC-006,SITE-B,Excavation,Dust Storm,Rocky,39.9,40.1,High,2026-08-26T11:34:00,2026-08-26T13:41:00,High,Scheduled
TSK-00075,2026-08-26,OP-013,MC-008,SITE-B,Trenching,Rain,Muddy,9.3,30.3,High,2026-08-26T19:00:00,2026-08-26T21:21:00,Medium,Scheduled
TSK-00076,2026-08-26,OP-013,MC-010,SITE-A,Grading,Rain,Soft Soil,15.7,25.7,High,2026-08-26T21:41:00,2026-08-26T22:58:00,Low,Scheduled
TSK-00077,2026-08-26,OP-013,MC-009,SITE-A,Trenching,Clear,Muddy,27.4,84.4,High,2026-08-26T23:18:00,2026-08-27T01:39:00,High,Scheduled
TSK-00078,2026-08-26,OP-014,MC-007,SITE-D,Material Loading,Clear,Hard Soil,35.5,95.9,High,2026-08-26T07:00:00,2026-08-26T07:45:00,Medium,Scheduled
TSK-00079,2026-08-26,OP-014,MC-005,SITE-A,Material Loading,Clear,Hard Soil,34.0,96.0,High,2026-08-26T08:00:00,2026-08-26T08:54:00,Low,Scheduled
TSK-00080,2026-08-26,OP-015,MC-004,SITE-C,Trenching,Clear,Rocky,18.1,65.4,Low,2026-08-26T19:00:00,2026-08-26T21:19:00,High,Scheduled
TSK-00081,2026-08-27,OP-001,MC-002,SITE-D,Trenching,Clear,Soft Soil,30.9,74.4,High,2026-08-27T19:00:00,2026-08-27T20:39:00,High,Scheduled
TSK-00082,2026-08-27,OP-001,MC-007,SITE-A,Demolition,High Wind,Rocky,19.0,42.3,Low,2026-08-27T20:59:00,2026-08-28T00:16:00,Medium,Scheduled
TSK-00083,2026-08-27,OP-001,MC-009,SITE-B,Trenching,High Wind,Muddy,19.2,46.8,High,2026-08-28T00:31:00,2026-08-28T02:35:00,High,Scheduled
TSK-00084,2026-08-27,OP-002,MC-010,SITE-B,Material Loading,Clear,Muddy,24.7,94.7,Medium,2026-08-27T07:00:00,2026-08-27T07:58:00,High,Scheduled
TSK-00085,2026-08-27,OP-003,MC-005,SITE-D,Material Loading,Clear,Rocky,32.5,70.0,Low,2026-08-27T19:00:00,2026-08-27T20:08:00,Low,Scheduled
TSK-00086,2026-08-27,OP-004,MC-002,SITE-D,Demolition,Clear,Rocky,22.5,100.0,High,2026-08-27T07:00:00,2026-08-27T10:32:00,Low,Scheduled
TSK-00087,2026-08-27,OP-004,MC-009,SITE-B,Material Loading,Clear,Hard Soil,27.3,95.2,Medium,2026-08-27T11:02:00,2026-08-27T11:42:00,Low,Scheduled
TSK-00088,2026-08-27,OP-004,MC-005,SITE-A,Grading,High Wind,Hard Soil,14.1,67.3,Medium,2026-08-27T12:12:00,2026-08-27T13:48:00,High,Scheduled
TSK-00089,2026-08-27,OP-005,MC-004,SITE-A,Trenching,Clear,Soft Soil,19.8,69.9,High,2026-08-27T19:00:00,2026-08-27T20:37:00,High,Scheduled
TSK-00090,2026-08-27,OP-005,MC-007,SITE-C,Trenching,Clear,Muddy,17.6,69.6,Low,2026-08-27T20:52:00,2026-08-27T22:41:00,High,Scheduled
TSK-00091,2026-08-27,OP-005,MC-006,SITE-B,Trenching,Dust Storm,Rocky,28.1,24.7,Medium,2026-08-27T22:56:00,2026-08-28T01:36:00,Medium,Scheduled
TSK-00092,2026-08-27,OP-006,MC-001,SITE-B,Material Loading,Clear,Muddy,33.1,88.2,Medium,2026-08-27T07:00:00,2026-08-27T08:00:00,Medium,Scheduled
TSK-00093,2026-08-27,OP-006,MC-009,SITE-C,Demolition,Dust Storm,Hard Soil,34.7,35.6,Low,2026-08-27T08:30:00,2026-08-27T11:32:00,Low,Scheduled
TSK-00094,2026-08-27,OP-006,MC-010,SITE-C,Trenching,Rain,Muddy,20.1,53.0,High,2026-08-27T12:02:00,2026-08-27T14:10:00,Medium,Scheduled
TSK-00095,2026-08-27,OP-007,MC-006,SITE-B,Excavation,Clear,Rocky,15.4,71.7,High,2026-08-27T19:00:00,2026-08-27T21:28:00,Low,Scheduled
TSK-00096,2026-08-27,OP-008,MC-009,SITE-D,Excavation,Dust Storm,Hard Soil,29.1,48.7,Medium,2026-08-27T07:00:00,2026-08-27T08:54:00,Medium,Scheduled
TSK-00097,2026-08-27,OP-009,MC-003,SITE-A,Material Loading,Dust Storm,Muddy,26.9,5.0,High,2026-08-27T19:00:00,2026-08-27T20:08:00,Low,Scheduled
TSK-00098,2026-08-27,OP-009,MC-007,SITE-B,Grading,Rain,Rocky,12.6,52.6,Medium,2026-08-27T20:38:00,2026-08-27T22:39:00,High,Scheduled
TSK-00099,2026-08-27,OP-009,MC-003,SITE-A,Excavation,Clear,Rocky,19.7,77.1,Low,2026-08-27T23:09:00,2026-08-28T01:32:00,Low,Scheduled
TSK-00100,2026-08-27,OP-010,MC-007,SITE-D,Grading,Clear,Hard Soil,27.8,82.7,Low,2026-08-27T07:00:00,2026-08-27T08:35:00,High,Scheduled
TSK-00101,2026-08-27,OP-011,MC-001,SITE-D,Grading,High Wind,Hard Soil,17.2,48.4,Medium,2026-08-27T19:00:00,2026-08-27T20:22:00,Medium,Scheduled
TSK-00102,2026-08-27,OP-012,MC-006,SITE-B,Demolition,Clear,Rocky,31.4,97.0,Low,2026-08-27T07:00:00,2026-08-27T10:10:00,High,Scheduled
TSK-00103,2026-08-27,OP-012,MC-006,SITE-C,Grading,Clear,Rocky,26.4,92.7,High,2026-08-27T10:40:00,2026-08-27T12:33:00,Low,Scheduled
TSK-00104,2026-08-27,OP-013,MC-004,SITE-D,Material Loading,Clear,Rocky,27.9,73.3,Low,2026-08-27T19:00:00,2026-08-27T20:01:00,High,Scheduled
TSK-00105,2026-08-27,OP-014,MC-010,SITE-D,Grading,Dust Storm,Rocky,24.6,42.5,Medium,2026-08-27T07:00:00,2026-08-27T09:08:00,Low,Scheduled
TSK-00106,2026-08-27,OP-015,MC-001,SITE-C,Excavation,Rain,Hard Soil,17.2,60.8,High,2026-08-27T19:00:00,2026-08-27T21:08:00,High,Scheduled
TSK-00107,2026-08-28,OP-001,MC-004,SITE-B,Material Loading,Clear,Rocky,20.8,63.1,Medium,2026-08-28T19:00:00,2026-08-28T19:58:00,Medium,Scheduled
TSK-00108,2026-08-28,OP-001,MC-010,SITE-C,Trenching,Dust Storm,Rocky,21.4,9.8,High,2026-08-28T20:13:00,2026-08-28T23:50:00,Low,Scheduled
TSK-00109,2026-08-28,OP-002,MC-008,SITE-A,Trenching,Clear,Hard Soil,31.9,89.3,High,2026-08-28T07:00:00,2026-08-28T08:37:00,Low,Scheduled
TSK-00110,2026-08-28,OP-002,MC-010,SITE-D,Trenching,Clear,Soft Soil,31.4,91.0,Medium,2026-08-28T08:57:00,2026-08-28T10:29:00,High,Scheduled
TSK-00111,2026-08-28,OP-002,MC-004,SITE-D,Excavation,Dust Storm,Rocky,32.1,25.1,Medium,2026-08-28T10:49:00,2026-08-28T13:06:00,Low,Scheduled
TSK-00112,2026-08-28,OP-003,MC-004,SITE-B,Material Loading,Rain,Muddy,15.1,33.2,Medium,2026-08-28T19:00:00,2026-08-28T20:06:00,Medium,Scheduled
TSK-00113,2026-08-28,OP-003,MC-004,SITE-D,Demolition,Clear,Hard Soil,20.3,60.7,Low,2026-08-28T20:16:00,2026-08-28T22:47:00,High,Scheduled
TSK-00114,2026-08-28,OP-004,MC-005,SITE-B,Trenching,Dust Storm,Soft Soil,27.7,32.3,Medium,2026-08-28T07:00:00,2026-08-28T08:36:00,Low,Scheduled
TSK-00115,2026-08-28,OP-004,MC-006,SITE-C,Grading,Clear,Muddy,23.5,97.8,Medium,2026-08-28T08:56:00,2026-08-28T10:11:00,High,Scheduled
TSK-00116,2026-08-28,OP-004,MC-009,SITE-C,Excavation,Clear,Rocky,33.2,92.9,Low,2026-08-28T10:21:00,2026-08-28T12:26:00,Low,Scheduled
TSK-00117,2026-08-28,OP-005,MC-004,SITE-A,Excavation,Rain,Soft Soil,15.4,56.5,High,2026-08-28T19:00:00,2026-08-28T20:49:00,Low,Scheduled
TSK-00118,2026-08-28,OP-005,MC-004,SITE-A,Demolition,Dust Storm,Hard Soil,31.2,20.3,Medium,2026-08-28T21:04:00,2026-08-29T00:08:00,High,Scheduled
TSK-00119,2026-08-28,OP-005,MC-006,SITE-A,Grading,Clear,Hard Soil,19.5,65.3,High,2026-08-29T00:23:00,2026-08-29T01:44:00,Low,Scheduled
TSK-00120,2026-08-28,OP-006,MC-006,SITE-C,Demolition,Rain,Hard Soil,19.3,64.4,Low,2026-08-28T07:00:00,2026-08-28T09:25:00,Medium,Scheduled
TSK-00121,2026-08-28,OP-007,MC-001,SITE-B,Excavation,Rain,Soft Soil,19.7,41.0,Medium,2026-08-28T19:00:00,2026-08-28T20:37:00,High,Scheduled
TSK-00122,2026-08-28,OP-008,MC-007,SITE-A,Trenching,Rain,Rocky,19.9,63.4,High,2026-08-28T07:00:00,2026-08-28T09:46:00,Low,Scheduled
TSK-00123,2026-08-28,OP-009,MC-005,SITE-D,Trenching,Clear,Soft Soil,17.5,79.7,High,2026-08-28T19:00:00,2026-08-28T20:22:00,High,Scheduled
TSK-00124,2026-08-28,OP-009,MC-005,SITE-B,Demolition,Clear,Rocky,19.3,80.0,Medium,2026-08-28T20:52:00,2026-08-28T23:09:00,Medium,Scheduled
TSK-00125,2026-08-28,OP-009,MC-006,SITE-D,Excavation,Clear,Muddy,22.3,72.1,High,2026-08-28T23:29:00,2026-08-29T01:13:00,High,Scheduled
TSK-00126,2026-08-28,OP-010,MC-007,SITE-D,Trenching,Clear,Hard Soil,32.7,91.0,Medium,2026-08-28T07:00:00,2026-08-28T08:47:00,Medium,Scheduled
TSK-00127,2026-08-28,OP-011,MC-005,SITE-A,Material Loading,Clear,Rocky,16.9,74.8,Medium,2026-08-28T19:00:00,2026-08-28T19:59:00,Low,Scheduled
TSK-00128,2026-08-28,OP-011,MC-010,SITE-A,Material Loading,Clear,Soft Soil,29.2,80.9,High,2026-08-28T20:14:00,2026-08-28T20:58:00,Medium,Scheduled
TSK-00129,2026-08-28,OP-011,MC-002,SITE-A,Excavation,Clear,Muddy,23.1,67.9,High,2026-08-28T21:08:00,2026-08-28T23:11:00,Low,Scheduled
TSK-00130,2026-08-28,OP-012,MC-009,SITE-D,Material Loading,Clear,Soft Soil,24.1,89.2,High,2026-08-28T07:00:00,2026-08-28T07:49:00,Low,Scheduled
TSK-00131,2026-08-28,OP-013,MC-001,SITE-B,Demolition,Dust Storm,Soft Soil,29.5,16.8,High,2026-08-28T19:00:00,2026-08-28T21:41:00,Medium,Scheduled
TSK-00132,2026-08-28,OP-013,MC-005,SITE-C,Grading,Clear,Hard Soil,22.8,71.8,Medium,2026-08-28T22:01:00,2026-08-28T23:23:00,Low,Scheduled
TSK-00133,2026-08-28,OP-014,MC-008,SITE-B,Material Loading,Clear,Muddy,30.0,100.0,Low,2026-08-28T07:00:00,2026-08-28T08:06:00,High,Scheduled
TSK-00134,2026-08-28,OP-015,MC-009,SITE-A,Grading,Dust Storm,Hard Soil,22.5,30.2,High,2026-08-28T19:00:00,2026-08-28T20:26:00,High,Scheduled
TSK-00135,2026-08-28,OP-015,MC-007,SITE-D,Trenching,Clear,Muddy,16.6,83.7,Low,2026-08-28T20:36:00,2026-08-28T23:03:00,High,Scheduled
TSK-00136,2026-08-29,OP-001,MC-010,SITE-C,Demolition,Clear,Muddy,26.9,67.6,Low,2026-08-29T19:00:00,2026-08-29T21:49:00,Low,Scheduled
TSK-00137,2026-08-29,OP-001,MC-006,SITE-C,Excavation,Clear,Soft Soil,31.0,67.0,Low,2026-08-29T22:04:00,2026-08-29T23:25:00,High,Scheduled
TSK-00138,2026-08-29,OP-001,MC-001,SITE-B,Excavation,Clear,Rocky,14.1,82.6,Medium,2026-08-29T23:55:00,2026-08-30T01:44:00,Low,Scheduled
TSK-00139,2026-08-29,OP-002,MC-010,SITE-D,Material Loading,Clear,Muddy,15.0,94.3,Low,2026-08-29T07:00:00,2026-08-29T08:02:00,Medium,Scheduled
TSK-00140,2026-08-29,OP-002,MC-001,SITE-B,Material Loading,Dust Storm,Muddy,38.3,39.0,Low,2026-08-29T08:12:00,2026-08-29T09:41:00,Low,Scheduled
TSK-00141,2026-08-29,OP-003,MC-007,SITE-D,Material Loading,Clear,Muddy,20.0,81.6,High,2026-08-29T19:00:00,2026-08-29T19:58:00,High,Scheduled
TSK-00142,2026-08-29,OP-003,MC-009,SITE-A,Material Loading,Clear,Hard Soil,20.7,88.8,Medium,2026-08-29T20:13:00,2026-08-29T20:59:00,Low,Scheduled
TSK-00143,2026-08-29,OP-003,MC-008,SITE-B,Grading,Rain,Soft Soil,20.5,45.5,High,2026-08-29T21:14:00,2026-08-29T22:41:00,High,Scheduled
TSK-00144,2026-08-29,OP-004,MC-001,SITE-C,Grading,Dust Storm,Rocky,30.3,37.2,Low,2026-08-29T07:00:00,2026-08-29T08:56:00,Medium,Scheduled
TSK-00145,2026-08-29,OP-004,MC-002,SITE-C,Material Loading,Rain,Soft Soil,25.7,69.2,Low,2026-08-29T09:26:00,2026-08-29T10:18:00,Medium,Scheduled
TSK-00146,2026-08-29,OP-004,MC-005,SITE-D,Material Loading,Clear,Rocky,30.5,95.6,Low,2026-08-29T10:38:00,2026-08-29T11:41:00,High,Scheduled
TSK-00147,2026-08-29,OP-005,MC-009,SITE-D,Trenching,Clear,Soft Soil,21.9,74.7,High,2026-08-29T19:00:00,2026-08-29T20:35:00,Low,Scheduled
TSK-00148,2026-08-29,OP-005,MC-005,SITE-A,Excavation,Clear,Rocky,27.6,76.4,High,2026-08-29T20:50:00,2026-08-29T22:57:00,Medium,Scheduled
TSK-00149,2026-08-29,OP-005,MC-003,SITE-B,Trenching,Clear,Rocky,18.9,82.5,Medium,2026-08-29T23:12:00,2026-08-30T02:01:00,High,Scheduled
TSK-00150,2026-08-29,OP-006,MC-001,SITE-A,Material Loading,Clear,Muddy,26.0,83.2,Medium,2026-08-29T07:00:00,2026-08-29T08:08:00,Medium,Scheduled
TSK-00151,2026-08-29,OP-006,MC-008,SITE-A,Material Loading,Clear,Hard Soil,23.6,100.0,Medium,2026-08-29T08:23:00,2026-08-29T09:13:00,Low,Scheduled
TSK-00152,2026-08-29,OP-007,MC-006,SITE-C,Grading,Clear,Rocky,25.8,71.5,Medium,2026-08-29T19:00:00,2026-08-29T20:56:00,Medium,Scheduled
TSK-00153,2026-08-29,OP-008,MC-010,SITE-C,Material Loading,Clear,Hard Soil,19.8,93.0,High,2026-08-29T07:00:00,2026-08-29T08:07:00,Low,Scheduled
TSK-00154,2026-08-29,OP-009,MC-009,SITE-B,Excavation,Clear,Rocky,27.0,69.6,Medium,2026-08-29T19:00:00,2026-08-29T21:01:00,High,Scheduled
TSK-00155,2026-08-29,OP-010,MC-007,SITE-D,Demolition,Clear,Hard Soil,30.3,100.0,High,2026-08-29T07:00:00,2026-08-29T09:20:00,High,Scheduled
TSK-00156,2026-08-29,OP-011,MC-006,SITE-A,Trenching,Clear,Hard Soil,21.7,81.7,High,2026-08-29T19:00:00,2026-08-29T20:43:00,Medium,Scheduled
TSK-00157,2026-08-29,OP-011,MC-004,SITE-B,Trenching,Clear,Muddy,21.4,79.0,High,2026-08-29T21:13:00,2026-08-29T23:12:00,Low,Scheduled
TSK-00158,2026-08-29,OP-011,MC-009,SITE-B,Material Loading,Dust Storm,Hard Soil,26.9,12.4,Low,2026-08-29T23:42:00,2026-08-30T00:55:00,Low,Scheduled
TSK-00159,2026-08-29,OP-012,MC-003,SITE-C,Material Loading,Clear,Hard Soil,23.7,85.7,Low,2026-08-29T07:00:00,2026-08-29T07:57:00,Medium,Scheduled
TSK-00160,2026-08-29,OP-013,MC-005,SITE-B,Excavation,Dust Storm,Rocky,19.7,14.8,Medium,2026-08-29T19:00:00,2026-08-29T21:26:00,Low,Scheduled
TSK-00161,2026-08-29,OP-014,MC-006,SITE-B,Material Loading,Clear,Soft Soil,30.8,84.9,High,2026-08-29T07:00:00,2026-08-29T07:46:00,Low,Scheduled
TSK-00162,2026-08-29,OP-014,MC-004,SITE-C,Grading,High Wind,Muddy,15.4,84.8,Medium,2026-08-29T08:01:00,2026-08-29T09:26:00,Medium,Scheduled
TSK-00163,2026-08-29,OP-015,MC-001,SITE-A,Grading,Clear,Hard Soil,24.3,79.2,High,2026-08-29T19:00:00,2026-08-29T20:28:00,Medium,Scheduled
TSK-00164,2026-08-30,OP-001,MC-002,SITE-A,Excavation,Clear,Muddy,13.3,89.2,Low,2026-08-30T19:00:00,2026-08-30T21:08:00,High,Scheduled
TSK-00165,2026-08-30,OP-002,MC-009,SITE-B,Demolition,Clear,Soft Soil,34.1,84.7,Medium,2026-08-30T07:00:00,2026-08-30T08:58:00,Low,Scheduled
TSK-00166,2026-08-30,OP-003,MC-010,SITE-C,Trenching,Clear,Soft Soil,17.4,61.3,Medium,2026-08-30T19:00:00,2026-08-30T20:44:00,Medium,Scheduled
TSK-00167,2026-08-30,OP-004,MC-006,SITE-C,Grading,Rain,Rocky,18.3,61.6,Medium,2026-08-30T07:00:00,2026-08-30T08:59:00,High,Scheduled
TSK-00168,2026-08-30,OP-005,MC-010,SITE-B,Grading,Clear,Rocky,21.1,76.0,High,2026-08-30T19:00:00,2026-08-30T21:03:00,Low,Scheduled
TSK-00169,2026-08-30,OP-005,MC-003,SITE-B,Excavation,Clear,Muddy,18.6,66.3,Low,2026-08-30T21:33:00,2026-08-30T23:24:00,Medium,Scheduled
TSK-00170,2026-08-30,OP-006,MC-007,SITE-D,Material Loading,High Wind,Muddy,29.1,79.5,Low,2026-08-30T07:00:00,2026-08-30T08:04:00,Medium,Scheduled
TSK-00171,2026-08-30,OP-006,MC-009,SITE-C,Material Loading,Dust Storm,Soft Soil,41.9,51.3,Low,2026-08-30T08:19:00,2026-08-30T09:15:00,Medium,Scheduled
TSK-00172,2026-08-30,OP-007,MC-002,SITE-D,Material Loading,Dust Storm,Muddy,20.1,19.9,High,2026-08-30T19:00:00,2026-08-30T20:19:00,High,Scheduled
TSK-00173,2026-08-30,OP-007,MC-006,SITE-C,Excavation,Dust Storm,Muddy,23.2,34.2,Low,2026-08-30T20:49:00,2026-08-30T23:06:00,Low,Scheduled
TSK-00174,2026-08-30,OP-007,MC-010,SITE-C,Trenching,Rain,Rocky,17.3,51.2,Medium,2026-08-30T23:21:00,2026-08-31T01:36:00,Medium,Scheduled
TSK-00175,2026-08-30,OP-008,MC-001,SITE-C,Material Loading,Rain,Muddy,18.1,70.0,Medium,2026-08-30T07:00:00,2026-08-30T08:03:00,Low,Scheduled
TSK-00176,2026-08-30,OP-009,MC-008,SITE-C,Excavation,Clear,Hard Soil,30.7,77.4,Low,2026-08-30T19:00:00,2026-08-30T20:46:00,High,Scheduled
TSK-00177,2026-08-30,OP-009,MC-006,SITE-C,Demolition,Clear,Soft Soil,12.9,80.2,Low,2026-08-30T21:16:00,2026-08-30T22:56:00,Low,Scheduled
TSK-00178,2026-08-30,OP-009,MC-003,SITE-B,Material Loading,Clear,Muddy,22.6,91.9,Medium,2026-08-30T23:26:00,2026-08-31T00:34:00,Low,Scheduled
TSK-00179,2026-08-30,OP-010,MC-008,SITE-D,Material Loading,High Wind,Soft Soil,24.9,73.3,High,2026-08-30T07:00:00,2026-08-30T07:47:00,Low,Scheduled
TSK-00180,2026-08-30,OP-010,MC-001,SITE-C,Grading,Rain,Muddy,22.7,64.8,Low,2026-08-30T08:17:00,2026-08-30T09:44:00,Medium,Scheduled
TSK-00181,2026-08-30,OP-010,MC-002,SITE-B,Excavation,Dust Storm,Muddy,25.8,34.4,High,2026-08-30T09:54:00,2026-08-30T12:19:00,High,Scheduled
TSK-00182,2026-08-30,OP-011,MC-007,SITE-A,Material Loading,Clear,Rocky,19.4,77.2,High,2026-08-30T19:00:00,2026-08-30T20:12:00,Low,Scheduled
TSK-00183,2026-08-30,OP-011,MC-003,SITE-B,Trenching,Rain,Hard Soil,21.3,54.8,Low,2026-08-30T20:27:00,2026-08-30T22:37:00,Low,Scheduled
TSK-00184,2026-08-30,OP-012,MC-002,SITE-A,Demolition,Clear,Muddy,27.6,98.6,Medium,2026-08-30T07:00:00,2026-08-30T09:25:00,High,Scheduled
TSK-00185,2026-08-30,OP-013,MC-010,SITE-B,Trenching,High Wind,Soft Soil,15.5,39.3,Medium,2026-08-30T19:00:00,2026-08-30T20:58:00,High,Scheduled
TSK-00186,2026-08-30,OP-014,MC-009,SITE-B,Excavation,Clear,Soft Soil,31.6,98.0,Medium,2026-08-30T07:00:00,2026-08-30T08:40:00,Low,Scheduled
TSK-00187,2026-08-30,OP-015,MC-004,SITE-C,Material Loading,High Wind,Hard Soil,20.0,73.5,High,2026-08-30T19:00:00,2026-08-30T19:54:00,High,Scheduled
TSK-00188,2026-08-31,OP-001,MC-004,SITE-B,Demolition,Rain,Soft Soil,13.1,46.1,Medium,2026-08-31T19:00:00,2026-08-31T21:15:00,High,Scheduled
TSK-00189,2026-08-31,OP-001,MC-005,SITE-C,Excavation,Dust Storm,Soft Soil,38.1,5.0,Low,2026-08-31T21:30:00,2026-08-31T23:26:00,Medium,Scheduled
TSK-00190,2026-08-31,OP-002,MC-001,SITE-D,Material Loading,Dust Storm,Rocky,39.8,29.8,Medium,2026-08-31T07:00:00,2026-08-31T08:12:00,Medium,Scheduled
TSK-00191,2026-08-31,OP-003,MC-001,SITE-A,Trenching,Rain,Hard Soil,18.3,46.3,Medium,2026-08-31T19:00:00,2026-08-31T21:15:00,Medium,Scheduled
TSK-00192,2026-08-31,OP-003,MC-010,SITE-C,Trenching,Rain,Rocky,15.3,41.7,Low,2026-08-31T21:45:00,2026-09-01T00:06:00,Low,Scheduled
TSK-00193,2026-08-31,OP-003,MC-004,SITE-D,Grading,Clear,Muddy,24.2,81.6,Low,2026-09-01T00:26:00,2026-09-01T01:41:00,High,Scheduled
TSK-00194,2026-08-31,OP-004,MC-007,SITE-B,Material Loading,High Wind,Hard Soil,21.9,78.4,High,2026-08-31T07:00:00,2026-08-31T07:54:00,Low,Scheduled
TSK-00195,2026-08-31,OP-004,MC-010,SITE-B,Trenching,Clear,Muddy,29.4,100.0,High,2026-08-31T08:14:00,2026-08-31T10:37:00,Low,Scheduled
TSK-00196,2026-08-31,OP-004,MC-008,SITE-A,Grading,High Wind,Muddy,28.9,73.9,Medium,2026-08-31T11:07:00,2026-08-31T12:57:00,Low,Scheduled
TSK-00197,2026-08-31,OP-005,MC-001,SITE-C,Material Loading,Clear,Muddy,19.6,66.6,Low,2026-08-31T19:00:00,2026-08-31T20:10:00,High,Scheduled
TSK-00198,2026-08-31,OP-006,MC-001,SITE-D,Excavation,Clear,Muddy,22.1,97.9,Medium,2026-08-31T07:00:00,2026-08-31T08:50:00,Medium,Scheduled
TSK-00199,2026-08-31,OP-006,MC-001,SITE-C,Demolition,Clear,Muddy,33.1,95.6,Low,2026-08-31T09:05:00,2026-08-31T11:36:00,Low,Scheduled
TSK-00200,2026-08-31,OP-007,MC-009,SITE-D,Demolition,Clear,Rocky,26.4,57.7,High,2026-08-31T19:00:00,2026-08-31T22:04:00,High,Scheduled
TSK-00201,2026-08-31,OP-008,MC-005,SITE-A,Trenching,Clear,Rocky,31.1,96.2,High,2026-08-31T07:00:00,2026-08-31T09:35:00,High,Scheduled
TSK-00202,2026-08-31,OP-009,MC-002,SITE-C,Grading,High Wind,Rocky,22.4,61.0,Low,2026-08-31T19:00:00,2026-08-31T20:57:00,High,Scheduled
TSK-00203,2026-08-31,OP-010,MC-004,SITE-C,Material Loading,Clear,Soft Soil,29.6,91.1,Low,2026-08-31T07:00:00,2026-08-31T07:49:00,Medium,Scheduled
TSK-00204,2026-08-31,OP-010,MC-008,SITE-C,Demolition,Rain,Soft Soil,27.6,51.7,Low,2026-08-31T07:59:00,2026-08-31T10:12:00,High,Scheduled
TSK-00205,2026-08-31,OP-010,MC-006,SITE-A,Demolition,Clear,Hard Soil,25.0,94.8,High,2026-08-31T10:27:00,2026-08-31T12:41:00,Low,Scheduled
TSK-00206,2026-08-31,OP-011,MC-007,SITE-A,Grading,Clear,Soft Soil,18.4,75.4,Low,2026-08-31T19:00:00,2026-08-31T20:18:00,Low,Scheduled
TSK-00207,2026-08-31,OP-012,MC-007,SITE-D,Grading,Dust Storm,Soft Soil,39.3,65.5,Medium,2026-08-31T07:00:00,2026-08-31T08:28:00,High,Scheduled
TSK-00208,2026-08-31,OP-012,MC-007,SITE-D,Grading,Clear,Rocky,26.1,95.3,Medium,2026-08-31T08:48:00,2026-08-31T10:39:00,High,Scheduled
TSK-00209,2026-08-31,OP-012,MC-007,SITE-C,Demolition,Rain,Rocky,23.2,63.4,Low,2026-08-31T10:59:00,2026-08-31T14:31:00,Medium,Scheduled
TSK-00210,2026-08-31,OP-013,MC-006,SITE-B,Material Loading,High Wind,Rocky,25.2,49.6,Medium,2026-08-31T19:00:00,2026-08-31T20:15:00,High,Scheduled
TSK-00211,2026-08-31,OP-013,MC-005,SITE-C,Trenching,Clear,Muddy,17.2,60.2,Medium,2026-08-31T20:45:00,2026-08-31T22:58:00,High,Scheduled
TSK-00212,2026-08-31,OP-014,MC-007,SITE-C,Trenching,High Wind,Rocky,19.8,67.9,Low,2026-08-31T07:00:00,2026-08-31T10:02:00,High,Scheduled
TSK-00213,2026-08-31,OP-015,MC-009,SITE-B,Grading,Clear,Hard Soil,10.1,81.0,Low,2026-08-31T19:00:00,2026-08-31T20:20:00,Medium,Scheduled
TSK-00214,2026-08-31,OP-015,MC-001,SITE-C,Grading,Rain,Soft Soil,12.6,35.0,Low,2026-08-31T20:35:00,2026-08-31T21:58:00,Medium,Scheduled
TSK-00215,2026-09-01,OP-001,MC-007,SITE-B,Material Loading,Rain,Rocky,12.4,45.3,Low,2026-09-01T19:00:00,2026-09-01T20:11:00,High,Scheduled
TSK-00216,2026-09-01,OP-001,MC-007,SITE-B,Grading,Clear,Soft Soil,12.1,87.0,Medium,2026-09-01T20:21:00,2026-09-01T21:33:00,Medium,Scheduled
TSK-00217,2026-09-01,OP-001,MC-006,SITE-D,Excavation,Clear,Rocky,21.3,70.3,Low,2026-09-01T21:48:00,2026-09-01T23:44:00,Medium,Scheduled
TSK-00218,2026-09-01,OP-002,MC-005,SITE-B,Material Loading,Dust Storm,Muddy,28.2,26.7,Low,2026-09-01T07:00:00,2026-09-01T08:26:00,Medium,Scheduled
TSK-00219,2026-09-01,OP-002,MC-007,SITE-B,Grading,Rain,Rocky,22.0,68.6,Low,2026-09-01T08:36:00,2026-09-01T10:38:00,Medium,Scheduled
TSK-00220,2026-09-01,OP-002,MC-001,SITE-B,Trenching,Clear,Muddy,26.7,92.2,Medium,2026-09-01T10:58:00,2026-09-01T12:54:00,Medium,Scheduled
TSK-00221,2026-09-01,OP-003,MC-003,SITE-B,Material Loading,High Wind,Muddy,22.1,59.1,High,2026-09-01T19:00:00,2026-09-01T20:06:00,Medium,Scheduled
TSK-00222,2026-09-01,OP-004,MC-010,SITE-C,Material Loading,Clear,Soft Soil,25.0,99.8,Medium,2026-09-01T07:00:00,2026-09-01T07:38:00,Low,Scheduled
TSK-00223,2026-09-01,OP-004,MC-008,SITE-A,Trenching,Clear,Hard Soil,29.2,94.5,High,2026-09-01T07:53:00,2026-09-01T09:47:00,High,Scheduled
TSK-00224,2026-09-01,OP-005,MC-008,SITE-C,Grading,Clear,Hard Soil,23.9,73.0,High,2026-09-01T19:00:00,2026-09-01T20:20:00,High,Scheduled
TSK-00225,2026-09-01,OP-006,MC-009,SITE-D,Demolition,Rain,Muddy,25.5,60.5,High,2026-09-01T07:00:00,2026-09-01T09:40:00,Low,Scheduled
TSK-00226,2026-09-01,OP-006,MC-007,SITE-A,Excavation,Clear,Rocky,30.4,95.8,High,2026-09-01T09:55:00,2026-09-01T12:04:00,Low,Scheduled
TSK-00227,2026-09-01,OP-007,MC-010,SITE-B,Excavation,Clear,Muddy,15.7,65.8,Medium,2026-09-01T19:00:00,2026-09-01T21:07:00,Low,Scheduled
TSK-00228,2026-09-01,OP-008,MC-001,SITE-B,Demolition,Clear,Muddy,27.9,89.6,Low,2026-09-01T07:00:00,2026-09-01T09:29:00,High,Scheduled
TSK-00229,2026-09-01,OP-008,MC-004,SITE-C,Material Loading,Rain,Muddy,25.6,58.7,Medium,2026-09-01T09:59:00,2026-09-01T11:09:00,High,Scheduled
TSK-00230,2026-09-01,OP-008,MC-010,SITE-A,Excavation,Clear,Rocky,25.1,97.0,High,2026-09-01T11:24:00,2026-09-01T13:30:00,Low,Scheduled
TSK-00231,2026-09-01,OP-009,MC-010,SITE-A,Grading,Clear,Hard Soil,16.1,61.0,High,2026-09-01T19:00:00,2026-09-01T20:15:00,Medium,Scheduled
TSK-00232,2026-09-01,OP-009,MC-009,SITE-D,Material Loading,Clear,Hard Soil,27.2,65.5,Low,2026-09-01T20:45:00,2026-09-01T21:40:00,Low,Scheduled
TSK-00233,2026-09-01,OP-009,MC-007,SITE-A,Trenching,Rain,Rocky,5.0,50.8,High,2026-09-01T22:10:00,2026-09-02T00:54:00,Low,Scheduled
TSK-00234,2026-09-01,OP-010,MC-010,SITE-C,Excavation,Clear,Hard Soil,26.6,100.0,Low,2026-09-01T07:00:00,2026-09-01T08:54:00,High,Scheduled
TSK-00235,2026-09-01,OP-010,MC-009,SITE-A,Excavation,Clear,Soft Soil,28.2,100.0,High,2026-09-01T09:24:00,2026-09-01T11:03:00,High,Scheduled
TSK-00236,2026-09-01,OP-010,MC-003,SITE-A,Trenching,Clear,Soft Soil,29.0,90.9,Medium,2026-09-01T11:33:00,2026-09-01T13:24:00,Low,Scheduled
TSK-00237,2026-09-01,OP-011,MC-002,SITE-C,Demolition,Clear,Rocky,28.6,69.6,Medium,2026-09-01T19:00:00,2026-09-01T21:21:00,High,Scheduled
TSK-00238,2026-09-01,OP-012,MC-006,SITE-D,Demolition,Clear,Soft Soil,26.4,88.9,High,2026-09-01T07:00:00,2026-09-01T08:43:00,High,Scheduled
TSK-00239,2026-09-01,OP-013,MC-002,SITE-D,Trenching,Clear,Rocky,21.5,81.8,High,2026-09-01T19:00:00,2026-09-01T21:22:00,Medium,Scheduled
TSK-00240,2026-09-01,OP-013,MC-004,SITE-D,Grading,Clear,Muddy,23.6,84.9,High,2026-09-01T21:42:00,2026-09-01T23:17:00,Medium,Scheduled
TSK-00241,2026-09-01,OP-013,MC-008,SITE-A,Demolition,Clear,Muddy,26.8,82.2,High,2026-09-01T23:37:00,2026-09-02T01:54:00,High,Scheduled
TSK-00242,2026-09-01,OP-014,MC-005,SITE-D,Demolition,Dust Storm,Soft Soil,34.6,52.0,High,2026-09-01T07:00:00,2026-09-01T09:16:00,Low,Scheduled
TSK-00243,2026-09-01,OP-015,MC-008,SITE-D,Excavation,Rain,Soft Soil,20.9,57.9,Low,2026-09-01T19:00:00,2026-09-01T21:02:00,Medium,Scheduled
TSK-00244,2026-09-01,OP-015,MC-005,SITE-C,Grading,High Wind,Soft Soil,21.1,66.5,High,2026-09-01T21:17:00,2026-09-01T22:45:00,Low,Scheduled
TSK-00245,2026-09-02,OP-001,MC-009,SITE-D,Material Loading,High Wind,Rocky,18.5,51.9,Medium,2026-09-02T19:00:00,2026-09-02T20:15:00,Medium,Scheduled
TSK-00246,2026-09-02,OP-002,MC-003,SITE-A,Material Loading,Dust Storm,Muddy,39.5,36.2,High,2026-09-02T07:00:00,2026-09-02T08:13:00,Medium,Scheduled
TSK-00247,2026-09-02,OP-002,MC-009,SITE-D,Grading,Clear,Hard Soil,18.9,87.8,Low,2026-09-02T08:33:00,2026-09-02T09:46:00,Medium,Scheduled
TSK-00248,2026-09-02,OP-002,MC-005,SITE-B,Trenching,Clear,Hard Soil,21.9,86.2,Medium,2026-09-02T10:16:00,2026-09-02T12:08:00,Medium,Scheduled
TSK-00249,2026-09-02,OP-003,MC-008,SITE-C,Trenching,Rain,Muddy,22.0,45.5,Low,2026-09-02T19:00:00,2026-09-02T21:21:00,Medium,Scheduled
TSK-00250,2026-09-02,OP-003,MC-003,SITE-B,Demolition,High Wind,Soft Soil,16.8,53.8,Low,2026-09-02T21:41:00,2026-09-02T23:37:00,Low,Scheduled
TSK-00251,2026-09-02,OP-004,MC-004,SITE-B,Excavation,Dust Storm,Hard Soil,33.3,34.2,Medium,2026-09-02T07:00:00,2026-09-02T08:58:00,Low,Scheduled
TSK-00252,2026-09-02,OP-004,MC-009,SITE-D,Trenching,Clear,Muddy,24.1,91.9,Low,2026-09-02T09:08:00,2026-09-02T11:22:00,Low,Scheduled
TSK-00253,2026-09-02,OP-004,MC-001,SITE-A,Demolition,Clear,Rocky,23.7,95.3,High,2026-09-02T11:52:00,2026-09-02T14:47:00,High,Scheduled
TSK-00254,2026-09-02,OP-005,MC-006,SITE-B,Demolition,Clear,Soft Soil,23.7,82.5,Low,2026-09-02T19:00:00,2026-09-02T20:55:00,Medium,Scheduled
TSK-00255,2026-09-02,OP-005,MC-009,SITE-C,Material Loading,Rain,Soft Soil,15.5,39.1,High,2026-09-02T21:10:00,2026-09-02T22:10:00,Low,Scheduled
TSK-00256,2026-09-02,OP-005,MC-001,SITE-C,Excavation,Rain,Soft Soil,16.5,51.6,Low,2026-09-02T22:40:00,2026-09-03T00:31:00,High,Scheduled
TSK-00257,2026-09-02,OP-006,MC-003,SITE-B,Material Loading,Clear,Muddy,28.1,95.9,Medium,2026-09-02T07:00:00,2026-09-02T08:00:00,High,Scheduled
TSK-00258,2026-09-02,OP-007,MC-005,SITE-B,Material Loading,Clear,Muddy,30.3,82.2,Low,2026-09-02T19:00:00,2026-09-02T19:51:00,High,Scheduled
TSK-00259,2026-09-02,OP-008,MC-004,SITE-B,Excavation,High Wind,Rocky,27.1,89.9,High,2026-09-02T07:00:00,2026-09-02T09:17:00,High,Scheduled
TSK-00260,2026-09-02,OP-009,MC-002,SITE-A,Demolition,Clear,Hard Soil,25.6,87.9,High,2026-09-02T19:00:00,2026-09-02T21:13:00,Medium,Scheduled
TSK-00261,2026-09-02,OP-009,MC-001,SITE-B,Demolition,Rain,Soft Soil,16.1,39.5,Medium,2026-09-02T21:43:00,2026-09-03T00:01:00,Low,Scheduled
TSK-00262,2026-09-02,OP-009,MC-004,SITE-C,Material Loading,Rain,Muddy,17.5,54.4,Low,2026-09-03T00:21:00,2026-09-03T01:28:00,Low,Scheduled
TSK-00263,2026-09-02,OP-010,MC-006,SITE-D,Excavation,Clear,Muddy,24.9,93.9,High,2026-09-02T07:00:00,2026-09-02T09:03:00,Low,Scheduled
TSK-00264,2026-09-02,OP-010,MC-001,SITE-A,Trenching,Clear,Hard Soil,18.7,98.6,High,2026-09-02T09:23:00,2026-09-02T11:23:00,High,Scheduled
TSK-00265,2026-09-02,OP-011,MC-005,SITE-C,Excavation,Clear,Soft Soil,21.5,68.2,High,2026-09-02T19:00:00,2026-09-02T20:46:00,Low,Scheduled
TSK-00266,2026-09-02,OP-011,MC-001,SITE-A,Demolition,Clear,Muddy,21.1,87.6,High,2026-09-02T21:16:00,2026-09-02T23:39:00,High,Scheduled
TSK-00267,2026-09-02,OP-011,MC-002,SITE-A,Trenching,Clear,Rocky,17.8,82.7,Low,2026-09-03T00:09:00,2026-09-03T02:36:00,High,Scheduled
TSK-00268,2026-09-02,OP-012,MC-010,SITE-B,Grading,Rain,Hard Soil,30.9,46.2,Low,2026-09-02T07:00:00,2026-09-02T08:33:00,Medium,Scheduled
TSK-00269,2026-09-02,OP-013,MC-002,SITE-A,Trenching,Clear,Rocky,18.7,77.2,Medium,2026-09-02T19:00:00,2026-09-02T21:20:00,High,Scheduled
TSK-00270,2026-09-02,OP-014,MC-007,SITE-B,Material Loading,Clear,Hard Soil,32.7,97.3,Low,2026-09-02T07:00:00,2026-09-02T07:58:00,Medium,Scheduled
TSK-00271,2026-09-02,OP-014,MC-003,SITE-D,Trenching,Dust Storm,Rocky,29.1,30.4,Medium,2026-09-02T08:28:00,2026-09-02T11:24:00,Medium,Scheduled
TSK-00272,2026-09-02,OP-014,MC-007,SITE-C,Trenching,Rain,Hard Soil,24.6,72.2,Low,2026-09-02T11:39:00,2026-09-02T13:46:00,Medium,Scheduled
TSK-00273,2026-09-02,OP-015,MC-006,SITE-D,Material Loading,High Wind,Hard Soil,21.8,42.9,Medium,2026-09-02T19:00:00,2026-09-02T19:58:00,Low,Scheduled
TSK-00274,2026-09-02,OP-015,MC-002,SITE-B,Trenching,Rain,Soft Soil,14.5,58.0,High,2026-09-02T20:28:00,2026-09-02T22:16:00,High,Scheduled
TSK-00275,2026-09-03,OP-001,MC-008,SITE-D,Material Loading,Rain,Hard Soil,12.2,28.5,Low,2026-09-03T19:00:00,2026-09-03T20:09:00,Low,Scheduled
TSK-00276,2026-09-03,OP-002,MC-004,SITE-D,Demolition,Clear,Muddy,22.3,98.2,Low,2026-09-03T07:00:00,2026-09-03T09:44:00,High,Scheduled
TSK-00277,2026-09-03,OP-002,MC-003,SITE-A,Material Loading,Clear,Hard Soil,28.7,90.0,Medium,2026-09-03T10:04:00,2026-09-03T10:58:00,High,Scheduled
TSK-00278,2026-09-03,OP-002,MC-002,SITE-D,Trenching,High Wind,Rocky,25.6,59.7,Low,2026-09-03T11:08:00,2026-09-03T13:16:00,Medium,Scheduled
TSK-00279,2026-09-03,OP-003,MC-007,SITE-B,Trenching,Clear,Muddy,25.6,80.0,High,2026-09-03T19:00:00,2026-09-03T20:57:00,Low,Scheduled
TSK-00280,2026-09-03,OP-004,MC-006,SITE-D,Excavation,High Wind,Soft Soil,32.8,66.3,High,2026-09-03T07:00:00,2026-09-03T08:34:00,Medium,Scheduled
TSK-00281,2026-09-03,OP-004,MC-009,SITE-C,Demolition,Clear,Hard Soil,18.6,87.6,Low,2026-09-03T08:49:00,2026-09-03T10:54:00,Low,Scheduled
TSK-00282,2026-09-03,OP-005,MC-006,SITE-D,Excavation,Clear,Rocky,24.1,77.9,High,2026-09-03T19:00:00,2026-09-03T21:07:00,Low,Scheduled
TSK-00283,2026-09-03,OP-005,MC-002,SITE-B,Demolition,High Wind,Hard Soil,15.6,50.6,Low,2026-09-03T21:17:00,2026-09-03T23:46:00,Medium,Scheduled
TSK-00284,2026-09-03,OP-005,MC-006,SITE-B,Grading,Rain,Hard Soil,17.3,51.9,Medium,2026-09-04T00:01:00,2026-09-04T01:43:00,Low,Scheduled
TSK-00285,2026-09-03,OP-006,MC-006,SITE-D,Grading,Clear,Hard Soil,28.1,94.3,Low,2026-09-03T07:00:00,2026-09-03T08:13:00,High,Scheduled
TSK-00286,2026-09-03,OP-006,MC-002,SITE-A,Material Loading,Rain,Hard Soil,22.6,55.0,Medium,2026-09-03T08:23:00,2026-09-03T09:22:00,Low,Scheduled
TSK-00287,2026-09-03,OP-006,MC-004,SITE-C,Demolition,Rain,Muddy,19.9,67.7,High,2026-09-03T09:52:00,2026-09-03T13:22:00,High,Scheduled
TSK-00288,2026-09-03,OP-007,MC-004,SITE-D,Material Loading,Clear,Rocky,18.6,68.8,High,2026-09-03T19:00:00,2026-09-03T19:58:00,Medium,Scheduled
TSK-00289,2026-09-03,OP-007,MC-001,SITE-A,Excavation,Rain,Rocky,11.0,46.1,Medium,2026-09-03T20:13:00,2026-09-03T22:41:00,High,Scheduled
TSK-00290,2026-09-03,OP-007,MC-001,SITE-D,Demolition,Clear,Hard Soil,25.4,82.1,Medium,2026-09-03T22:51:00,2026-09-04T01:13:00,High,Scheduled
TSK-00291,2026-09-03,OP-008,MC-001,SITE-B,Grading,Clear,Hard Soil,22.7,87.5,Medium,2026-09-03T07:00:00,2026-09-03T08:12:00,High,Scheduled
TSK-00292,2026-09-03,OP-009,MC-010,SITE-C,Grading,High Wind,Muddy,19.2,66.2,Low,2026-09-03T19:00:00,2026-09-03T20:26:00,Medium,Scheduled
TSK-00293,2026-09-03,OP-010,MC-002,SITE-D,Trenching,Clear,Muddy,26.2,88.1,Low,2026-09-03T07:00:00,2026-09-03T09:06:00,Low,Scheduled
TSK-00294,2026-09-03,OP-010,MC-009,SITE-C,Demolition,Clear,Hard Soil,26.5,91.5,Low,2026-09-03T09:16:00,2026-09-03T12:01:00,High,Scheduled
TSK-00295,2026-09-03,OP-010,MC-008,SITE-D,Demolition,Clear,Soft Soil,33.6,90.4,Low,2026-09-03T12:31:00,2026-09-03T14:24:00,High,Scheduled
TSK-00296,2026-09-03,OP-011,MC-006,SITE-D,Excavation,Clear,Muddy,18.2,64.8,High,2026-09-03T19:00:00,2026-09-03T21:00:00,Medium,Scheduled
TSK-00297,2026-09-03,OP-012,MC-010,SITE-C,Trenching,Dust Storm,Soft Soil,37.7,30.6,Medium,2026-09-03T07:00:00,2026-09-03T08:46:00,Low,Scheduled
TSK-00298,2026-09-03,OP-012,MC-001,SITE-B,Demolition,Dust Storm,Rocky,32.9,16.2,Medium,2026-09-03T08:56:00,2026-09-03T11:49:00,High,Scheduled
TSK-00299,2026-09-03,OP-013,MC-009,SITE-B,Demolition,Dust Storm,Soft Soil,25.4,38.0,Medium,2026-09-03T19:00:00,2026-09-03T21:31:00,High,Scheduled
TSK-00300,2026-09-03,OP-014,MC-006,SITE-C,Grading,Clear,Soft Soil,29.6,89.0,High,2026-09-03T07:00:00,2026-09-03T07:59:00,Low,Scheduled
TSK-00301,2026-09-03,OP-014,MC-003,SITE-C,Grading,Dust Storm,Hard Soil,27.8,44.7,Low,2026-09-03T08:29:00,2026-09-03T10:04:00,Low,Scheduled
TSK-00302,2026-09-03,OP-015,MC-001,SITE-D,Trenching,Clear,Rocky,15.1,72.8,Medium,2026-09-03T19:00:00,2026-09-03T21:33:00,Low,Scheduled
TSK-00303,2026-09-03,OP-015,MC-009,SITE-D,Material Loading,Clear,Rocky,20.1,75.2,Medium,2026-09-03T21:43:00,2026-09-03T22:54:00,High,Scheduled
TSK-00304,2026-09-03,OP-015,MC-003,SITE-A,Material Loading,Rain,Muddy,13.7,38.6,High,2026-09-03T23:24:00,2026-09-04T00:35:00,Low,Scheduled
TSK-00305,2026-09-04,OP-001,MC-007,SITE-C,Material Loading,Clear,Rocky,22.0,68.4,Low,2026-09-04T19:00:00,2026-09-04T20:12:00,Medium,Scheduled
TSK-00306,2026-09-04,OP-001,MC-002,SITE-A,Excavation,Clear,Muddy,26.2,80.1,Low,2026-09-04T20:27:00,2026-09-04T22:28:00,Medium,Scheduled
TSK-00307,2026-09-04,OP-001,MC-003,SITE-B,Material Loading,High Wind,Hard Soil,23.7,48.5,Low,2026-09-04T22:43:00,2026-09-04T23:53:00,Low,Scheduled
TSK-00308,2026-09-04,OP-002,MC-002,SITE-B,Grading,Clear,Rocky,31.3,85.4,Medium,2026-09-04T07:00:00,2026-09-04T08:39:00,High,Scheduled
TSK-00309,2026-09-04,OP-002,MC-008,SITE-A,Excavation,Clear,Muddy,33.4,94.2,Low,2026-09-04T08:49:00,2026-09-04T10:39:00,High,Scheduled
TSK-00310,2026-09-04,OP-003,MC-009,SITE-A,Excavation,Clear,Rocky,20.7,73.4,High,2026-09-04T19:00:00,2026-09-04T21:27:00,Low,Scheduled
TSK-00311,2026-09-04,OP-003,MC-008,SITE-D,Excavation,Clear,Soft Soil,15.9,76.5,Medium,2026-09-04T21:57:00,2026-09-04T23:29:00,Low,Scheduled
TSK-00312,2026-09-04,OP-003,MC-004,SITE-B,Demolition,Clear,Soft Soil,25.7,76.5,Medium,2026-09-04T23:49:00,2026-09-05T01:34:00,High,Scheduled
TSK-00313,2026-09-04,OP-004,MC-008,SITE-D,Grading,Rain,Muddy,19.3,63.2,Low,2026-09-04T07:00:00,2026-09-04T08:38:00,Low,Scheduled
TSK-00314,2026-09-04,OP-005,MC-007,SITE-D,Material Loading,Clear,Muddy,21.8,89.1,High,2026-09-04T19:00:00,2026-09-04T20:06:00,High,Scheduled
TSK-00315,2026-09-04,OP-006,MC-008,SITE-A,Grading,Dust Storm,Rocky,35.1,34.3,High,2026-09-04T07:00:00,2026-09-04T09:13:00,High,Scheduled
TSK-00316,2026-09-04,OP-006,MC-003,SITE-D,Grading,Clear,Soft Soil,33.2,80.9,Medium,2026-09-04T09:28:00,2026-09-04T10:46:00,Low,Scheduled
TSK-00317,2026-09-04,OP-007,MC-006,SITE-A,Material Loading,Clear,Soft Soil,31.4,72.4,High,2026-09-04T19:00:00,2026-09-04T19:44:00,Medium,Scheduled
TSK-00318,2026-09-04,OP-007,MC-006,SITE-C,Trenching,Clear,Hard Soil,33.3,81.7,High,2026-09-04T19:59:00,2026-09-04T21:49:00,Medium,Scheduled
TSK-00319,2026-09-04,OP-007,MC-004,SITE-B,Trenching,Clear,Soft Soil,26.2,86.5,Medium,2026-09-04T21:59:00,2026-09-04T23:33:00,High,Scheduled
TSK-00320,2026-09-04,OP-008,MC-008,SITE-C,Demolition,Clear,Soft Soil,30.5,95.6,High,2026-09-04T07:00:00,2026-09-04T08:45:00,High,Scheduled
TSK-00321,2026-09-04,OP-009,MC-002,SITE-D,Material Loading,Clear,Soft Soil,27.3,75.3,Medium,2026-09-04T19:00:00,2026-09-04T19:55:00,Medium,Scheduled
TSK-00322,2026-09-04,OP-009,MC-007,SITE-A,Material Loading,Clear,Soft Soil,21.8,72.9,High,2026-09-04T20:10:00,2026-09-04T21:03:00,High,Scheduled
TSK-00323,2026-09-04,OP-010,MC-005,SITE-B,Demolition,Clear,Rocky,23.2,95.9,Medium,2026-09-04T07:00:00,2026-09-04T09:53:00,Low,Scheduled
TSK-00324,2026-09-04,OP-011,MC-003,SITE-B,Excavation,Rain,Rocky,8.8,54.1,High,2026-09-04T19:00:00,2026-09-04T21:06:00,High,Scheduled
TSK-00325,2026-09-04,OP-011,MC-009,SITE-A,Trenching,Clear,Soft Soil,16.7,70.4,Medium,2026-09-04T21:16:00,2026-09-04T22:45:00,Low,Scheduled
TSK-00326,2026-09-04,OP-012,MC-005,SITE-B,Demolition,Clear,Soft Soil,31.8,81.7,Medium,2026-09-04T07:00:00,2026-09-04T09:03:00,Low,Scheduled
TSK-00327,2026-09-04,OP-012,MC-008,SITE-A,Grading,Clear,Soft Soil,29.7,97.4,Low,2026-09-04T09:13:00,2026-09-04T10:27:00,Medium,Scheduled
TSK-00328,2026-09-04,OP-013,MC-010,SITE-B,Demolition,High Wind,Soft Soil,6.4,65.9,High,2026-09-04T19:00:00,2026-09-04T21:11:00,High,Scheduled
TSK-00329,2026-09-04,OP-014,MC-010,SITE-C,Excavation,Dust Storm,Rocky,30.0,56.7,Low,2026-09-04T07:00:00,2026-09-04T09:50:00,Low,Scheduled
TSK-00330,2026-09-04,OP-014,MC-010,SITE-B,Trenching,Dust Storm,Soft Soil,38.7,31.9,Low,2026-09-04T10:00:00,2026-09-04T12:14:00,Medium,Scheduled
TSK-00331,2026-09-04,OP-015,MC-009,SITE-C,Excavation,Clear,Muddy,25.5,72.2,Low,2026-09-04T19:00:00,2026-09-04T21:09:00,High,Scheduled
TSK-00332,2026-09-04,OP-015,MC-007,SITE-B,Grading,Clear,Muddy,19.3,63.6,Medium,2026-09-04T21:29:00,2026-09-04T22:48:00,Low,Scheduled
TSK-00333,2026-09-05,OP-001,MC-010,SITE-C,Material Loading,Rain,Soft Soil,12.5,53.7,Low,2026-09-05T19:00:00,2026-09-05T19:49:00,Low,Scheduled
TSK-00334,2026-09-05,OP-002,MC-002,SITE-B,Grading,Clear,Soft Soil,23.4,89.5,Medium,2026-09-05T07:00:00,2026-09-05T08:15:00,Low,Scheduled
TSK-00335,2026-09-05,OP-003,MC-010,SITE-D,Trenching,Rain,Rocky,14.0,52.5,High,2026-09-05T19:00:00,2026-09-05T21:36:00,High,Scheduled
TSK-00336,2026-09-05,OP-004,MC-006,SITE-A,Trenching,Clear,Soft Soil,24.7,86.8,High,2026-09-05T07:00:00,2026-09-05T08:38:00,Low,Scheduled
TSK-00337,2026-09-05,OP-004,MC-004,SITE-C,Trenching,Clear,Rocky,23.8,100.0,Medium,2026-09-05T08:53:00,2026-09-05T10:59:00,Medium,Scheduled
TSK-00338,2026-09-05,OP-004,MC-008,SITE-D,Grading,Clear,Soft Soil,39.1,93.5,Low,2026-09-05T11:19:00,2026-09-05T12:34:00,Low,Scheduled
TSK-00339,2026-09-05,OP-005,MC-004,SITE-B,Trenching,Clear,Rocky,19.4,70.2,Low,2026-09-05T19:00:00,2026-09-05T21:10:00,Medium,Scheduled
TSK-00340,2026-09-05,OP-006,MC-002,SITE-C,Grading,Dust Storm,Soft Soil,31.7,45.9,Medium,2026-09-05T07:00:00,2026-09-05T08:34:00,High,Scheduled
TSK-00341,2026-09-05,OP-006,MC-008,SITE-A,Grading,Clear,Rocky,26.3,90.4,Low,2026-09-05T08:54:00,2026-09-05T10:24:00,Medium,Scheduled
TSK-00342,2026-09-05,OP-006,MC-004,SITE-D,Material Loading,Clear,Rocky,33.1,90.9,High,2026-09-05T10:39:00,2026-09-05T11:47:00,Low,Scheduled
TSK-00343,2026-09-05,OP-007,MC-005,SITE-D,Excavation,Clear,Hard Soil,20.4,82.3,Medium,2026-09-05T19:00:00,2026-09-05T20:33:00,Low,Scheduled
TSK-00344,2026-09-05,OP-007,MC-008,SITE-B,Material Loading,Clear,Muddy,15.1,74.4,Medium,2026-09-05T20:48:00,2026-09-05T21:47:00,Low,Scheduled
TSK-00345,2026-09-05,OP-007,MC-001,SITE-A,Trenching,High Wind,Hard Soil,15.4,73.7,High,2026-09-05T21:57:00,2026-09-05T23:58:00,Medium,Scheduled
TSK-00346,2026-09-05,OP-008,MC-003,SITE-A,Grading,High Wind,Soft Soil,26.5,86.3,High,2026-09-05T07:00:00,2026-09-05T08:00:00,High,Scheduled
TSK-00347,2026-09-05,OP-009,MC-002,SITE-D,Grading,Clear,Muddy,24.1,78.1,Medium,2026-09-05T19:00:00,2026-09-05T20:39:00,Low,Scheduled
TSK-00348,2026-09-05,OP-009,MC-008,SITE-A,Material Loading,Rain,Hard Soil,18.7,41.8,Medium,2026-09-05T20:54:00,2026-09-05T22:05:00,Low,Scheduled
TSK-00349,2026-09-05,OP-009,MC-010,SITE-D,Demolition,Clear,Hard Soil,22.1,80.5,High,2026-09-05T22:35:00,2026-09-06T00:27:00,High,Scheduled
TSK-00350,2026-09-05,OP-010,MC-010,SITE-C,Trenching,High Wind,Rocky,29.3,64.1,Low,2026-09-05T07:00:00,2026-09-05T09:25:00,Medium,Scheduled
TSK-00351,2026-09-05,OP-010,MC-009,SITE-B,Excavation,Clear,Rocky,32.5,84.3,High,2026-09-05T09:35:00,2026-09-05T11:51:00,High,Scheduled
TSK-00352,2026-09-05,OP-010,MC-008,SITE-C,Grading,Rain,Hard Soil,27.7,59.5,Low,2026-09-05T12:21:00,2026-09-05T13:42:00,Medium,Scheduled
TSK-00353,2026-09-05,OP-011,MC-001,SITE-B,Material Loading,Clear,Muddy,21.3,81.6,High,2026-09-05T19:00:00,2026-09-05T20:02:00,High,Scheduled
TSK-00354,2026-09-05,OP-012,MC-004,SITE-A,Demolition,Rain,Rocky,22.5,78.9,High,2026-09-05T07:00:00,2026-09-05T09:55:00,Medium,Scheduled
TSK-00355,2026-09-05,OP-012,MC-002,SITE-C,Excavation,Clear,Soft Soil,27.8,91.2,Low,2026-09-05T10:10:00,2026-09-05T11:32:00,Low,Scheduled
TSK-00356,2026-09-05,OP-013,MC-001,SITE-A,Grading,Clear,Hard Soil,25.0,69.5,Medium,2026-09-05T19:00:00,2026-09-05T20:11:00,Medium,Scheduled
TSK-00357,2026-09-05,OP-013,MC-004,SITE-A,Excavation,Clear,Hard Soil,20.2,72.8,High,2026-09-05T20:26:00,2026-09-05T21:54:00,High,Scheduled
TSK-00358,2026-09-05,OP-013,MC-008,SITE-D,Material Loading,Clear,Rocky,9.8,79.2,Medium,2026-09-05T22:14:00,2026-09-05T23:25:00,High,Scheduled
TSK-00359,2026-09-05,OP-014,MC-005,SITE-C,Grading,Clear,Rocky,28.0,84.3,Medium,2026-09-05T07:00:00,2026-09-05T08:48:00,Medium,Scheduled
TSK-00360,2026-09-05,OP-014,MC-004,SITE-C,Grading,Rain,Rocky,20.4,66.1,Low,2026-09-05T09:03:00,2026-09-05T10:40:00,High,Scheduled
TSK-00361,2026-09-05,OP-014,MC-006,SITE-D,Grading,Dust Storm,Soft Soil,44.4,28.1,Medium,2026-09-05T10:50:00,2026-09-05T12:11:00,High,Scheduled
TSK-00362,2026-09-05,OP-015,MC-009,SITE-D,Grading,Clear,Soft Soil,28.4,69.7,Medium,2026-09-05T19:00:00,2026-09-05T20:15:00,Low,Scheduled
TSK-00363,2026-09-06,OP-001,MC-007,SITE-D,Grading,Clear,Hard Soil,26.9,90.2,Medium,2026-09-06T19:00:00,2026-09-06T20:17:00,Low,Scheduled
TSK-00364,2026-09-06,OP-001,MC-004,SITE-A,Grading,Clear,Muddy,27.6,80.2,High,2026-09-06T20:37:00,2026-09-06T22:16:00,Medium,Scheduled
TSK-00365,2026-09-06,OP-002,MC-003,SITE-D,Grading,Rain,Hard Soil,20.7,72.9,Medium,2026-09-06T07:00:00,2026-09-06T08:31:00,Medium,Scheduled
TSK-00366,2026-09-06,OP-003,MC-001,SITE-C,Excavation,Clear,Soft Soil,10.5,78.4,Low,2026-09-06T19:00:00,2026-09-06T20:41:00,Low,Scheduled
TSK-00367,2026-09-06,OP-004,MC-007,SITE-D,Grading,Rain,Muddy,20.5,69.0,Medium,2026-09-06T07:00:00,2026-09-06T08:38:00,Low,Scheduled
TSK-00368,2026-09-06,OP-004,MC-005,SITE-A,Grading,Clear,Hard Soil,29.4,93.4,Medium,2026-09-06T09:08:00,2026-09-06T10:38:00,High,Scheduled
TSK-00369,2026-09-06,OP-005,MC-002,SITE-C,Trenching,Clear,Soft Soil,27.8,73.3,Medium,2026-09-06T19:00:00,2026-09-06T20:32:00,Medium,Scheduled
TSK-00370,2026-09-06,OP-005,MC-003,SITE-A,Grading,Clear,Muddy,18.0,77.7,Low,2026-09-06T21:02:00,2026-09-06T22:35:00,Low,Scheduled
TSK-00371,2026-09-06,OP-006,MC-010,SITE-A,Trenching,Clear,Muddy,25.4,80.2,Medium,2026-09-06T07:00:00,2026-09-06T09:07:00,Low,Scheduled
TSK-00372,2026-09-06,OP-006,MC-003,SITE-D,Material Loading,Clear,Muddy,36.6,90.4,Low,2026-09-06T09:27:00,2026-09-06T10:30:00,Medium,Scheduled
TSK-00373,2026-09-06,OP-006,MC-006,SITE-D,Material Loading,Clear,Hard Soil,25.0,88.8,Medium,2026-09-06T10:40:00,2026-09-06T11:40:00,High,Scheduled
TSK-00374,2026-09-06,OP-007,MC-007,SITE-A,Demolition,Rain,Muddy,18.6,44.1,Medium,2026-09-06T19:00:00,2026-09-06T21:44:00,Medium,Scheduled
TSK-00375,2026-09-06,OP-008,MC-009,SITE-B,Trenching,Clear,Soft Soil,29.5,94.3,High,2026-09-06T07:00:00,2026-09-06T08:34:00,High,Scheduled
TSK-00376,2026-09-06,OP-008,MC-002,SITE-B,Grading,Clear,Muddy,23.4,92.9,High,2026-09-06T08:44:00,2026-09-06T10:10:00,Low,Scheduled
TSK-00377,2026-09-06,OP-008,MC-006,SITE-B,Excavation,Clear,Muddy,28.4,100.0,High,2026-09-06T10:25:00,2026-09-06T12:26:00,Low,Scheduled
TSK-00378,2026-09-06,OP-009,MC-008,SITE-C,Excavation,Clear,Soft Soil,24.5,66.9,Low,2026-09-06T19:00:00,2026-09-06T20:19:00,High,Scheduled
TSK-00379,2026-09-06,OP-010,MC-003,SITE-A,Excavation,Rain,Muddy,18.9,73.3,Medium,2026-09-06T07:00:00,2026-09-06T09:34:00,High,Scheduled
TSK-00380,2026-09-06,OP-010,MC-005,SITE-A,Material Loading,High Wind,Soft Soil,29.3,77.8,High,2026-09-06T09:49:00,2026-09-06T10:52:00,Medium,Scheduled
TSK-00381,2026-09-06,OP-010,MC-004,SITE-C,Demolition,Clear,Muddy,28.5,99.8,Medium,2026-09-06T11:12:00,2026-09-06T13:25:00,Low,Scheduled
TSK-00382,2026-09-06,OP-011,MC-004,SITE-D,Excavation,Clear,Muddy,21.5,85.4,Medium,2026-09-06T19:00:00,2026-09-06T21:00:00,Medium,Scheduled
TSK-00383,2026-09-06,OP-011,MC-001,SITE-C,Material Loading,Dust Storm,Soft Soil,25.9,22.1,Medium,2026-09-06T21:20:00,2026-09-06T22:10:00,High,Scheduled
TSK-00384,2026-09-06,OP-012,MC-008,SITE-B,Material Loading,Clear,Muddy,24.0,87.1,Low,2026-09-06T07:00:00,2026-09-06T08:02:00,High,Scheduled
TSK-00385,2026-09-06,OP-013,MC-005,SITE-B,Trenching,Clear,Muddy,23.9,68.3,High,2026-09-06T19:00:00,2026-09-06T20:55:00,Low,Scheduled
TSK-00386,2026-09-06,OP-014,MC-010,SITE-C,Grading,Rain,Muddy,20.5,74.9,Medium,2026-09-06T07:00:00,2026-09-06T09:04:00,Low,Scheduled
TSK-00387,2026-09-06,OP-015,MC-007,SITE-B,Excavation,Dust Storm,Hard Soil,32.1,19.2,Medium,2026-09-06T19:00:00,2026-09-06T21:09:00,Medium,Scheduled
TSK-00388,2026-09-07,OP-001,MC-001,SITE-A,Material Loading,Rain,Hard Soil,12.7,32.0,Medium,2026-09-07T19:00:00,2026-09-07T20:08:00,High,Scheduled
TSK-00389,2026-09-07,OP-001,MC-010,SITE-C,Excavation,Clear,Rocky,18.6,69.0,Low,2026-09-07T20:38:00,2026-09-07T22:35:00,Low,Scheduled
TSK-00390,2026-09-07,OP-001,MC-003,SITE-B,Material Loading,Rain,Hard Soil,14.1,55.7,Medium,2026-09-07T23:05:00,2026-09-08T00:12:00,High,Scheduled
TSK-00391,2026-09-07,OP-002,MC-001,SITE-D,Demolition,High Wind,Hard Soil,27.3,80.1,High,2026-09-07T07:00:00,2026-09-07T09:13:00,Medium,Scheduled
TSK-00392,2026-09-07,OP-003,MC-004,SITE-C,Material Loading,Clear,Muddy,18.3,74.4,Low,2026-09-07T19:00:00,2026-09-07T20:04:00,High,Scheduled
TSK-00393,2026-09-07,OP-003,MC-003,SITE-D,Demolition,Clear,Soft Soil,18.3,70.6,High,2026-09-07T20:19:00,2026-09-07T22:45:00,Medium,Scheduled
TSK-00394,2026-09-07,OP-004,MC-002,SITE-A,Material Loading,Clear,Rocky,24.0,93.6,High,2026-09-07T07:00:00,2026-09-07T08:11:00,Medium,Scheduled
TSK-00395,2026-09-07,OP-004,MC-004,SITE-C,Excavation,Clear,Hard Soil,29.4,90.3,Medium,2026-09-07T08:31:00,2026-09-07T10:15:00,High,Scheduled
TSK-00396,2026-09-07,OP-005,MC-002,SITE-B,Material Loading,Rain,Muddy,13.3,42.2,Low,2026-09-07T19:00:00,2026-09-07T20:04:00,High,Scheduled
TSK-00397,2026-09-07,OP-005,MC-001,SITE-B,Demolition,Clear,Hard Soil,22.2,70.7,Medium,2026-09-07T20:34:00,2026-09-07T22:38:00,High,Scheduled
TSK-00398,2026-09-07,OP-006,MC-002,SITE-B,Material Loading,Dust Storm,Hard Soil,20.7,52.4,Low,2026-09-07T07:00:00,2026-09-07T08:10:00,High,Scheduled
TSK-00399,2026-09-07,OP-006,MC-004,SITE-C,Material Loading,Rain,Hard Soil,17.7,43.6,Medium,2026-09-07T08:25:00,2026-09-07T09:24:00,Medium,Scheduled
TSK-00400,2026-09-07,OP-007,MC-001,SITE-C,Material Loading,Clear,Rocky,20.2,81.2,Low,2026-09-07T19:00:00,2026-09-07T20:00:00,Low,Scheduled
TSK-00401,2026-09-07,OP-008,MC-004,SITE-D,Trenching,Dust Storm,Soft Soil,34.4,45.4,Medium,2026-09-07T07:00:00,2026-09-07T09:16:00,Low,Scheduled
TSK-00402,2026-09-07,OP-009,MC-004,SITE-B,Trenching,High Wind,Rocky,17.8,49.1,High,2026-09-07T19:00:00,2026-09-07T22:00:00,Low,Scheduled
TSK-00403,2026-09-07,OP-010,MC-007,SITE-D,Material Loading,Clear,Hard Soil,13.8,92.1,Medium,2026-09-07T07:00:00,2026-09-07T07:56:00,Medium,Scheduled
TSK-00404,2026-09-07,OP-011,MC-001,SITE-B,Demolition,Rain,Hard Soil,15.8,32.9,High,2026-09-07T19:00:00,2026-09-07T21:29:00,Low,Scheduled
TSK-00405,2026-09-07,OP-011,MC-005,SITE-D,Trenching,Rain,Muddy,14.6,73.2,High,2026-09-07T21:59:00,2026-09-08T00:46:00,High,Scheduled
TSK-00406,2026-09-07,OP-012,MC-006,SITE-A,Excavation,Dust Storm,Hard Soil,36.4,41.8,High,2026-09-07T07:00:00,2026-09-07T08:44:00,Low,Scheduled
TSK-00407,2026-09-07,OP-012,MC-003,SITE-C,Trenching,Clear,Soft Soil,22.6,99.7,Low,2026-09-07T08:59:00,2026-09-07T10:23:00,Low,Scheduled
TSK-00408,2026-09-07,OP-013,MC-008,SITE-A,Trenching,Clear,Rocky,20.0,70.9,High,2026-09-07T19:00:00,2026-09-07T21:30:00,Low,Scheduled
TSK-00409,2026-09-07,OP-014,MC-009,SITE-D,Grading,Clear,Hard Soil,27.6,91.8,High,2026-09-07T07:00:00,2026-09-07T08:25:00,Low,Scheduled
TSK-00410,2026-09-07,OP-014,MC-008,SITE-B,Grading,Clear,Hard Soil,26.7,97.1,Medium,2026-09-07T08:55:00,2026-09-07T10:18:00,Low,Scheduled
TSK-00411,2026-09-07,OP-015,MC-003,SITE-A,Demolition,Clear,Rocky,20.1,66.8,High,2026-09-07T19:00:00,2026-09-07T21:12:00,Low,Scheduled
TSK-00412,2026-09-07,OP-015,MC-009,SITE-A,Trenching,Rain,Muddy,22.7,58.7,Medium,2026-09-07T21:22:00,2026-09-07T23:48:00,High,Scheduled
TSK-00413,2026-09-08,OP-001,MC-006,SITE-C,Demolition,Clear,Soft Soil,16.7,58.1,Low,2026-09-08T19:00:00,2026-09-08T21:23:00,High,Scheduled
TSK-00414,2026-09-08,OP-002,MC-001,SITE-C,Trenching,Clear,Soft Soil,22.3,95.1,Low,2026-09-08T07:00:00,2026-09-08T08:48:00,Medium,Scheduled
TSK-00415,2026-09-08,OP-003,MC-008,SITE-C,Grading,Rain,Rocky,17.3,50.9,Low,2026-09-08T19:00:00,2026-09-08T20:48:00,Medium,Scheduled
TSK-00416,2026-09-08,OP-004,MC-006,SITE-B,Excavation,Clear,Soft Soil,22.3,89.7,High,2026-09-08T07:00:00,2026-09-08T08:42:00,Low,Scheduled
TSK-00417,2026-09-08,OP-004,MC-005,SITE-A,Excavation,Rain,Soft Soil,25.6,87.0,High,2026-09-08T09:12:00,2026-09-08T10:50:00,Medium,Scheduled
TSK-00418,2026-09-08,OP-005,MC-001,SITE-C,Grading,Clear,Soft Soil,12.8,69.6,Medium,2026-09-08T19:00:00,2026-09-08T20:17:00,Medium,Scheduled
TSK-00419,2026-09-08,OP-005,MC-006,SITE-A,Excavation,Clear,Soft Soil,17.6,64.5,High,2026-09-08T20:37:00,2026-09-08T22:10:00,High,Scheduled
TSK-00420,2026-09-08,OP-006,MC-005,SITE-A,Grading,Clear,Rocky,32.5,97.4,Low,2026-09-08T07:00:00,2026-09-08T08:35:00,Medium,Scheduled
TSK-00421,2026-09-08,OP-006,MC-003,SITE-C,Trenching,Dust Storm,Muddy,37.4,19.4,Medium,2026-09-08T09:05:00,2026-09-08T12:10:00,Low,Scheduled
TSK-00422,2026-09-08,OP-007,MC-004,SITE-A,Excavation,High Wind,Hard Soil,12.0,46.4,Medium,2026-09-08T19:00:00,2026-09-08T20:51:00,Low,Scheduled
TSK-00423,2026-09-08,OP-008,MC-003,SITE-C,Trenching,Rain,Hard Soil,21.3,61.1,High,2026-09-08T07:00:00,2026-09-08T09:24:00,Medium,Scheduled
TSK-00424,2026-09-08,OP-008,MC-005,SITE-D,Material Loading,Clear,Rocky,30.5,99.5,Low,2026-09-08T09:34:00,2026-09-08T10:50:00,High,Scheduled
TSK-00425,2026-09-08,OP-008,MC-003,SITE-C,Trenching,Clear,Soft Soil,19.7,98.4,Medium,2026-09-08T11:05:00,2026-09-08T12:44:00,Medium,Scheduled
TSK-00426,2026-09-08,OP-009,MC-001,SITE-D,Excavation,Clear,Soft Soil,25.8,77.2,Medium,2026-09-08T19:00:00,2026-09-08T20:15:00,Medium,Scheduled
TSK-00427,2026-09-08,OP-009,MC-008,SITE-B,Material Loading,Clear,Muddy,22.9,72.3,Low,2026-09-08T20:30:00,2026-09-08T21:40:00,High,Scheduled
TSK-00428,2026-09-08,OP-010,MC-009,SITE-D,Trenching,Dust Storm,Soft Soil,13.9,45.2,Medium,2026-09-08T07:00:00,2026-09-08T09:03:00,Low,Scheduled
TSK-00429,2026-09-08,OP-010,MC-002,SITE-D,Trenching,Clear,Soft Soil,30.9,80.6,High,2026-09-08T09:33:00,2026-09-08T11:13:00,Low,Scheduled
TSK-00430,2026-09-08,OP-010,MC-002,SITE-D,Excavation,Clear,Soft Soil,29.1,100.0,High,2026-09-08T11:23:00,2026-09-08T13:04:00,High,Scheduled
TSK-00431,2026-09-08,OP-011,MC-006,SITE-D,Excavation,High Wind,Rocky,26.4,28.6,High,2026-09-08T19:00:00,2026-09-08T21:00:00,High,Scheduled
TSK-00432,2026-09-08,OP-012,MC-008,SITE-C,Excavation,Rain,Soft Soil,15.5,79.5,Medium,2026-09-08T07:00:00,2026-09-08T08:32:00,Low,Scheduled
TSK-00433,2026-09-08,OP-012,MC-007,SITE-C,Demolition,Clear,Rocky,30.7,94.2,Low,2026-09-08T08:47:00,2026-09-08T11:55:00,Low,Scheduled
TSK-00434,2026-09-08,OP-012,MC-008,SITE-B,Excavation,Clear,Muddy,33.2,100.0,Low,2026-09-08T12:05:00,2026-09-08T13:51:00,Low,Scheduled
TSK-00435,2026-09-08,OP-013,MC-009,SITE-D,Material Loading,Clear,Hard Soil,28.4,68.0,Low,2026-09-08T19:00:00,2026-09-08T19:54:00,High,Scheduled
TSK-00436,2026-09-08,OP-014,MC-002,SITE-D,Trenching,Clear,Hard Soil,21.6,100.0,Low,2026-09-08T07:00:00,2026-09-08T09:02:00,High,Scheduled
TSK-00437,2026-09-08,OP-015,MC-005,SITE-D,Demolition,High Wind,Hard Soil,16.5,68.8,Low,2026-09-08T19:00:00,2026-09-08T21:25:00,High,Scheduled
TSK-00438,2026-09-08,OP-015,MC-006,SITE-C,Trenching,Clear,Muddy,23.7,64.5,High,2026-09-08T21:40:00,2026-09-09T00:15:00,Medium,Scheduled
TSK-00439,2026-09-08,OP-015,MC-008,SITE-D,Trenching,Dust Storm,Hard Soil,21.7,11.7,Medium,2026-09-09T00:30:00,2026-09-09T03:00:00,Medium,Scheduled
TSK-00440,2026-09-09,OP-001,MC-007,SITE-B,Material Loading,Clear,Rocky,15.5,74.1,High,2026-09-09T19:00:00,2026-09-09T20:08:00,Low,Scheduled
TSK-00441,2026-09-09,OP-002,MC-007,SITE-A,Demolition,Rain,Muddy,22.7,71.1,High,2026-09-09T07:00:00,2026-09-09T09:53:00,High,Scheduled
TSK-00442,2026-09-09,OP-002,MC-004,SITE-C,Excavation,Dust Storm,Muddy,26.9,30.8,Low,2026-09-09T10:23:00,2026-09-09T12:17:00,Medium,Scheduled
TSK-00443,2026-09-09,OP-003,MC-005,SITE-A,Material Loading,Rain,Hard Soil,17.1,47.8,High,2026-09-09T19:00:00,2026-09-09T19:55:00,Low,Scheduled
TSK-00444,2026-09-09,OP-004,MC-009,SITE-C,Material Loading,Clear,Soft Soil,28.7,82.5,Medium,2026-09-09T07:00:00,2026-09-09T07:53:00,High,Scheduled
TSK-00445,2026-09-09,OP-005,MC-008,SITE-D,Excavation,Clear,Rocky,33.3,67.8,High,2026-09-09T19:00:00,2026-09-09T20:54:00,High,Scheduled
TSK-00446,2026-09-09,OP-006,MC-006,SITE-A,Grading,Clear,Rocky,15.3,96.1,High,2026-09-09T07:00:00,2026-09-09T08:44:00,Low,Scheduled
TSK-00447,2026-09-09,OP-006,MC-006,SITE-C,Grading,Rain,Hard Soil,19.3,60.2,Low,2026-09-09T09:14:00,2026-09-09T10:44:00,High,Scheduled
TSK-00448,2026-09-09,OP-007,MC-008,SITE-B,Trenching,High Wind,Soft Soil,16.9,60.4,Low,2026-09-09T19:00:00,2026-09-09T21:09:00,High,Scheduled
TSK-00449,2026-09-09,OP-008,MC-008,SITE-A,Excavation,Clear,Hard Soil,15.8,82.9,Medium,2026-09-09T07:00:00,2026-09-09T08:26:00,High,Scheduled
TSK-00450,2026-09-09,OP-008,MC-002,SITE-A,Trenching,Rain,Rocky,21.9,70.2,High,2026-09-09T08:46:00,2026-09-09T11:20:00,Low,Scheduled
TSK-00451,2026-09-09,OP-009,MC-004,SITE-B,Demolition,High Wind,Soft Soil,22.7,55.3,Low,2026-09-09T19:00:00,2026-09-09T21:16:00,Low,Scheduled
TSK-00452,2026-09-09,OP-009,MC-002,SITE-C,Grading,Clear,Rocky,17.1,69.8,High,2026-09-09T21:46:00,2026-09-09T23:36:00,High,Scheduled
TSK-00453,2026-09-09,OP-010,MC-006,SITE-A,Grading,Rain,Muddy,19.9,61.1,High,2026-09-09T07:00:00,2026-09-09T08:30:00,Low,Scheduled
TSK-00454,2026-09-09,OP-011,MC-003,SITE-D,Trenching,High Wind,Soft Soil,19.8,56.3,Low,2026-09-09T19:00:00,2026-09-09T20:46:00,Medium,Scheduled
TSK-00455,2026-09-09,OP-011,MC-008,SITE-D,Grading,Clear,Rocky,24.1,72.3,Medium,2026-09-09T21:06:00,2026-09-09T22:45:00,High,Scheduled
TSK-00456,2026-09-09,OP-012,MC-007,SITE-A,Trenching,Clear,Hard Soil,30.5,86.5,High,2026-09-09T07:00:00,2026-09-09T08:56:00,High,Scheduled
TSK-00457,2026-09-09,OP-013,MC-003,SITE-A,Excavation,Rain,Hard Soil,16.5,44.9,Medium,2026-09-09T19:00:00,2026-09-09T21:04:00,Low,Scheduled
TSK-00458,2026-09-09,OP-013,MC-004,SITE-C,Material Loading,Clear,Hard Soil,21.1,72.5,Low,2026-09-09T21:24:00,2026-09-09T22:19:00,Low,Scheduled
TSK-00459,2026-09-09,OP-013,MC-001,SITE-D,Demolition,Rain,Soft Soil,21.3,32.9,Low,2026-09-09T22:49:00,2026-09-10T00:46:00,High,Scheduled
TSK-00460,2026-09-09,OP-014,MC-007,SITE-C,Demolition,Rain,Rocky,30.3,77.4,Low,2026-09-09T07:00:00,2026-09-09T09:58:00,Medium,Scheduled
TSK-00461,2026-09-09,OP-015,MC-005,SITE-A,Grading,Clear,Hard Soil,26.0,72.8,High,2026-09-09T19:00:00,2026-09-09T20:32:00,High,Scheduled
TSK-00462,2026-09-09,OP-015,MC-009,SITE-C,Demolition,High Wind,Soft Soil,16.8,63.1,Medium,2026-09-09T20:52:00,2026-09-09T22:49:00,High,Scheduled
TSK-00463,2026-09-09,OP-015,MC-002,SITE-D,Material Loading,Clear,Soft Soil,26.4,77.2,Low,2026-09-09T23:04:00,2026-09-09T23:45:00,High,Scheduled
TSK-00464,2026-09-10,OP-001,MC-003,SITE-B,Grading,Clear,Rocky,20.3,68.0,Low,2026-09-10T19:00:00,2026-09-10T20:21:00,High,Scheduled
TSK-00465,2026-09-10,OP-002,MC-007,SITE-A,Material Loading,Clear,Soft Soil,24.6,92.7,Low,2026-09-10T07:00:00,2026-09-10T07:48:00,Medium,Scheduled
TSK-00466,2026-09-10,OP-002,MC-009,SITE-C,Excavation,Clear,Hard Soil,28.2,97.6,Low,2026-09-10T08:18:00,2026-09-10T09:57:00,Low,Scheduled
TSK-00467,2026-09-10,OP-002,MC-005,SITE-C,Demolition,Clear,Rocky,25.1,87.3,Medium,2026-09-10T10:07:00,2026-09-10T12:58:00,High,Scheduled
TSK-00468,2026-09-10,OP-003,MC-003,SITE-C,Excavation,High Wind,Hard Soil,11.3,56.1,Low,2026-09-10T19:00:00,2026-09-10T21:08:00,Medium,Scheduled
TSK-00469,2026-09-10,OP-003,MC-006,SITE-C,Trenching,Clear,Rocky,26.8,81.8,Low,2026-09-10T21:23:00,2026-09-10T23:28:00,Low,Scheduled
TSK-00470,2026-09-10,OP-004,MC-002,SITE-A,Demolition,Dust Storm,Hard Soil,36.4,35.9,Medium,2026-09-10T07:00:00,2026-09-10T09:59:00,High,Scheduled
TSK-00471,2026-09-10,OP-005,MC-010,SITE-A,Demolition,Dust Storm,Soft Soil,21.6,11.2,High,2026-09-10T19:00:00,2026-09-10T21:26:00,High,Scheduled
TSK-00472,2026-09-10,OP-006,MC-003,SITE-B,Demolition,Clear,Hard Soil,28.7,93.1,Medium,2026-09-10T07:00:00,2026-09-10T09:42:00,Low,Scheduled
TSK-00473,2026-09-10,OP-006,MC-008,SITE-D,Trenching,Clear,Soft Soil,27.1,91.0,Medium,2026-09-10T10:02:00,2026-09-10T11:52:00,High,Scheduled
TSK-00474,2026-09-10,OP-006,MC-003,SITE-B,Demolition,Dust Storm,Hard Soil,37.9,20.1,Low,2026-09-10T12:02:00,2026-09-10T15:06:00,Low,Scheduled
TSK-00475,2026-09-10,OP-007,MC-001,SITE-D,Grading,High Wind,Soft Soil,23.7,53.1,High,2026-09-10T19:00:00,2026-09-10T20:14:00,Low,Scheduled
TSK-00476,2026-09-10,OP-008,MC-002,SITE-C,Excavation,Clear,Muddy,23.4,90.9,Low,2026-09-10T07:00:00,2026-09-10T08:59:00,Low,Scheduled
TSK-00477,2026-09-10,OP-009,MC-010,SITE-C,Trenching,Clear,Hard Soil,19.3,83.5,Medium,2026-09-10T19:00:00,2026-09-10T20:55:00,Low,Scheduled
TSK-00478,2026-09-10,OP-009,MC-005,SITE-C,Demolition,Clear,Hard Soil,20.8,67.9,Low,2026-09-10T21:15:00,2026-09-10T23:24:00,High,Scheduled
TSK-00479,2026-09-10,OP-010,MC-001,SITE-B,Excavation,Clear,Hard Soil,29.2,88.6,Medium,2026-09-10T07:00:00,2026-09-10T08:47:00,Low,Scheduled
TSK-00480,2026-09-10,OP-011,MC-002,SITE-B,Grading,Clear,Soft Soil,24.8,67.9,Medium,2026-09-10T19:00:00,2026-09-10T20:19:00,Medium,Scheduled
TSK-00481,2026-09-10,OP-012,MC-004,SITE-B,Excavation,Clear,Muddy,22.4,89.6,Low,2026-09-10T07:00:00,2026-09-10T09:04:00,High,Scheduled
TSK-00482,2026-09-10,OP-012,MC-007,SITE-B,Demolition,Clear,Soft Soil,27.4,91.1,Low,2026-09-10T09:19:00,2026-09-10T11:38:00,Medium,Scheduled
TSK-00483,2026-09-10,OP-012,MC-010,SITE-B,Demolition,Clear,Muddy,33.3,100.0,High,2026-09-10T11:53:00,2026-09-10T14:38:00,High,Scheduled
TSK-00484,2026-09-10,OP-013,MC-009,SITE-A,Trenching,Clear,Muddy,12.6,67.9,Medium,2026-09-10T19:00:00,2026-09-10T21:14:00,Low,Scheduled
TSK-00485,2026-09-10,OP-013,MC-008,SITE-C,Trenching,Clear,Rocky,28.2,75.4,Medium,2026-09-10T21:44:00,2026-09-11T00:02:00,Low,Scheduled
TSK-00486,2026-09-10,OP-014,MC-010,SITE-B,Grading,Clear,Muddy,30.0,93.2,Medium,2026-09-10T07:00:00,2026-09-10T08:24:00,Medium,Scheduled
TSK-00487,2026-09-10,OP-015,MC-002,SITE-A,Demolition,Clear,Hard Soil,15.5,86.3,High,2026-09-10T19:00:00,2026-09-10T21:22:00,High,Scheduled
TSK-00488,2026-09-11,OP-001,MC-007,SITE-D,Demolition,Clear,Soft Soil,23.6,79.9,Medium,2026-09-11T19:00:00,2026-09-11T21:08:00,High,Scheduled
TSK-00489,2026-09-11,OP-001,MC-003,SITE-A,Trenching,Clear,Rocky,23.2,67.5,High,2026-09-11T21:38:00,2026-09-12T00:07:00,Medium,Scheduled
TSK-00490,2026-09-11,OP-001,MC-010,SITE-C,Demolition,Clear,Soft Soil,15.0,78.4,Low,2026-09-12T00:17:00,2026-09-12T02:28:00,Medium,Scheduled
TSK-00491,2026-09-11,OP-002,MC-004,SITE-C,Demolition,Clear,Muddy,26.9,100.0,Low,2026-09-11T07:00:00,2026-09-11T09:22:00,High,Scheduled
TSK-00492,2026-09-11,OP-002,MC-010,SITE-C,Grading,Rain,Muddy,27.2,73.0,Low,2026-09-11T09:52:00,2026-09-11T11:24:00,Low,Scheduled
TSK-00493,2026-09-11,OP-002,MC-002,SITE-C,Material Loading,Clear,Muddy,29.2,84.0,High,2026-09-11T11:54:00,2026-09-11T12:53:00,High,Scheduled
TSK-00494,2026-09-11,OP-003,MC-010,SITE-B,Grading,Dust Storm,Soft Soil,38.6,10.5,Medium,2026-09-11T19:00:00,2026-09-11T20:28:00,Medium,Scheduled
TSK-00495,2026-09-11,OP-003,MC-005,SITE-A,Excavation,Clear,Soft Soil,21.0,70.2,High,2026-09-11T20:43:00,2026-09-11T22:21:00,Low,Scheduled
TSK-00496,2026-09-11,OP-003,MC-006,SITE-C,Demolition,Clear,Soft Soil,12.9,72.2,Low,2026-09-11T22:51:00,2026-09-12T00:51:00,High,Scheduled
TSK-00497,2026-09-11,OP-004,MC-005,SITE-A,Trenching,High Wind,Hard Soil,21.8,66.1,Medium,2026-09-11T07:00:00,2026-09-11T09:09:00,High,Scheduled
TSK-00498,2026-09-11,OP-004,MC-007,SITE-C,Demolition,Clear,Hard Soil,27.0,85.9,Low,2026-09-11T09:24:00,2026-09-11T11:55:00,Medium,Scheduled
TSK-00499,2026-09-11,OP-005,MC-008,SITE-A,Material Loading,High Wind,Soft Soil,14.3,50.7,High,2026-09-11T19:00:00,2026-09-11T20:02:00,Low,Scheduled
TSK-00500,2026-09-11,OP-006,MC-002,SITE-A,Demolition,High Wind,Rocky,25.1,98.8,High,2026-09-11T07:00:00,2026-09-11T10:25:00,Medium,Scheduled
TSK-00501,2026-09-11,OP-007,MC-006,SITE-B,Trenching,Rain,Hard Soil,21.4,54.7,High,2026-09-11T19:00:00,2026-09-11T21:10:00,Low,Scheduled
TSK-00502,2026-09-11,OP-007,MC-003,SITE-A,Excavation,Clear,Rocky,21.7,72.9,High,2026-09-11T21:20:00,2026-09-11T23:39:00,High,Scheduled
TSK-00503,2026-09-11,OP-008,MC-005,SITE-D,Grading,High Wind,Muddy,30.5,70.4,High,2026-09-11T07:00:00,2026-09-11T08:57:00,High,Scheduled
TSK-00504,2026-09-11,OP-008,MC-005,SITE-D,Trenching,Dust Storm,Soft Soil,25.1,37.0,Low,2026-09-11T09:27:00,2026-09-11T11:26:00,Medium,Scheduled
TSK-00505,2026-09-11,OP-009,MC-004,SITE-B,Material Loading,Dust Storm,Muddy,16.3,24.8,Medium,2026-09-11T19:00:00,2026-09-11T20:10:00,Medium,Scheduled
TSK-00506,2026-09-11,OP-010,MC-010,SITE-D,Excavation,Rain,Rocky,18.8,77.0,Medium,2026-09-11T07:00:00,2026-09-11T09:29:00,Medium,Scheduled
TSK-00507,2026-09-11,OP-011,MC-003,SITE-C,Grading,Clear,Rocky,28.1,75.1,High,2026-09-11T19:00:00,2026-09-11T20:41:00,High,Scheduled
TSK-00508,2026-09-11,OP-011,MC-009,SITE-B,Grading,Dust Storm,Hard Soil,24.8,49.0,Low,2026-09-11T20:56:00,2026-09-11T22:17:00,Low,Scheduled
TSK-00509,2026-09-11,OP-012,MC-006,SITE-A,Demolition,Rain,Muddy,28.1,69.8,Low,2026-09-11T07:00:00,2026-09-11T09:51:00,Medium,Scheduled
TSK-00510,2026-09-11,OP-013,MC-004,SITE-C,Trenching,Clear,Rocky,27.3,67.3,Low,2026-09-11T19:00:00,2026-09-11T20:59:00,Low,Scheduled
TSK-00511,2026-09-11,OP-013,MC-005,SITE-A,Trenching,Clear,Muddy,28.1,67.7,High,2026-09-11T21:19:00,2026-09-11T23:31:00,High,Scheduled
TSK-00512,2026-09-11,OP-014,MC-004,SITE-D,Material Loading,High Wind,Muddy,33.3,66.2,Medium,2026-09-11T07:00:00,2026-09-11T08:07:00,High,Scheduled
TSK-00513,2026-09-11,OP-015,MC-003,SITE-D,Material Loading,Clear,Rocky,26.8,70.9,Medium,2026-09-11T19:00:00,2026-09-11T19:50:00,Medium,Scheduled
TSK-00514,2026-09-12,OP-001,MC-001,SITE-C,Trenching,Clear,Muddy,24.1,83.5,Low,2026-09-12T19:00:00,2026-09-12T21:13:00,Medium,Scheduled
TSK-00515,2026-09-12,OP-001,MC-001,SITE-B,Excavation,Clear,Hard Soil,16.1,65.7,Medium,2026-09-12T21:33:00,2026-09-12T22:59:00,Low,Scheduled
TSK-00516,2026-09-12,OP-001,MC-002,SITE-B,Trenching,Dust Storm,Hard Soil,32.4,31.1,High,2026-09-12T23:14:00,2026-09-13T01:16:00,High,Scheduled
TSK-00517,2026-09-12,OP-002,MC-006,SITE-D,Trenching,Clear,Soft Soil,27.5,90.6,Low,2026-09-12T07:00:00,2026-09-12T08:51:00,Low,Scheduled
TSK-00518,2026-09-12,OP-002,MC-001,SITE-B,Excavation,Dust Storm,Muddy,27.6,43.7,Medium,2026-09-12T09:06:00,2026-09-12T11:24:00,Medium,Scheduled
TSK-00519,2026-09-12,OP-003,MC-003,SITE-C,Material Loading,Clear,Rocky,23.2,77.1,Low,2026-09-12T19:00:00,2026-09-12T20:12:00,High,Scheduled
TSK-00520,2026-09-12,OP-003,MC-008,SITE-B,Material Loading,Clear,Hard Soil,20.1,72.0,Medium,2026-09-12T20:22:00,2026-09-12T21:14:00,Low,Scheduled
TSK-00521,2026-09-12,OP-004,MC-003,SITE-C,Grading,Clear,Hard Soil,37.6,87.4,Medium,2026-09-12T07:00:00,2026-09-12T08:08:00,Medium,Scheduled
TSK-00522,2026-09-12,OP-004,MC-003,SITE-D,Excavation,Dust Storm,Soft Soil,38.2,50.1,Low,2026-09-12T08:28:00,2026-09-12T10:13:00,Medium,Scheduled
TSK-00523,2026-09-12,OP-004,MC-001,SITE-C,Demolition,Rain,Rocky,22.1,61.8,Medium,2026-09-12T10:28:00,2026-09-12T13:18:00,Medium,Scheduled
TSK-00524,2026-09-12,OP-005,MC-007,SITE-D,Excavation,Clear,Hard Soil,11.9,76.9,Low,2026-09-12T19:00:00,2026-09-12T20:36:00,High,Scheduled
TSK-00525,2026-09-12,OP-005,MC-005,SITE-A,Excavation,Clear,Muddy,16.3,82.8,Low,2026-09-12T20:51:00,2026-09-12T22:44:00,Medium,Scheduled
TSK-00526,2026-09-12,OP-006,MC-008,SITE-A,Excavation,Clear,Hard Soil,23.8,98.0,High,2026-09-12T07:00:00,2026-09-12T08:37:00,Medium,Scheduled
TSK-00527,2026-09-12,OP-007,MC-003,SITE-B,Grading,Rain,Muddy,24.3,54.7,Low,2026-09-12T19:00:00,2026-09-12T20:46:00,Medium,Scheduled
TSK-00528,2026-09-12,OP-008,MC-010,SITE-D,Demolition,High Wind,Rocky,19.2,83.7,Medium,2026-09-12T07:00:00,2026-09-12T09:44:00,High,Scheduled
TSK-00529,2026-09-12,OP-008,MC-001,SITE-D,Demolition,Rain,Muddy,18.2,65.4,Medium,2026-09-12T09:59:00,2026-09-12T12:52:00,Medium,Scheduled
TSK-00530,2026-09-12,OP-008,MC-001,SITE-D,Trenching,Clear,Soft Soil,29.0,100.0,Medium,2026-09-12T13:12:00,2026-09-12T14:44:00,Medium,Scheduled
TSK-00531,2026-09-12,OP-009,MC-008,SITE-C,Material Loading,Clear,Hard Soil,15.6,70.8,Low,2026-09-12T19:00:00,2026-09-12T19:57:00,Medium,Scheduled
TSK-00532,2026-09-12,OP-010,MC-010,SITE-A,Demolition,Rain,Rocky,16.7,63.9,Medium,2026-09-12T07:00:00,2026-09-12T10:19:00,High,Scheduled
TSK-00533,2026-09-12,OP-010,MC-002,SITE-C,Trenching,Clear,Muddy,20.4,86.6,Low,2026-09-12T10:29:00,2026-09-12T12:37:00,Medium,Scheduled
TSK-00534,2026-09-12,OP-011,MC-007,SITE-C,Demolition,Clear,Hard Soil,8.1,82.5,Medium,2026-09-12T19:00:00,2026-09-12T21:06:00,Medium,Scheduled
TSK-00535,2026-09-12,OP-012,MC-010,SITE-B,Grading,Dust Storm,Hard Soil,32.2,36.1,Low,2026-09-12T07:00:00,2026-09-12T08:25:00,High,Scheduled
TSK-00536,2026-09-12,OP-012,MC-001,SITE-D,Grading,Clear,Muddy,25.5,98.3,Medium,2026-09-12T08:55:00,2026-09-12T10:38:00,Low,Scheduled
TSK-00537,2026-09-12,OP-012,MC-004,SITE-A,Material Loading,Clear,Soft Soil,22.4,91.8,Medium,2026-09-12T10:53:00,2026-09-12T11:41:00,High,Scheduled
TSK-00538,2026-09-12,OP-013,MC-009,SITE-B,Trenching,Clear,Soft Soil,21.8,75.8,Low,2026-09-12T19:00:00,2026-09-12T20:37:00,Medium,Scheduled
TSK-00539,2026-09-12,OP-014,MC-002,SITE-A,Excavation,Clear,Hard Soil,20.3,95.2,Medium,2026-09-12T07:00:00,2026-09-12T08:42:00,Low,Scheduled
TSK-00540,2026-09-12,OP-014,MC-004,SITE-D,Trenching,Clear,Rocky,30.4,100.0,High,2026-09-12T09:12:00,2026-09-12T11:39:00,High,Scheduled
TSK-00541,2026-09-12,OP-014,MC-008,SITE-B,Grading,Clear,Muddy,23.2,90.9,Medium,2026-09-12T11:49:00,2026-09-12T13:24:00,Low,Scheduled
TSK-00542,2026-09-12,OP-015,MC-006,SITE-A,Trenching,Clear,Hard Soil,11.1,87.1,Medium,2026-09-12T19:00:00,2026-09-12T20:45:00,High,Scheduled
TSK-00543,2026-09-12,OP-015,MC-009,SITE-A,Material Loading,Rain,Soft Soil,16.2,33.6,Medium,2026-09-12T21:05:00,2026-09-12T22:00:00,High,Scheduled
TSK-00544,2026-09-12,OP-015,MC-006,SITE-B,Trenching,High Wind,Hard Soil,15.4,69.6,Medium,2026-09-12T22:20:00,2026-09-13T00:03:00,Medium,Scheduled
TSK-00545,2026-09-13,OP-001,MC-007,SITE-A,Demolition,High Wind,Muddy,19.3,46.4,Medium,2026-09-13T19:00:00,2026-09-13T21:31:00,High,Scheduled
TSK-00546,2026-09-13,OP-002,MC-005,SITE-A,Demolition,Clear,Hard Soil,29.3,99.7,High,2026-09-13T07:00:00,2026-09-13T09:20:00,Medium,Scheduled
TSK-00547,2026-09-13,OP-002,MC-004,SITE-B,Trenching,Clear,Rocky,28.1,95.4,Medium,2026-09-13T09:35:00,2026-09-13T11:23:00,High,Scheduled
TSK-00548,2026-09-13,OP-003,MC-003,SITE-C,Excavation,Rain,Rocky,14.7,53.5,Low,2026-09-13T19:00:00,2026-09-13T21:24:00,Medium,Scheduled
TSK-00549,2026-09-13,OP-003,MC-004,SITE-B,Material Loading,Clear,Rocky,28.8,71.6,Medium,2026-09-13T21:54:00,2026-09-13T23:08:00,High,Scheduled
TSK-00550,2026-09-13,OP-003,MC-009,SITE-B,Trenching,Clear,Hard Soil,23.5,86.9,Low,2026-09-13T23:28:00,2026-09-14T01:25:00,High,Scheduled
TSK-00551,2026-09-13,OP-004,MC-006,SITE-B,Demolition,Dust Storm,Rocky,44.9,69.2,Low,2026-09-13T07:00:00,2026-09-13T10:47:00,High,Scheduled
TSK-00552,2026-09-13,OP-004,MC-007,SITE-D,Demolition,Clear,Muddy,26.5,88.8,Low,2026-09-13T10:57:00,2026-09-13T13:24:00,Medium,Scheduled
TSK-00553,2026-09-13,OP-004,MC-009,SITE-D,Excavation,Rain,Soft Soil,18.6,42.1,Medium,2026-09-13T13:44:00,2026-09-13T15:22:00,Low,Scheduled
TSK-00554,2026-09-13,OP-005,MC-002,SITE-B,Excavation,Dust Storm,Hard Soil,19.6,17.8,Medium,2026-09-13T19:00:00,2026-09-13T21:00:00,Medium,Scheduled
TSK-00555,2026-09-13,OP-006,MC-008,SITE-C,Demolition,Clear,Hard Soil,23.8,100.0,Medium,2026-09-13T07:00:00,2026-09-13T09:44:00,Low,Scheduled
TSK-00556,2026-09-13,OP-006,MC-004,SITE-D,Trenching,High Wind,Soft Soil,18.8,56.1,High,2026-09-13T09:54:00,2026-09-13T11:37:00,Medium,Scheduled
TSK-00557,2026-09-13,OP-006,MC-002,SITE-D,Demolition,Dust Storm,Soft Soil,33.5,37.5,Low,2026-09-13T11:47:00,2026-09-13T14:04:00,High,Scheduled
TSK-00558,2026-09-13,OP-007,MC-001,SITE-C,Demolition,Clear,Hard Soil,24.3,77.0,Low,2026-09-13T19:00:00,2026-09-13T21:31:00,High,Scheduled
TSK-00559,2026-09-13,OP-008,MC-001,SITE-B,Excavation,Clear,Muddy,36.0,86.6,High,2026-09-13T07:00:00,2026-09-13T09:06:00,High,Scheduled
TSK-00560,2026-09-13,OP-009,MC-001,SITE-D,Grading,Dust Storm,Hard Soil,25.2,25.1,Medium,2026-09-13T19:00:00,2026-09-13T20:21:00,High,Scheduled
TSK-00561,2026-09-13,OP-009,MC-005,SITE-D,Demolition,High Wind,Rocky,13.8,46.4,High,2026-09-13T20:41:00,2026-09-13T23:36:00,High,Scheduled
TSK-00562,2026-09-13,OP-009,MC-002,SITE-D,Demolition,Dust Storm,Rocky,24.3,17.4,Low,2026-09-13T23:56:00,2026-09-14T03:14:00,High,Scheduled
TSK-00563,2026-09-13,OP-010,MC-007,SITE-C,Trenching,High Wind,Muddy,23.0,73.3,Low,2026-09-13T07:00:00,2026-09-13T08:57:00,Medium,Scheduled
TSK-00564,2026-09-13,OP-010,MC-007,SITE-A,Excavation,Clear,Rocky,33.2,88.4,Medium,2026-09-13T09:07:00,2026-09-13T11:02:00,Low,Scheduled
TSK-00565,2026-09-13,OP-011,MC-002,SITE-A,Demolition,Rain,Rocky,20.5,50.5,High,2026-09-13T19:00:00,2026-09-13T22:26:00,Low,Scheduled
TSK-00566,2026-09-13,OP-011,MC-004,SITE-B,Grading,Clear,Hard Soil,24.5,87.7,Low,2026-09-13T22:41:00,2026-09-14T00:08:00,Low,Scheduled
TSK-00567,2026-09-13,OP-012,MC-004,SITE-C,Trenching,Rain,Hard Soil,20.2,66.8,Medium,2026-09-13T07:00:00,2026-09-13T09:22:00,High,Scheduled
TSK-00568,2026-09-13,OP-013,MC-004,SITE-A,Excavation,Rain,Muddy,15.0,49.8,High,2026-09-13T19:00:00,2026-09-13T21:11:00,Medium,Scheduled
TSK-00569,2026-09-13,OP-013,MC-007,SITE-A,Demolition,Dust Storm,Hard Soil,25.6,17.6,High,2026-09-13T21:31:00,2026-09-14T00:24:00,Medium,Scheduled
TSK-00570,2026-09-13,OP-014,MC-004,SITE-C,Grading,Clear,Hard Soil,24.1,89.0,Low,2026-09-13T07:00:00,2026-09-13T08:23:00,Medium,Scheduled
TSK-00571,2026-09-13,OP-015,MC-009,SITE-B,Grading,Clear,Muddy,23.7,69.4,Low,2026-09-13T19:00:00,2026-09-13T20:36:00,High,Scheduled
TSK-00572,2026-09-14,OP-001,MC-006,SITE-C,Grading,Clear,Muddy,18.1,78.1,Medium,2026-09-14T19:00:00,2026-09-14T20:28:00,High,Scheduled
TSK-00573,2026-09-14,OP-001,MC-006,SITE-B,Grading,Clear,Hard Soil,15.4,75.5,Low,2026-09-14T20:58:00,2026-09-14T22:16:00,Low,Scheduled
TSK-00574,2026-09-14,OP-001,MC-006,SITE-A,Material Loading,Rain,Muddy,12.1,54.2,Medium,2026-09-14T22:46:00,2026-09-14T23:44:00,Medium,Scheduled
TSK-00575,2026-09-14,OP-002,MC-005,SITE-C,Demolition,Rain,Muddy,21.5,60.4,Low,2026-09-14T07:00:00,2026-09-14T10:00:00,Low,Scheduled
TSK-00576,2026-09-14,OP-003,MC-009,SITE-C,Excavation,Clear,Soft Soil,24.5,63.6,Medium,2026-09-14T19:00:00,2026-09-14T20:17:00,Medium,Scheduled
TSK-00577,2026-09-14,OP-004,MC-010,SITE-C,Material Loading,Rain,Soft Soil,17.7,78.2,Low,2026-09-14T07:00:00,2026-09-14T07:55:00,Medium,Scheduled
TSK-00578,2026-09-14,OP-005,MC-002,SITE-B,Demolition,Clear,Rocky,9.4,73.3,Medium,2026-09-14T19:00:00,2026-09-14T21:18:00,Medium,Scheduled
TSK-00579,2026-09-14,OP-006,MC-004,SITE-C,Grading,Clear,Rocky,22.0,87.1,Medium,2026-09-14T07:00:00,2026-09-14T08:34:00,Low,Scheduled
TSK-00580,2026-09-14,OP-007,MC-003,SITE-A,Material Loading,Clear,Rocky,26.4,73.7,High,2026-09-14T19:00:00,2026-09-14T20:20:00,Medium,Scheduled
TSK-00581,2026-09-14,OP-007,MC-003,SITE-B,Material Loading,High Wind,Soft Soil,15.1,58.1,Medium,2026-09-14T20:30:00,2026-09-14T21:28:00,Medium,Scheduled
TSK-00582,2026-09-14,OP-007,MC-010,SITE-A,Material Loading,Clear,Rocky,21.9,74.8,Medium,2026-09-14T21:38:00,2026-09-14T22:35:00,Medium,Scheduled
TSK-00583,2026-09-14,OP-008,MC-006,SITE-B,Excavation,High Wind,Rocky,29.3,79.2,Medium,2026-09-14T07:00:00,2026-09-14T09:25:00,Low,Scheduled
TSK-00584,2026-09-14,OP-008,MC-006,SITE-C,Trenching,Clear,Rocky,32.7,98.4,Medium,2026-09-14T09:55:00,2026-09-14T11:55:00,High,Scheduled
TSK-00585,2026-09-14,OP-009,MC-002,SITE-B,Trenching,Clear,Hard Soil,15.8,81.7,High,2026-09-14T19:00:00,2026-09-14T21:01:00,High,Scheduled
TSK-00586,2026-09-14,OP-009,MC-003,SITE-B,Grading,Clear,Hard Soil,19.0,73.7,Medium,2026-09-14T21:21:00,2026-09-14T22:44:00,Low,Scheduled
TSK-00587,2026-09-14,OP-009,MC-005,SITE-B,Grading,Clear,Soft Soil,24.8,70.4,Medium,2026-09-14T22:59:00,2026-09-15T00:11:00,Medium,Scheduled
TSK-00588,2026-09-14,OP-010,MC-004,SITE-C,Grading,Clear,Rocky,18.2,93.9,Medium,2026-09-14T07:00:00,2026-09-14T08:48:00,Low,Scheduled
TSK-00589,2026-09-14,OP-010,MC-006,SITE-B,Demolition,Clear,Rocky,29.2,83.0,Medium,2026-09-14T08:58:00,2026-09-14T11:43:00,High,Scheduled
TSK-00590,2026-09-14,OP-010,MC-006,SITE-B,Material Loading,Clear,Soft Soil,33.1,95.2,Low,2026-09-14T11:58:00,2026-09-14T12:44:00,Low,Scheduled
TSK-00591,2026-09-14,OP-011,MC-002,SITE-C,Trenching,Clear,Muddy,18.8,82.1,Low,2026-09-14T19:00:00,2026-09-14T21:47:00,Low,Scheduled
TSK-00592,2026-09-14,OP-011,MC-003,SITE-C,Grading,High Wind,Hard Soil,13.9,39.2,Medium,2026-09-14T22:02:00,2026-09-14T23:26:00,Medium,Scheduled
TSK-00593,2026-09-14,OP-011,MC-007,SITE-D,Grading,Rain,Muddy,10.6,52.2,Medium,2026-09-14T23:36:00,2026-09-15T01:19:00,High,Scheduled
TSK-00594,2026-09-14,OP-012,MC-010,SITE-D,Demolition,Rain,Soft Soil,10.3,54.4,Low,2026-09-14T07:00:00,2026-09-14T09:07:00,Low,Scheduled
TSK-00595,2026-09-14,OP-012,MC-003,SITE-B,Excavation,Clear,Muddy,27.4,90.6,Medium,2026-09-14T09:37:00,2026-09-14T11:33:00,Low,Scheduled
TSK-00596,2026-09-14,OP-013,MC-005,SITE-D,Material Loading,Clear,Rocky,13.3,67.2,Medium,2026-09-14T19:00:00,2026-09-14T20:06:00,High,Scheduled
TSK-00597,2026-09-14,OP-013,MC-005,SITE-B,Excavation,Clear,Muddy,19.7,68.2,Medium,2026-09-14T20:36:00,2026-09-14T22:33:00,High,Scheduled
TSK-00598,2026-09-14,OP-014,MC-003,SITE-D,Excavation,Clear,Muddy,23.8,90.3,Low,2026-09-14T07:00:00,2026-09-14T08:49:00,Medium,Scheduled
TSK-00599,2026-09-14,OP-015,MC-010,SITE-C,Excavation,Clear,Hard Soil,14.9,91.6,Low,2026-09-14T19:00:00,2026-09-14T20:35:00,High,Scheduled
TSK-00600,2026-09-15,OP-001,MC-009,SITE-B,Excavation,Clear,Muddy,25.6,68.0,High,2026-09-15T19:00:00,2026-09-15T21:09:00,Low,Scheduled
TSK-00601,2026-09-15,OP-001,MC-009,SITE-B,Excavation,Dust Storm,Hard Soil,26.7,5.0,Medium,2026-09-15T21:29:00,2026-09-15T23:38:00,Medium,Scheduled
TSK-00602,2026-09-15,OP-001,MC-007,SITE-B,Grading,Clear,Hard Soil,25.1,84.9,Low,2026-09-15T23:58:00,2026-09-16T01:25:00,Medium,Scheduled
TSK-00603,2026-09-15,OP-002,MC-001,SITE-D,Trenching,Clear,Muddy,26.3,94.9,Medium,2026-09-15T07:00:00,2026-09-15T08:52:00,High,Scheduled
TSK-00604,2026-09-15,OP-003,MC-009,SITE-B,Demolition,Dust Storm,Rocky,25.7,23.6,Medium,2026-09-15T19:00:00,2026-09-15T22:51:00,High,Scheduled
TSK-00605,2026-09-15,OP-004,MC-008,SITE-A,Demolition,Clear,Soft Soil,23.6,96.6,High,2026-09-15T07:00:00,2026-09-15T08:57:00,Medium,Scheduled
TSK-00606,2026-09-15,OP-004,MC-006,SITE-A,Grading,Clear,Muddy,35.4,88.1,Medium,2026-09-15T09:17:00,2026-09-15T11:05:00,High,Scheduled
TSK-00607,2026-09-15,OP-005,MC-004,SITE-D,Excavation,Rain,Rocky,12.1,39.5,Low,2026-09-15T19:00:00,2026-09-15T21:20:00,Low,Scheduled
TSK-00608,2026-09-15,OP-006,MC-003,SITE-A,Excavation,Clear,Hard Soil,35.3,96.1,High,2026-09-15T07:00:00,2026-09-15T08:47:00,Medium,Scheduled
TSK-00609,2026-09-15,OP-006,MC-005,SITE-D,Demolition,Clear,Hard Soil,26.4,86.4,Low,2026-09-15T09:07:00,2026-09-15T11:14:00,Medium,Scheduled
TSK-00610,2026-09-15,OP-006,MC-007,SITE-C,Material Loading,Clear,Rocky,24.8,90.1,Low,2026-09-15T11:24:00,2026-09-15T12:32:00,Low,Scheduled
TSK-00611,2026-09-15,OP-007,MC-004,SITE-D,Demolition,Clear,Hard Soil,21.5,75.6,Low,2026-09-15T19:00:00,2026-09-15T21:13:00,Low,Scheduled
TSK-00612,2026-09-15,OP-007,MC-008,SITE-D,Grading,Rain,Soft Soil,12.1,49.2,High,2026-09-15T21:33:00,2026-09-15T22:53:00,High,Scheduled
TSK-00613,2026-09-15,OP-007,MC-007,SITE-B,Material Loading,Clear,Hard Soil,20.4,75.1,Low,2026-09-15T23:23:00,2026-09-16T00:16:00,Medium,Scheduled
TSK-00614,2026-09-15,OP-008,MC-006,SITE-A,Trenching,Rain,Rocky,24.1,62.7,High,2026-09-15T07:00:00,2026-09-15T09:56:00,Low,Scheduled
TSK-00615,2026-09-15,OP-009,MC-007,SITE-C,Trenching,Dust Storm,Muddy,30.6,24.3,Medium,2026-09-15T19:00:00,2026-09-15T21:35:00,High,Scheduled
TSK-00616,2026-09-15,OP-010,MC-002,SITE-D,Excavation,Rain,Muddy,27.2,72.2,High,2026-09-15T07:00:00,2026-09-15T08:54:00,High,Scheduled
TSK-00617,2026-09-15,OP-010,MC-010,SITE-C,Grading,Clear,Soft Soil,29.4,84.3,Medium,2026-09-15T09:14:00,2026-09-15T10:22:00,Medium,Scheduled
TSK-00618,2026-09-15,OP-011,MC-010,SITE-B,Material Loading,Clear,Soft Soil,21.7,82.2,High,2026-09-15T19:00:00,2026-09-15T19:53:00,High,Scheduled
TSK-00619,2026-09-15,OP-012,MC-006,SITE-C,Excavation,Rain,Rocky,18.7,69.4,Low,2026-09-15T07:00:00,2026-09-15T09:27:00,Medium,Scheduled
TSK-00620,2026-09-15,OP-013,MC-002,SITE-C,Grading,Clear,Rocky,28.2,65.5,Low,2026-09-15T19:00:00,2026-09-15T20:42:00,Low,Scheduled
TSK-00621,2026-09-15,OP-014,MC-008,SITE-D,Demolition,Clear,Muddy,12.5,92.8,Low,2026-09-15T07:00:00,2026-09-15T09:35:00,Medium,Scheduled
TSK-00622,2026-09-15,OP-015,MC-009,SITE-C,Demolition,Clear,Soft Soil,21.7,80.0,Medium,2026-09-15T19:00:00,2026-09-15T21:14:00,Medium,Scheduled
TSK-00623,2026-09-15,OP-015,MC-001,SITE-A,Demolition,Clear,Soft Soil,18.3,85.6,High,2026-09-15T21:29:00,2026-09-15T23:25:00,High,Scheduled
TSK-00624,2026-09-16,OP-001,MC-003,SITE-A,Grading,Clear,Rocky,22.1,71.5,Medium,2026-09-16T19:00:00,2026-09-16T20:34:00,Medium,Scheduled
TSK-00625,2026-09-16,OP-001,MC-009,SITE-A,Material Loading,Clear,Hard Soil,23.1,81.2,Low,2026-09-16T20:49:00,2026-09-16T21:34:00,Medium,Scheduled
TSK-00626,2026-09-16,OP-002,MC-010,SITE-B,Demolition,High Wind,Rocky,26.5,58.1,Low,2026-09-16T07:00:00,2026-09-16T10:07:00,Medium,Scheduled
TSK-00627,2026-09-16,OP-002,MC-005,SITE-C,Grading,Clear,Soft Soil,24.3,90.1,Low,2026-09-16T10:17:00,2026-09-16T11:21:00,Low,Scheduled
TSK-00628,2026-09-16,OP-003,MC-006,SITE-A,Grading,Clear,Muddy,11.2,65.0,High,2026-09-16T19:00:00,2026-09-16T20:36:00,Low,Scheduled
TSK-00629,2026-09-16,OP-003,MC-007,SITE-A,Demolition,High Wind,Muddy,28.4,57.8,Low,2026-09-16T21:06:00,2026-09-17T00:06:00,High,Scheduled
TSK-00630,2026-09-16,OP-003,MC-006,SITE-D,Grading,Clear,Hard Soil,9.9,80.1,High,2026-09-17T00:36:00,2026-09-17T02:02:00,High,Scheduled
TSK-00631,2026-09-16,OP-004,MC-005,SITE-C,Excavation,Clear,Soft Soil,23.1,86.5,Low,2026-09-16T07:00:00,2026-09-16T08:22:00,Medium,Scheduled
TSK-00632,2026-09-16,OP-004,MC-009,SITE-D,Material Loading,Dust Storm,Rocky,38.2,26.9,Medium,2026-09-16T08:42:00,2026-09-16T10:04:00,High,Scheduled
TSK-00633,2026-09-16,OP-005,MC-002,SITE-D,Material Loading,Dust Storm,Soft Soil,25.7,18.6,Medium,2026-09-16T19:00:00,2026-09-16T19:59:00,Medium,Scheduled
TSK-00634,2026-09-16,OP-006,MC-002,SITE-B,Trenching,Rain,Hard Soil,19.4,55.3,Medium,2026-09-16T07:00:00,2026-09-16T09:26:00,Low,Scheduled
TSK-00635,2026-09-16,OP-006,MC-006,SITE-D,Demolition,Rain,Muddy,21.4,81.8,High,2026-09-16T09:46:00,2026-09-16T12:41:00,Low,Scheduled
TSK-00636,2026-09-16,OP-006,MC-001,SITE-A,Excavation,Rain,Muddy,32.2,71.4,High,2026-09-16T12:56:00,2026-09-16T14:30:00,Medium,Scheduled
TSK-00637,2026-09-16,OP-007,MC-002,SITE-D,Excavation,Clear,Muddy,21.9,84.9,Medium,2026-09-16T19:00:00,2026-09-16T20:56:00,Low,Scheduled
TSK-00638,2026-09-16,OP-008,MC-001,SITE-B,Grading,Dust Storm,Soft Soil,32.8,37.2,Medium,2026-09-16T07:00:00,2026-09-16T08:28:00,High,Scheduled
TSK-00639,2026-09-16,OP-009,MC-005,SITE-D,Grading,Rain,Muddy,20.0,22.9,Low,2026-09-16T19:00:00,2026-09-16T20:37:00,High,Scheduled
TSK-00640,2026-09-16,OP-009,MC-003,SITE-C,Material Loading,High Wind,Muddy,22.8,67.3,High,2026-09-16T20:57:00,2026-09-16T22:00:00,Low,Scheduled
TSK-00641,2026-09-16,OP-010,MC-004,SITE-A,Excavation,Clear,Soft Soil,29.0,89.5,High,2026-09-16T07:00:00,2026-09-16T08:42:00,Low,Scheduled
TSK-00642,2026-09-16,OP-010,MC-004,SITE-C,Trenching,Dust Storm,Hard Soil,25.7,26.5,Medium,2026-09-16T09:02:00,2026-09-16T11:08:00,High,Scheduled
TSK-00643,2026-09-16,OP-011,MC-002,SITE-D,Demolition,Clear,Muddy,19.5,81.4,Low,2026-09-16T19:00:00,2026-09-16T21:33:00,Medium,Scheduled
TSK-00644,2026-09-16,OP-011,MC-008,SITE-C,Material Loading,Dust Storm,Hard Soil,36.3,36.3,High,2026-09-16T21:48:00,2026-09-16T22:50:00,Low,Scheduled
TSK-00645,2026-09-16,OP-012,MC-002,SITE-D,Excavation,Rain,Hard Soil,28.7,68.7,Low,2026-09-16T07:00:00,2026-09-16T08:53:00,Medium,Scheduled
TSK-00646,2026-09-16,OP-013,MC-007,SITE-B,Demolition,Clear,Muddy,22.9,73.4,High,2026-09-16T19:00:00,2026-09-16T21:50:00,High,Scheduled
TSK-00647,2026-09-16,OP-013,MC-001,SITE-A,Demolition,Clear,Hard Soil,22.0,79.8,Medium,2026-09-16T22:20:00,2026-09-17T00:18:00,Medium,Scheduled
TSK-00648,2026-09-16,OP-013,MC-007,SITE-C,Excavation,Clear,Muddy,14.7,84.4,Low,2026-09-17T00:38:00,2026-09-17T02:44:00,High,Scheduled
TSK-00649,2026-09-16,OP-014,MC-006,SITE-B,Demolition,Clear,Soft Soil,28.7,99.1,High,2026-09-16T07:00:00,2026-09-16T08:59:00,High,Scheduled
TSK-00650,2026-09-16,OP-015,MC-007,SITE-C,Trenching,Clear,Soft Soil,23.6,75.1,Low,2026-09-16T19:00:00,2026-09-16T20:42:00,Medium,Scheduled
TSK-00651,2026-09-17,OP-001,MC-010,SITE-C,Demolition,Clear,Rocky,16.5,82.1,Low,2026-09-17T19:00:00,2026-09-17T21:31:00,High,Scheduled
TSK-00652,2026-09-17,OP-001,MC-005,SITE-C,Material Loading,Dust Storm,Soft Soil,20.8,18.8,Low,2026-09-17T22:01:00,2026-09-17T22:48:00,Medium,Scheduled
TSK-00653,2026-09-17,OP-002,MC-003,SITE-B,Material Loading,Rain,Rocky,23.1,48.8,Low,2026-09-17T07:00:00,2026-09-17T07:59:00,High,Scheduled
TSK-00654,2026-09-17,OP-002,MC-007,SITE-B,Trenching,High Wind,Hard Soil,21.2,94.2,Medium,2026-09-17T08:09:00,2026-09-17T10:11:00,Medium,Scheduled
TSK-00655,2026-09-17,OP-003,MC-006,SITE-D,Material Loading,Clear,Soft Soil,22.6,80.4,High,2026-09-17T19:00:00,2026-09-17T19:46:00,Medium,Scheduled
TSK-00656,2026-09-17,OP-004,MC-009,SITE-D,Grading,Clear,Muddy,21.6,98.3,Low,2026-09-17T07:00:00,2026-09-17T08:38:00,Low,Scheduled
TSK-00657,2026-09-17,OP-004,MC-009,SITE-C,Excavation,Rain,Soft Soil,19.8,65.3,Low,2026-09-17T08:58:00,2026-09-17T10:43:00,Medium,Scheduled
TSK-00658,2026-09-17,OP-004,MC-003,SITE-C,Trenching,Clear,Hard Soil,24.7,100.0,Medium,2026-09-17T11:13:00,2026-09-17T12:56:00,Medium,Scheduled
TSK-00659,2026-09-17,OP-005,MC-005,SITE-B,Excavation,Clear,Muddy,24.2,69.8,Low,2026-09-17T19:00:00,2026-09-17T21:03:00,High,Scheduled
TSK-00660,2026-09-17,OP-005,MC-004,SITE-A,Trenching,Clear,Rocky,17.7,82.7,High,2026-09-17T21:33:00,2026-09-18T00:04:00,Low,Scheduled
TSK-00661,2026-09-17,OP-006,MC-002,SITE-D,Demolition,Clear,Hard Soil,23.8,92.8,High,2026-09-17T07:00:00,2026-09-17T09:18:00,High,Scheduled
TSK-00662,2026-09-17,OP-006,MC-005,SITE-B,Excavation,Clear,Soft Soil,33.8,91.3,High,2026-09-17T09:38:00,2026-09-17T11:06:00,Medium,Scheduled
TSK-00663,2026-09-17,OP-007,MC-006,SITE-A,Grading,Rain,Rocky,16.5,49.6,High,2026-09-17T19:00:00,2026-09-17T21:01:00,Low,Scheduled
TSK-00664,2026-09-17,OP-008,MC-006,SITE-B,Excavation,High Wind,Soft Soil,33.0,74.8,Low,2026-09-17T07:00:00,2026-09-17T08:37:00,Medium,Scheduled
TSK-00665,2026-09-17,OP-009,MC-010,SITE-A,Material Loading,Rain,Rocky,9.4,40.8,Medium,2026-09-17T19:00:00,2026-09-17T20:19:00,Medium,Scheduled
TSK-00666,2026-09-17,OP-010,MC-009,SITE-C,Material Loading,Clear,Soft Soil,28.7,92.5,Medium,2026-09-17T07:00:00,2026-09-17T07:44:00,Medium,Scheduled
TSK-00667,2026-09-17,OP-010,MC-010,SITE-C,Material Loading,High Wind,Rocky,19.5,94.6,Low,2026-09-17T08:14:00,2026-09-17T09:20:00,Medium,Scheduled
TSK-00668,2026-09-17,OP-010,MC-003,SITE-B,Trenching,Rain,Hard Soil,28.8,63.6,Low,2026-09-17T09:30:00,2026-09-17T11:20:00,Low,Scheduled
TSK-00669,2026-09-17,OP-011,MC-010,SITE-D,Excavation,Rain,Soft Soil,18.2,60.7,Low,2026-09-17T19:00:00,2026-09-17T20:37:00,Medium,Scheduled
TSK-00670,2026-09-17,OP-012,MC-005,SITE-A,Material Loading,High Wind,Muddy,19.9,77.5,Medium,2026-09-17T07:00:00,2026-09-17T08:08:00,Medium,Scheduled
TSK-00671,2026-09-17,OP-013,MC-009,SITE-D,Excavation,Clear,Muddy,19.5,67.0,Medium,2026-09-17T19:00:00,2026-09-17T20:43:00,Medium,Scheduled
TSK-00672,2026-09-17,OP-014,MC-002,SITE-C,Trenching,Clear,Rocky,32.6,92.5,Low,2026-09-17T07:00:00,2026-09-17T09:20:00,Medium,Scheduled
TSK-00673,2026-09-17,OP-015,MC-008,SITE-A,Grading,Dust Storm,Rocky,27.1,5.0,Medium,2026-09-17T19:00:00,2026-09-17T20:46:00,Medium,Scheduled
TSK-00674,2026-09-17,OP-015,MC-010,SITE-D,Trenching,Dust Storm,Rocky,25.6,30.1,Low,2026-09-17T20:56:00,2026-09-17T23:21:00,Low,Scheduled
TSK-00675,2026-09-18,OP-001,MC-006,SITE-B,Demolition,Clear,Soft Soil,24.5,71.1,Medium,2026-09-18T19:00:00,2026-09-18T21:10:00,Medium,Scheduled
TSK-00676,2026-09-18,OP-002,MC-009,SITE-A,Excavation,Clear,Rocky,24.2,92.0,Medium,2026-09-18T07:00:00,2026-09-18T09:00:00,High,Scheduled
TSK-00677,2026-09-18,OP-003,MC-006,SITE-B,Excavation,Rain,Hard Soil,15.4,33.7,Low,2026-09-18T19:00:00,2026-09-18T21:04:00,High,Scheduled
TSK-00678,2026-09-18,OP-003,MC-004,SITE-A,Excavation,Clear,Hard Soil,9.5,63.5,Medium,2026-09-18T21:19:00,2026-09-18T22:57:00,Low,Scheduled
TSK-00679,2026-09-18,OP-003,MC-003,SITE-D,Excavation,Rain,Soft Soil,24.4,69.6,Low,2026-09-18T23:07:00,2026-09-19T00:38:00,Medium,Scheduled
TSK-00680,2026-09-18,OP-004,MC-009,SITE-C,Material Loading,Clear,Hard Soil,34.3,94.0,Medium,2026-09-18T07:00:00,2026-09-18T07:47:00,Low,Scheduled
TSK-00681,2026-09-18,OP-004,MC-002,SITE-B,Material Loading,Clear,Soft Soil,31.2,93.5,Low,2026-09-18T08:02:00,2026-09-18T08:59:00,Low,Scheduled
TSK-00682,2026-09-18,OP-004,MC-009,SITE-C,Grading,Clear,Muddy,25.0,80.9,High,2026-09-18T09:29:00,2026-09-18T11:06:00,Low,Scheduled
TSK-00683,2026-09-18,OP-005,MC-002,SITE-D,Trenching,Rain,Soft Soil,21.1,82.9,Low,2026-09-18T19:00:00,2026-09-18T20:50:00,High,Scheduled
TSK-00684,2026-09-18,OP-006,MC-005,SITE-D,Grading,Rain,Muddy,17.7,62.9,Low,2026-09-18T07:00:00,2026-09-18T08:44:00,High,Scheduled
TSK-00685,2026-09-18,OP-006,MC-010,SITE-D,Demolition,Clear,Hard Soil,32.8,100.0,Medium,2026-09-18T09:04:00,2026-09-18T11:24:00,High,Scheduled
TSK-00686,2026-09-18,OP-007,MC-007,SITE-A,Material Loading,Rain,Rocky,14.8,35.3,Medium,2026-09-18T19:00:00,2026-09-18T20:15:00,Low,Scheduled
TSK-00687,2026-09-18,OP-007,MC-009,SITE-C,Trenching,Dust Storm,Hard Soil,31.7,18.1,Medium,2026-09-18T20:30:00,2026-09-18T23:10:00,Low,Scheduled
TSK-00688,2026-09-18,OP-007,MC-001,SITE-D,Excavation,Clear,Hard Soil,25.1,80.7,Low,2026-09-18T23:25:00,2026-09-19T01:01:00,Medium,Scheduled
TSK-00689,2026-09-18,OP-008,MC-008,SITE-A,Demolition,Clear,Soft Soil,17.8,83.7,Medium,2026-09-18T07:00:00,2026-09-18T08:59:00,Medium,Scheduled
TSK-00690,2026-09-18,OP-008,MC-001,SITE-A,Trenching,Clear,Hard Soil,24.3,82.2,High,2026-09-18T09:09:00,2026-09-18T10:59:00,Medium,Scheduled
TSK-00691,2026-09-18,OP-008,MC-001,SITE-B,Grading,Rain,Rocky,26.4,58.4,High,2026-09-18T11:19:00,2026-09-18T13:33:00,Low,Scheduled
TSK-00692,2026-09-18,OP-009,MC-001,SITE-B,Trenching,Rain,Hard Soil,17.7,47.9,High,2026-09-18T19:00:00,2026-09-18T21:13:00,Medium,Scheduled
TSK-00693,2026-09-18,OP-010,MC-010,SITE-B,Grading,High Wind,Muddy,27.9,80.6,Medium,2026-09-18T07:00:00,2026-09-18T08:35:00,Medium,Scheduled
TSK-00694,2026-09-18,OP-011,MC-009,SITE-C,Material Loading,High Wind,Hard Soil,12.6,67.0,Low,2026-09-18T19:00:00,2026-09-18T19:56:00,Medium,Scheduled
TSK-00695,2026-09-18,OP-012,MC-002,SITE-D,Grading,Clear,Rocky,20.8,90.1,High,2026-09-18T07:00:00,2026-09-18T08:44:00,High,Scheduled
TSK-00696,2026-09-18,OP-012,MC-002,SITE-B,Excavation,Clear,Hard Soil,20.8,90.4,Medium,2026-09-18T08:59:00,2026-09-18T10:58:00,Low,Scheduled
TSK-00697,2026-09-18,OP-012,MC-005,SITE-D,Excavation,Dust Storm,Rocky,26.2,30.9,High,2026-09-18T11:28:00,2026-09-18T13:48:00,Low,Scheduled
TSK-00698,2026-09-18,OP-013,MC-009,SITE-D,Demolition,Clear,Hard Soil,14.3,81.0,High,2026-09-18T19:00:00,2026-09-18T21:17:00,Medium,Scheduled
TSK-00699,2026-09-18,OP-013,MC-006,SITE-A,Trenching,Clear,Muddy,12.7,81.6,High,2026-09-18T21:47:00,2026-09-19T00:14:00,High,Scheduled
TSK-00700,2026-09-18,OP-014,MC-005,SITE-D,Material Loading,High Wind,Hard Soil,29.3,76.5,Low,2026-09-18T07:00:00,2026-09-18T07:58:00,Low,Scheduled
TSK-00701,2026-09-18,OP-015,MC-010,SITE-C,Demolition,Clear,Muddy,21.3,73.2,Medium,2026-09-18T19:00:00,2026-09-18T21:25:00,Low,Scheduled
TSK-00702,2026-09-18,OP-015,MC-001,SITE-D,Trenching,Clear,Rocky,16.9,79.0,High,2026-09-18T21:35:00,2026-09-18T23:34:00,High,Scheduled
TSK-00703,2026-09-18,OP-015,MC-004,SITE-C,Trenching,Clear,Rocky,22.1,82.9,Medium,2026-09-18T23:44:00,2026-09-19T02:31:00,Medium,Scheduled
TSK-00704,2026-09-19,OP-001,MC-009,SITE-C,Trenching,Dust Storm,Soft Soil,32.4,16.8,Low,2026-09-19T19:00:00,2026-09-19T20:50:00,High,Scheduled
TSK-00705,2026-09-19,OP-002,MC-004,SITE-B,Grading,Clear,Rocky,33.4,87.7,Medium,2026-09-19T07:00:00,2026-09-19T08:36:00,High,Scheduled
TSK-00706,2026-09-19,OP-003,MC-009,SITE-B,Demolition,Clear,Rocky,27.4,91.8,Medium,2026-09-19T19:00:00,2026-09-19T21:56:00,Medium,Scheduled
TSK-00707,2026-09-19,OP-004,MC-001,SITE-A,Trenching,Clear,Rocky,23.5,100.0,High,2026-09-19T07:00:00,2026-09-19T08:51:00,Low,Scheduled
TSK-00708,2026-09-19,OP-004,MC-008,SITE-D,Grading,Clear,Muddy,24.4,96.0,Low,2026-09-19T09:01:00,2026-09-19T10:35:00,Low,Scheduled
TSK-00709,2026-09-19,OP-004,MC-003,SITE-B,Trenching,Clear,Hard Soil,26.2,84.2,Low,2026-09-19T10:45:00,2026-09-19T12:21:00,High,Scheduled
TSK-00710,2026-09-19,OP-005,MC-008,SITE-C,Trenching,Clear,Hard Soil,24.3,83.1,Low,2026-09-19T19:00:00,2026-09-19T20:38:00,Low,Scheduled
TSK-00711,2026-09-19,OP-006,MC-009,SITE-A,Demolition,Dust Storm,Hard Soil,27.9,11.4,High,2026-09-19T07:00:00,2026-09-19T09:53:00,High,Scheduled
TSK-00712,2026-09-19,OP-007,MC-009,SITE-C,Trenching,Clear,Muddy,25.6,70.1,Low,2026-09-19T19:00:00,2026-09-19T21:00:00,Medium,Scheduled
TSK-00713,2026-09-19,OP-007,MC-007,SITE-B,Excavation,Clear,Rocky,18.5,73.2,Low,2026-09-19T21:15:00,2026-09-19T23:07:00,Low,Scheduled
TSK-00714,2026-09-19,OP-008,MC-008,SITE-B,Grading,High Wind,Hard Soil,32.3,80.0,Low,2026-09-19T07:00:00,2026-09-19T07:59:00,Medium,Scheduled
TSK-00715,2026-09-19,OP-008,MC-010,SITE-B,Grading,Clear,Rocky,38.0,90.8,Low,2026-09-19T08:09:00,2026-09-19T09:55:00,High,Scheduled
TSK-00716,2026-09-19,OP-009,MC-005,SITE-C,Demolition,Clear,Muddy,20.2,86.4,High,2026-09-19T19:00:00,2026-09-19T21:48:00,Medium,Scheduled
TSK-00717,2026-09-19,OP-009,MC-001,SITE-B,Grading,High Wind,Rocky,11.0,78.2,Low,2026-09-19T22:08:00,2026-09-19T23:53:00,Medium,Scheduled
TSK-00718,2026-09-19,OP-010,MC-002,SITE-D,Trenching,Clear,Soft Soil,24.0,96.1,High,2026-09-19T07:00:00,2026-09-19T08:28:00,High,Scheduled
TSK-00719,2026-09-19,OP-011,MC-009,SITE-C,Trenching,Clear,Hard Soil,29.2,67.9,Low,2026-09-19T19:00:00,2026-09-19T20:59:00,High,Scheduled
TSK-00720,2026-09-19,OP-012,MC-003,SITE-C,Demolition,Clear,Soft Soil,25.1,88.8,Medium,2026-09-19T07:00:00,2026-09-19T09:02:00,High,Scheduled
TSK-00721,2026-09-19,OP-013,MC-006,SITE-B,Material Loading,Clear,Soft Soil,13.9,72.3,Medium,2026-09-19T19:00:00,2026-09-19T19:51:00,Medium,Scheduled
TSK-00722,2026-09-19,OP-013,MC-007,SITE-C,Demolition,Clear,Muddy,18.4,73.3,Low,2026-09-19T20:21:00,2026-09-19T22:45:00,Medium,Scheduled
TSK-00723,2026-09-19,OP-013,MC-009,SITE-C,Trenching,Clear,Muddy,26.8,80.7,Low,2026-09-19T23:15:00,2026-09-20T01:40:00,High,Scheduled
TSK-00724,2026-09-19,OP-014,MC-007,SITE-A,Excavation,High Wind,Muddy,14.9,69.9,Low,2026-09-19T07:00:00,2026-09-19T09:00:00,Medium,Scheduled
TSK-00725,2026-09-19,OP-014,MC-005,SITE-B,Grading,Clear,Hard Soil,37.1,89.6,Low,2026-09-19T09:20:00,2026-09-19T10:49:00,Medium,Scheduled
TSK-00726,2026-09-19,OP-015,MC-002,SITE-A,Demolition,Dust Storm,Rocky,37.2,28.1,Medium,2026-09-19T19:00:00,2026-09-19T22:03:00,Low,Scheduled
TSK-00727,2026-09-19,OP-015,MC-009,SITE-C,Excavation,Clear,Muddy,22.0,66.3,Medium,2026-09-19T22:33:00,2026-09-20T00:22:00,High,Scheduled
TSK-00728,2026-09-19,OP-015,MC-008,SITE-B,Trenching,Clear,Rocky,26.5,79.2,High,2026-09-20T00:42:00,2026-09-20T02:53:00,Medium,Scheduled
TSK-00729,2026-09-20,OP-001,MC-006,SITE-C,Excavation,Rain,Muddy,18.2,50.9,Low,2026-09-20T19:00:00,2026-09-20T21:18:00,Low,Scheduled
TSK-00730,2026-09-20,OP-001,MC-010,SITE-B,Material Loading,Clear,Hard Soil,24.2,71.4,Low,2026-09-20T21:28:00,2026-09-20T22:17:00,Medium,Scheduled
TSK-00731,2026-09-20,OP-001,MC-002,SITE-A,Demolition,Clear,Soft Soil,18.6,61.7,Medium,2026-09-20T22:37:00,2026-09-21T00:46:00,Low,Scheduled
TSK-00732,2026-09-20,OP-002,MC-003,SITE-C,Material Loading,Dust Storm,Rocky,19.1,64.9,Medium,2026-09-20T07:00:00,2026-09-20T08:14:00,Low,Scheduled
TSK-00733,2026-09-20,OP-002,MC-004,SITE-C,Grading,Dust Storm,Soft Soil,27.1,5.6,Low,2026-09-20T08:34:00,2026-09-20T09:52:00,Medium,Scheduled
TSK-00734,2026-09-20,OP-003,MC-006,SITE-C,Excavation,High Wind,Hard Soil,22.0,43.1,Low,2026-09-20T19:00:00,2026-09-20T20:50:00,High,Scheduled
TSK-00735,2026-09-20,OP-003,MC-001,SITE-A,Excavation,Clear,Soft Soil,22.7,80.3,High,2026-09-20T21:05:00,2026-09-20T22:14:00,Medium,Scheduled
TSK-00736,2026-09-20,OP-003,MC-003,SITE-B,Grading,Dust Storm,Rocky,28.0,20.4,Medium,2026-09-20T22:24:00,2026-09-21T00:25:00,Low,Scheduled
TSK-00737,2026-09-20,OP-004,MC-006,SITE-B,Grading,Clear,Hard Soil,29.6,88.0,High,2026-09-20T07:00:00,2026-09-20T08:19:00,High,Scheduled
TSK-00738,2026-09-20,OP-005,MC-006,SITE-A,Trenching,Clear,Muddy,24.6,72.7,Low,2026-09-20T19:00:00,2026-09-20T21:23:00,High,Scheduled
TSK-00739,2026-09-20,OP-006,MC-009,SITE-D,Excavation,Clear,Rocky,21.5,91.5,Low,2026-09-20T07:00:00,2026-09-20T08:51:00,Low,Scheduled
TSK-00740,2026-09-20,OP-007,MC-005,SITE-B,Grading,Clear,Hard Soil,29.1,71.4,Medium,2026-09-20T19:00:00,2026-09-20T20:31:00,Medium,Scheduled
TSK-00741,2026-09-20,OP-008,MC-006,SITE-C,Demolition,Clear,Hard Soil,26.3,93.4,Medium,2026-09-20T07:00:00,2026-09-20T09:08:00,High,Scheduled
TSK-00742,2026-09-20,OP-008,MC-004,SITE-A,Material Loading,Clear,Hard Soil,33.0,90.6,Medium,2026-09-20T09:18:00,2026-09-20T10:07:00,High,Scheduled
TSK-00743,2026-09-20,OP-009,MC-009,SITE-B,Material Loading,High Wind,Muddy,14.7,60.0,Medium,2026-09-20T19:00:00,2026-09-20T20:09:00,Low,Scheduled
TSK-00744,2026-09-20,OP-010,MC-008,SITE-D,Trenching,Clear,Hard Soil,20.6,89.1,Low,2026-09-20T07:00:00,2026-09-20T08:55:00,Low,Scheduled
TSK-00745,2026-09-20,OP-010,MC-008,SITE-D,Trenching,Clear,Hard Soil,33.9,100.0,High,2026-09-20T09:15:00,2026-09-20T10:53:00,High,Scheduled
TSK-00746,2026-09-20,OP-011,MC-010,SITE-A,Trenching,Clear,Soft Soil,23.1,69.7,Medium,2026-09-20T19:00:00,2026-09-20T20:41:00,Low,Scheduled
TSK-00747,2026-09-20,OP-012,MC-004,SITE-C,Grading,High Wind,Muddy,18.7,73.3,Medium,2026-09-20T07:00:00,2026-09-20T08:28:00,High,Scheduled
TSK-00748,2026-09-20,OP-012,MC-002,SITE-C,Excavation,Clear,Muddy,28.2,100.0,Low,2026-09-20T08:58:00,2026-09-20T10:58:00,Low,Scheduled
TSK-00749,2026-09-20,OP-012,MC-003,SITE-B,Grading,Clear,Soft Soil,31.8,80.4,Low,2026-09-20T11:08:00,2026-09-20T12:03:00,Medium,Scheduled
TSK-00750,2026-09-20,OP-013,MC-009,SITE-D,Trenching,Clear,Muddy,22.8,79.7,Low,2026-09-20T19:00:00,2026-09-20T21:00:00,Medium,Scheduled
TSK-00751,2026-09-20,OP-014,MC-008,SITE-D,Trenching,Rain,Muddy,21.1,69.6,Medium,2026-09-20T07:00:00,2026-09-20T09:40:00,Medium,Scheduled
TSK-00752,2026-09-20,OP-014,MC-010,SITE-A,Trenching,Clear,Muddy,25.3,81.7,Medium,2026-09-20T09:55:00,2026-09-20T12:20:00,Low,Scheduled
TSK-00753,2026-09-20,OP-015,MC-001,SITE-A,Excavation,Dust Storm,Muddy,26.8,19.3,High,2026-09-20T19:00:00,2026-09-20T21:05:00,Medium,Scheduled
TSK-00754,2026-09-21,OP-001,MC-003,SITE-A,Trenching,Rain,Muddy,16.1,66.7,Medium,2026-09-21T19:00:00,2026-09-21T21:22:00,Medium,Scheduled
TSK-00755,2026-09-21,OP-002,MC-003,SITE-A,Trenching,High Wind,Soft Soil,25.9,69.4,Medium,2026-09-21T07:00:00,2026-09-21T08:53:00,Medium,Scheduled
TSK-00756,2026-09-21,OP-003,MC-006,SITE-A,Grading,Clear,Rocky,28.4,70.8,Medium,2026-09-21T19:00:00,2026-09-21T20:45:00,Low,Scheduled
TSK-00757,2026-09-21,OP-003,MC-006,SITE-D,Trenching,Rain,Muddy,14.7,35.2,Medium,2026-09-21T21:00:00,2026-09-21T23:06:00,Medium,Scheduled
TSK-00758,2026-09-21,OP-003,MC-003,SITE-D,Material Loading,Rain,Rocky,9.5,37.2,Medium,2026-09-21T23:21:00,2026-09-22T00:42:00,Medium,Scheduled
TSK-00759,2026-09-21,OP-004,MC-007,SITE-A,Trenching,Rain,Rocky,23.8,60.7,Low,2026-09-21T07:00:00,2026-09-21T09:33:00,Medium,Scheduled
TSK-00760,2026-09-21,OP-004,MC-001,SITE-D,Grading,Clear,Hard Soil,21.6,96.1,Low,2026-09-21T09:53:00,2026-09-21T11:19:00,High,Scheduled
TSK-00761,2026-09-21,OP-005,MC-010,SITE-A,Material Loading,Dust Storm,Soft Soil,19.1,5.0,Medium,2026-09-21T19:00:00,2026-09-21T19:59:00,Medium,Scheduled
TSK-00762,2026-09-21,OP-006,MC-008,SITE-C,Demolition,Clear,Muddy,25.3,95.3,Low,2026-09-21T07:00:00,2026-09-21T09:38:00,Medium,Scheduled
TSK-00763,2026-09-21,OP-006,MC-005,SITE-D,Trenching,Clear,Soft Soil,16.5,89.8,Low,2026-09-21T09:58:00,2026-09-21T11:32:00,Medium,Scheduled
TSK-00764,2026-09-21,OP-006,MC-005,SITE-D,Grading,Clear,Rocky,23.9,100.0,Medium,2026-09-21T11:47:00,2026-09-21T13:27:00,Medium,Scheduled
TSK-00765,2026-09-21,OP-007,MC-004,SITE-D,Demolition,Rain,Soft Soil,13.3,54.4,Low,2026-09-21T19:00:00,2026-09-21T20:52:00,Medium,Scheduled
TSK-00766,2026-09-21,OP-008,MC-008,SITE-A,Demolition,Rain,Soft Soil,25.3,67.2,Medium,2026-09-21T07:00:00,2026-09-21T09:01:00,High,Scheduled
TSK-00767,2026-09-21,OP-009,MC-001,SITE-D,Material Loading,Clear,Soft Soil,11.4,73.6,Medium,2026-09-21T19:00:00,2026-09-21T19:47:00,Low,Scheduled
TSK-00768,2026-09-21,OP-009,MC-008,SITE-D,Demolition,Clear,Muddy,15.2,71.8,Low,2026-09-21T20:07:00,2026-09-21T22:59:00,Low,Scheduled
TSK-00769,2026-09-21,OP-009,MC-003,SITE-D,Material Loading,Clear,Muddy,8.2,68.0,High,2026-09-21T23:09:00,2026-09-22T00:17:00,Low,Scheduled
TSK-00770,2026-09-21,OP-010,MC-004,SITE-C,Grading,Clear,Hard Soil,25.0,88.1,Medium,2026-09-21T07:00:00,2026-09-21T08:15:00,Medium,Scheduled
TSK-00771,2026-09-21,OP-011,MC-003,SITE-C,Grading,Dust Storm,Soft Soil,28.3,22.1,Medium,2026-09-21T19:00:00,2026-09-21T20:20:00,Medium,Scheduled
TSK-00772,2026-09-21,OP-011,MC-008,SITE-B,Grading,Clear,Soft Soil,17.8,83.2,Low,2026-09-21T20:40:00,2026-09-21T21:40:00,Medium,Scheduled
TSK-00773,2026-09-21,OP-011,MC-006,SITE-D,Grading,Clear,Soft Soil,27.4,68.8,Low,2026-09-21T21:55:00,2026-09-21T23:08:00,Medium,Scheduled
TSK-00774,2026-09-21,OP-012,MC-002,SITE-A,Excavation,High Wind,Muddy,26.6,95.9,Low,2026-09-21T07:00:00,2026-09-21T08:33:00,Medium,Scheduled
TSK-00775,2026-09-21,OP-013,MC-008,SITE-A,Material Loading,High Wind,Muddy,18.1,23.4,High,2026-09-21T19:00:00,2026-09-21T20:08:00,Low,Scheduled
TSK-00776,2026-09-21,OP-013,MC-008,SITE-B,Demolition,Clear,Soft Soil,25.5,77.4,Medium,2026-09-21T20:18:00,2026-09-21T22:24:00,High,Scheduled
TSK-00777,2026-09-21,OP-014,MC-003,SITE-C,Grading,Clear,Muddy,28.9,76.6,High,2026-09-21T07:00:00,2026-09-21T08:24:00,Low,Scheduled
TSK-00778,2026-09-21,OP-015,MC-003,SITE-B,Trenching,Clear,Rocky,17.2,80.4,Medium,2026-09-21T19:00:00,2026-09-21T20:58:00,Low,Scheduled
TSK-00779,2026-09-22,OP-001,MC-001,SITE-D,Material Loading,Clear,Hard Soil,30.3,73.2,High,2026-09-22T19:00:00,2026-09-22T19:55:00,Medium,Scheduled
TSK-00780,2026-09-22,OP-001,MC-005,SITE-A,Excavation,Rain,Soft Soil,22.0,65.5,High,2026-09-22T20:10:00,2026-09-22T21:42:00,High,Scheduled
TSK-00781,2026-09-22,OP-002,MC-004,SITE-A,Trenching,Clear,Hard Soil,34.2,92.0,Medium,2026-09-22T07:00:00,2026-09-22T09:15:00,Medium,Scheduled
TSK-00782,2026-09-22,OP-002,MC-006,SITE-C,Material Loading,Clear,Hard Soil,30.2,100.0,Low,2026-09-22T09:45:00,2026-09-22T10:41:00,Medium,Scheduled
TSK-00783,2026-09-22,OP-003,MC-005,SITE-D,Excavation,Rain,Rocky,15.2,56.0,High,2026-09-22T19:00:00,2026-09-22T21:12:00,Medium,Scheduled
TSK-00784,2026-09-22,OP-003,MC-002,SITE-D,Grading,Dust Storm,Soft Soil,32.6,25.0,Medium,2026-09-22T21:42:00,2026-09-22T23:36:00,High,Scheduled
TSK-00785,2026-09-22,OP-004,MC-006,SITE-D,Grading,Rain,Soft Soil,19.9,74.3,Medium,2026-09-22T07:00:00,2026-09-22T08:27:00,Low,Scheduled
TSK-00786,2026-09-22,OP-004,MC-005,SITE-D,Material Loading,Clear,Rocky,31.1,93.4,Medium,2026-09-22T08:42:00,2026-09-22T10:02:00,Low,Scheduled
TSK-00787,2026-09-22,OP-005,MC-004,SITE-B,Material Loading,Dust Storm,Muddy,22.7,41.1,Medium,2026-09-22T19:00:00,2026-09-22T20:19:00,Medium,Scheduled
TSK-00788,2026-09-22,OP-006,MC-010,SITE-B,Grading,Clear,Rocky,28.7,84.1,Medium,2026-09-22T07:00:00,2026-09-22T08:41:00,High,Scheduled
TSK-00789,2026-09-22,OP-006,MC-009,SITE-B,Demolition,Clear,Soft Soil,30.2,95.3,Medium,2026-09-22T09:11:00,2026-09-22T11:05:00,Low,Scheduled
TSK-00790,2026-09-22,OP-007,MC-004,SITE-B,Excavation,Clear,Hard Soil,18.1,68.3,Medium,2026-09-22T19:00:00,2026-09-22T20:25:00,Medium,Scheduled
TSK-00791,2026-09-22,OP-007,MC-007,SITE-B,Excavation,High Wind,Soft Soil,19.5,42.5,Medium,2026-09-22T20:55:00,2026-09-22T22:26:00,High,Scheduled
TSK-00792,2026-09-22,OP-007,MC-003,SITE-D,Grading,Clear,Hard Soil,30.9,64.8,High,2026-09-22T22:56:00,2026-09-23T00:15:00,Low,Scheduled
TSK-00793,2026-09-22,OP-008,MC-009,SITE-B,Grading,Rain,Rocky,25.8,66.6,Medium,2026-09-22T07:00:00,2026-09-22T09:02:00,Low,Scheduled
TSK-00794,2026-09-22,OP-008,MC-006,SITE-A,Grading,Clear,Rocky,27.1,93.0,High,2026-09-22T09:32:00,2026-09-22T11:31:00,Medium,Scheduled
TSK-00795,2026-09-22,OP-008,MC-002,SITE-D,Grading,Clear,Muddy,29.0,90.8,High,2026-09-22T11:46:00,2026-09-22T13:26:00,High,Scheduled
TSK-00796,2026-09-22,OP-009,MC-003,SITE-D,Excavation,Rain,Rocky,12.4,50.0,Low,2026-09-22T19:00:00,2026-09-22T21:32:00,Medium,Scheduled
TSK-00797,2026-09-22,OP-010,MC-005,SITE-A,Material Loading,Clear,Muddy,22.9,86.5,High,2026-09-22T07:00:00,2026-09-22T08:05:00,Low,Scheduled
TSK-00798,2026-09-22,OP-010,MC-002,SITE-A,Grading,Clear,Rocky,28.0,94.4,High,2026-09-22T08:25:00,2026-09-22T09:47:00,Medium,Scheduled
TSK-00799,2026-09-22,OP-011,MC-007,SITE-A,Grading,Clear,Muddy,27.1,80.9,Medium,2026-09-22T19:00:00,2026-09-22T20:21:00,Medium,Scheduled
TSK-00800,2026-09-22,OP-012,MC-007,SITE-D,Demolition,Clear,Rocky,30.8,88.4,High,2026-09-22T07:00:00,2026-09-22T10:19:00,High,Scheduled
TSK-00801,2026-09-22,OP-012,MC-007,SITE-C,Material Loading,Clear,Hard Soil,26.4,82.7,Medium,2026-09-22T10:39:00,2026-09-22T11:40:00,Low,Scheduled
TSK-00802,2026-09-22,OP-013,MC-010,SITE-A,Grading,Clear,Soft Soil,19.7,75.9,Medium,2026-09-22T19:00:00,2026-09-22T20:11:00,Medium,Scheduled
TSK-00803,2026-09-22,OP-013,MC-009,SITE-A,Excavation,High Wind,Muddy,18.1,67.8,Medium,2026-09-22T20:41:00,2026-09-22T22:46:00,High,Scheduled
TSK-00804,2026-09-22,OP-013,MC-001,SITE-B,Grading,Clear,Soft Soil,21.6,65.4,High,2026-09-22T23:16:00,2026-09-23T00:19:00,Medium,Scheduled
TSK-00805,2026-09-22,OP-014,MC-005,SITE-A,Trenching,Clear,Hard Soil,23.2,94.7,High,2026-09-22T07:00:00,2026-09-22T09:07:00,Medium,Scheduled
TSK-00806,2026-09-22,OP-015,MC-003,SITE-C,Trenching,Clear,Soft Soil,18.1,79.0,Low,2026-09-22T19:00:00,2026-09-22T20:49:00,Low,Scheduled
